{
    "LSTM": {
        "rmse": 1903.8808392333801,
        "mae": 1482.548828125,
        "r2": 0.8853092789649963
    }
}