{
    "LSTM": {
        "rmse": 983.1204783748531,
        "mae": 697.1593627929688,
        "r2": 0.9700745344161987
    }
}