{
    "LSTM": {
        "rmse": 996.0798160790129,
        "mae": 719.9281616210938,
        "r2": 0.9393220543861389
    }
}