{
    "LSTM": {
        "rmse": 2526.5069760441984,
        "mae": 2154.7158203125,
        "r2": 0.6546568870544434
    }
}