{
    "LSTM": {
        "rmse": 2629.3784436630644,
        "mae": 2049.65966796875,
        "r2": 0.8958566784858704
    }
}