{
    "LSTM": {
        "rmse": 2375.7485136268106,
        "mae": 2007.05712890625,
        "r2": 0.6847773790359497
    }
}