{
    "LSTM": {
        "rmse": 1712.096083752311,
        "mae": 1242.9896240234375,
        "r2": 0.8958680033683777
    }
}