Date,Close,High,Low,Open,Volume
2020-12-21,16511.970703125,16796.252666842152,16346.141488047351,16417.210048552617,16439247
2020-12-22,16488.28125,16772.56322596752,16464.59108533604,16630.42223798376,13416297
2020-12-23,16346.142578125,16583.042299930104,16298.76224767915,16583.042299930104,11992291
2020-12-24,16085.55078125,16488.28166013077,15256.398858235232,16346.142599035542,17330516
2020-12-25,16440.900390625,16440.900390625,15777.579662267492,16156.620354246646,16702882
2020-12-28,16251.3818359375,16677.80287739288,16204.001505728664,16583.04221697521,13713018
2020-12-29,16180.3115234375,16369.832846414152,16156.621358065418,16251.382019553745,10450756
2020-12-30,16275.072265625,16559.3523210754,16180.311603666809,16275.072265625,11767331
2020-12-31,16369.8330078125,16464.591739810934,16275.07234538988,16322.45267660119,9769345
2021-01-04,16819.94140625,17056.843049810414,16535.66136440159,16583.04169311367,29485396
2021-01-05,16772.5625,17033.152369600328,16677.80184544569,16772.5625,19223447
2021-01-06,17933.375,17933.375,16914.70180888297,17056.84279287811,33355868
2021-01-07,18407.177734375,18786.2184564541,18193.966242341896,18241.346573904808,23452722
2021-01-08,18336.107421875,18715.14814777517,18241.3467577939,18715.14814777517,17481379
2021-01-11,18336.107421875,18762.528479815715,18288.72708983445,18430.86808595609,22958535
2021-01-12,18241.345703125,18430.867020329548,18051.826316344563,18336.106361727278,19096198
2021-01-13,18312.416015625,18691.456715854198,18241.34552237751,18312.416015625,19101830
2021-01-14,18549.318359375,18644.07709018808,18241.346210353968,18478.247863447068,17263595
2021-01-15,18715.146484375,18999.42845135134,18620.38582871622,18715.146484375,23617938
2021-01-18,18288.7265625,18880.978765505723,18288.7265625,18762.527938819745,15207367
2021-01-19,17009.462890625,18288.72598732889,17009.462890625,18241.345658144583,33157484
2021-01-20,16891.01171875,17246.364180291832,16014.48047300697,17056.842867469524,25084229
2021-01-21,17530.64453125,17530.64453125,16819.941525935694,17104.223500231055,17040803
2021-01-22,17814.92578125,18146.586176624984,17388.504721360958,17506.955552003532,23762710
2021-01-25,17435.884765625,17791.235321259082,17293.743771201687,17672.786422997186,14828747
2021-01-26,16346.142578125,17317.43356099249,16346.142578125,17293.743395769565,17451757
2021-01-27,15445.9189453125,16654.112526067856,15398.539580845516,16204.001324541045,19909969
2021-01-28,14379.8662109375,15114.258418040918,14379.8662109375,14569.386562561467,28006171
2021-01-29,14450.9365234375,15351.15890626544,13645.474797838622,13645.474797838622,32572554
2021-02-01,15161.638671875,15445.918715291647,14924.737992219762,15066.878013928084,25774506
2021-02-02,16061.8603515625,16109.240681288917,15019.497923641657,15066.878253368071,16503852
2021-02-03,16535.662109375,16701.493267338403,16109.241062178997,16346.142716412429,21108410
2021-02-04,16440.900390625,16606.7315379264,16227.690845947249,16488.280718425398,19709498
2021-02-05,16962.08203125,16962.08203125,16464.59052078921,16559.351176195843,18025424
2021-02-08,16132.9306640625,17104.22355164297,16061.860170275037,17056.843222451324,26796049
2021-02-09,16772.5625,16796.252663638577,16109.239848543852,16322.45132129105,17203516
2021-02-17,17435.884765625,17435.884765625,16985.773547042045,17246.36537015145,21720042
2021-02-18,17435.884765625,17554.33559431109,17198.985038677012,17388.504434150564,22290162
2021-02-19,17530.64453125,17767.544246072037,17104.223500231055,17198.98415832951,25669577
2021-02-22,17530.64453125,18028.136055842784,17435.883873151546,17530.64453125,23676556
2021-02-23,17554.3359375,17814.925835279766,17530.645771299638,17578.026103700362,17819737
2021-02-24,17767.544921875,18075.517072408944,17554.33536346798,17743.854756449313,29900730
2021-02-25,17672.78515625,17957.065194295847,17554.334336054206,17909.68486621753,17919869
2021-02-26,17649.095703125,17696.474102687684,17293.74322822385,17412.1940531909,18870485
2021-03-01,18051.826171875,18099.20650079695,17814.92452726525,17909.685185109152,29282004
2021-03-02,18004.4453125,18288.72534723205,18004.4453125,18241.34501970604,15352138
2021-03-03,18288.7265625,18383.48722384878,18146.58557047683,18193.96590115122,27440642
2021-03-04,18146.5859375,18478.24825892876,17767.545214862763,18478.24825892876,21963693
2021-03-05,18004.4453125,18217.65485594303,17767.54367486993,18051.82564002601,21186845
2021-03-08,17957.06640625,18288.72679475851,17791.235246783654,18193.96613220631,15864267
2021-03-09,17625.40625,17957.066642878955,17578.025918099545,17957.066642878955,21271331
2021-03-10,17791.234375,17909.685197386072,17554.33466065195,17649.09531856081,15621449
2021-03-11,18099.20703125,18217.65592660229,17909.685710007696,17980.75620547356,15998610
2021-03-12,17980.755859375,18241.34574064311,17980.755859375,18170.275246545232,14999804
2021-03-15,18004.4453125,18099.20596755203,17885.994493684964,18004.4453125,14273021
2021-03-16,17862.3046875,18099.206329872508,17838.61452326275,18075.516165635257,15043821
2021-03-17,18738.837890625,18762.528056110288,17814.925297547034,17885.9957940029,49750205
2021-03-18,19188.94921875,19639.060435228123,19046.80822499137,19520.609607095936,33662729
2021-03-19,19165.2578125,19378.469289336128,19094.18732022129,19117.877484314195,17913402
2021-03-22,19473.228515625,19781.20065674572,19188.948469629988,19402.159951944333,43227516
2021-03-23,19188.94921875,19544.299772722374,19046.80822499137,19520.609607095936,30560550
2021-03-24,18478.248046875,19165.258986816418,18430.86771578605,18952.04942734032,39057901
2021-03-25,18667.767578125,19023.118133481872,18430.867851361814,18715.147909562475,30611033
2021-03-26,18501.9375,18857.288039060128,17909.68531461705,18620.386392737302,33986902
2021-03-29,18952.048828125,18975.73899292045,18620.386520988664,18762.527509761378,24802819
2021-03-30,19141.568359375,19331.089679157543,18880.978475098134,19094.18802942937,24020130
2021-03-31,19023.1171875,19354.77949106942,18952.04862430208,19141.56801020337,25745300
2021-04-01,19449.5390625,19591.6800559099,19094.188509399428,19094.188509399428,39119441
2021-04-02,19567.990234375,19686.44106429912,19425.851168890276,19662.750898314294,25668533
2021-04-05,19899.650390625,20041.79138484027,19662.750664023744,19899.650390625,33827528
2021-04-06,20373.451171875,20634.042986898145,19710.130412664363,19875.96156767909,47109671
2021-04-07,20373.451171875,20752.49188148453,20278.69244229072,20373.451171875,25839382
2021-04-08,20183.931640625,20515.592017902614,20183.931640625,20373.451028887583,24306964
2021-04-09,20136.55078125,20231.311438100623,20041.790124399377,20136.55078125,31187827
2021-04-12,20468.2109375,20515.591265433864,20112.86040842005,20183.93090032085,28306146
2021-04-13,19923.33984375,20610.35269412793,19899.64967889476,20610.35269412793,37030670
2021-04-14,20255.001953125,20373.45084581571,19662.749767975016,19852.271084958724,29942868
2021-04-15,19994.41015625,20373.45086005829,19899.649497691906,20326.07053077924,29255511
2021-04-16,19899.650390625,20468.21243706189,19331.090274612303,20089.17171624536,44822726
2021-04-19,20136.55078125,20136.55078125,19567.988770570337,19994.409795974065,35738357
2021-04-20,19899.650390625,20444.522271359343,19662.750664023744,20207.622544758087,50122984
2021-04-22,18549.318359375,19875.96182542388,18549.318359375,19781.20116418664,44701107
2021-04-23,19567.990234375,19615.37056634465,18478.24839034574,18691.45795378494,37045690
2021-04-26,18809.908203125,19567.9896303921,18786.218037871397,19567.9896303921,27618581
2021-04-27,18786.216796875,18999.42827007295,18620.385651054374,18738.83646949768,14939933
2021-04-28,18833.59765625,19165.258026835723,18738.836998818624,18762.52716317647,16660306
2021-04-29,19331.08984375,19354.780008924525,18833.59830550912,18952.049131381747,29750116
2021-05-04,20373.451171875,20373.451171875,18975.739158447414,18975.739158447414,53077052
2021-05-05,20539.283203125,21036.77475896875,20539.283203125,20657.734033188804,47021639
2021-05-06,20326.0703125,20705.1129426619,20231.31158538361,20373.45064127024,41744745
2021-05-07,20752.4921875,20799.87251820288,20041.79108780518,20160.24191456237,53899167
2021-05-10,21226.29296875,21368.433956871864,21084.15391105225,21321.05362749791,52539058
2021-05-11,20942.013671875,21273.674058929664,20942.013671875,21202.60356232705,32788252
2021-05-12,21321.0546875,21321.0546875,20776.18280303467,20799.872968899435,41935621
2021-05-13,22031.7578125,22339.72803942873,21155.225533190045,21178.91569914027,73026969
2021-05-14,22268.65625,22481.86773118581,22102.82509796659,22268.65625,36198542
2021-05-17,22150.205078125,22552.93593915097,21984.375859128464,22292.346063342666,35515774
2021-05-18,22055.447265625,22244.966656677392,21889.616109333027,22102.825665569984,37869474
2021-05-19,22742.45703125,22860.90785111094,22031.755972932457,22173.89502634153,40721533
2021-05-20,23168.87890625,23168.87890625,22766.148034303587,23050.428082023373,29865057
2021-05-21,22860.908203125,23358.399723777315,22837.21803878803,23168.878409081542,33320615
2021-05-24,24258.62109375,24448.14241560549,23026.73829296178,23121.498953889528,64830325
2021-05-25,24211.2421875,24637.663222335057,24211.2421875,24400.76157496885,24577525
2021-05-26,24400.76171875,24542.90270800729,24069.10134090712,24258.62072949271,29935150
2021-05-27,23784.822265625,24495.523380131133,23690.061602244397,24448.14304844083,41731187
2021-05-28,24258.62109375,24306.001424213875,23737.44131949572,23974.34104139092,35324690
2021-05-31,25158.84375,25158.84375,24163.862592107467,24258.621323508534,36927828
2021-06-01,24921.943359375,25537.8857143428,24874.563029729467,25348.36439576067,22375689
2021-06-02,24637.6640625,25064.08511187637,24448.1427381442,24542.9034003221,31197633
2021-06-03,25395.744140625,25680.024181528028,24637.66274460087,25111.46409972197,37579930
2021-06-04,25585.263671875,26011.684700899183,25395.744286988745,25443.12461581633,27264786
2021-06-07,24637.6640625,25490.506161252742,24163.86268203468,25443.125830163797,37623736
2021-06-08,23216.259765625,24874.563620935893,23216.259765625,24448.14257441526,33728439
2021-06-09,23926.9609375,24163.86259206267,22979.35818009767,23453.15955879884,31500944
2021-06-10,23453.158203125,24116.480867133952,23453.158203125,23926.959554438803,24838283
2021-06-11,25064.083984375,25064.083984375,23500.538920047857,23690.06023587809,38725384
2021-06-14,24874.5625,25585.26356869963,24637.662787241487,25253.603198668072,30573693
2021-06-15,24685.041015625,25111.463970419954,24542.90196111741,24874.562328867203,33774332
2021-06-16,23926.9609375,24448.1426471137,23926.9609375,24448.1426471137,44982934
2021-06-17,23926.9609375,24163.86259206267,23405.7792278863,23453.15955879884,36361463
2021-06-18,24258.62109375,24874.563459356188,24163.86236324641,24353.381754677743,27958191
2021-06-21,23832.19921875,24400.76123406129,23690.060162740243,24021.72053399513,23866180
2021-06-22,24590.283203125,24827.182923056127,23737.441122694312,24021.721172696496,45748518
2021-06-23,24969.32421875,25348.364933531564,24590.28350396844,24732.42256549642,35267533
2021-06-24,25300.984375,25916.92673748748,25158.843384328087,25585.26442591968,51584685
2021-06-25,25490.505859375,25490.505859375,24827.18316240944,25206.22387620798,29827300
2021-06-28,25774.78515625,25964.30647280347,25490.505111843893,25822.165485388367,29683571
2021-06-29,25537.88671875,25916.92744039784,25348.365392713986,25774.786445870825,40499787
2021-06-30,24969.32421875,25822.16630961456,24874.563557448568,25585.26465636098,67604782
2021-07-01,24827.18359375,25253.60464548489,24590.283867419144,24969.32458780303,61468223
2021-07-02,24969.32421875,25206.223941579417,24827.183226797853,24969.32421875,35774654
2021-07-05,24685.041015625,25111.463970419954,24400.760976185764,24969.322985488303,39798662
2021-07-06,22979.357421875,25206.22324916596,22979.357421875,24874.5628741458,53829702
2021-07-07,23880.357421875,23972.08731334707,22993.63449417028,23727.473625946852,42755076
2021-07-08,23605.16796875,24461.31298704074,23605.16796875,24033.23951268332,22611205
2021-07-09,22993.634765625,23727.473906065017,22626.71519540499,23360.55433584501,28818009
2021-07-12,21403.6484375,22687.868849480783,21403.6484375,22657.290932018142,45073395
2021-07-13,21159.037109375,21984.606149972547,20669.809724293704,21709.416469773365,18964022
2021-07-14,20608.658203125,21617.687052757745,20608.658203125,21189.613563984283,27118382
2021-07-15,21403.6484375,21678.83811211929,20547.50342660356,20669.809305181883,24421544
2021-07-16,21189.61328125,21648.262752236005,21189.61328125,21648.262752236005,15804456
2021-07-19,19721.935546875,20761.5404011616,19721.935546875,20486.35071057772,33148856
2021-07-20,20333.466796875,20364.044715947955,19355.015855872447,19752.511430003226,32110914
2021-07-21,20088.853515625,20700.38675556631,19997.123626155004,20455.773073504977,17326782
2021-07-22,20486.349609375,20761.53928516661,20027.700149722317,20088.85405448404,21643407
2021-07-23,19874.81640625,20608.65747408344,19874.81640625,20272.31389262946,24536295
2021-07-26,19660.78125,19874.817028302023,19446.745471697974,19691.357238207675,16369167
2021-07-27,19874.81640625,20394.61977205632,19813.66443174862,19874.81640625,25692384
2021-07-28,20119.4296875,20241.73556444646,19874.816003183023,19874.816003183023,11555713
2021-07-29,20730.962890625,20883.846684313023,20302.889426552967,20364.043330112985,29533353
2021-07-30,21036.728515625,21220.188295602355,20761.538845658964,20792.11676260456,33398887
2021-08-02,20639.234375,20914.42406371071,20578.080467367337,20669.81036360424,40271416
2021-08-03,20853.26953125,20853.26953125,20333.466158007726,20639.233756585123,32971717
2021-08-04,20792.1171875,21067.30686308965,20730.96328278316,20975.576971226437,23477665
2021-08-05,20914.423828125,20914.423828125,20547.50424731047,20730.96403771773,21584576
2021-08-06,20883.84765625,21342.497128235624,20853.269737834864,21006.15353863812,28787139
2021-08-09,21128.458984375,21159.0369021582,20761.539414369443,20853.269306870832,24034457
2021-08-10,21189.61328125,21373.073069644404,21067.307399128447,21373.073069644404,19452447
2021-08-11,20975.578125,21464.80359837258,20975.578125,21189.61390764597,27966903
2021-08-12,21036.728515625,21250.766212547947,20975.57654258191,21097.882419092133,21201206
2021-08-13,20975.578125,21159.037918817743,20608.65853736452,21036.73010265645,19736256
2021-08-16,21464.802734375,21678.838508405635,20853.269469456463,20975.57728069464,35002995
2021-08-17,21159.037109375,21709.416469773365,21128.459191292342,21648.26256403217,19278702
2021-08-18,21097.8828125,21281.34259589829,20975.57693370917,21220.188691290838,18013195
2021-08-19,20975.578125,21097.884010737096,20883.84822809113,21006.154113828223,18848786
2021-08-20,19997.125,21250.767552359182,19569.05150958912,20975.57786504308,37858872
2021-08-23,19997.125,20455.774478860167,19966.54708112654,19997.125,31833246
2021-08-24,20027.701171875,20302.89086171145,19966.547263992168,20119.43106848715,18067015
2021-08-25,19660.78125,20058.276818396374,19385.59156485847,19997.124841981036,29426358
2021-08-26,19079.826171875,19997.12513582588,19018.67226413688,19752.511435297583,34129585
2021-08-27,19049.248046875,19079.82596562561,18407.13877905047,18774.058360664487,38250807
2021-08-30,19752.51171875,19752.51171875,19140.97842386573,19202.132332481426,23474885
2021-08-31,19446.74609375,19905.39558365691,19446.74609375,19874.81766404697,19783935
2021-09-01,19599.626953125,19752.51075196927,19324.43727345979,19446.74508470485,24717314
2021-09-06,19599.626953125,19752.51075196927,19446.74508470485,19599.626953125,18814036
2021-09-07,19966.546875,20150.006664650104,19660.78120239121,19660.78120239121,17483718
2021-09-08,19660.78125,20211.16062028306,19569.051354952822,20058.276818396374,13505208
2021-09-09,19813.6640625,19813.6640625,19630.204281566632,19660.78026824751,12504602
2021-09-10,19752.51171875,19997.12542278855,19752.51171875,19874.817605557168,10753094
2021-09-13,19477.3203125,19783.0859678366,19446.744326093554,19721.933995023704,13727279
2021-09-14,19079.826171875,19599.62763116437,19079.826171875,19507.897734769285,14686187
2021-09-15,19049.248046875,19263.285756432622,18957.518151471497,18957.518151471497,11521127
2021-09-16,19355.015625,19599.627392120747,19202.13182273141,19263.28572972368,11915648
2021-09-17,19446.74609375,19660.781878898488,19385.592184954337,19416.16817414006,11265616
2021-09-20,19477.3203125,19752.50998143015,19477.3203125,19752.50998143015,15257363
2021-09-21,19263.28515625,19385.59103616929,19140.97734590661,19263.28515625,14103052
2021-09-22,19171.5546875,19293.860563743365,19049.24688083259,19202.13067395483,12648769
2021-09-23,19324.4375,19507.897288594173,19202.131617745265,19263.285524084706,13211702
2021-09-24,19385.591796875,19507.89768159367,19324.437889303576,19385.591796875,10298626
2021-09-27,18957.517578125,19507.89693390049,18957.517578125,19446.74495909706,15936503
2021-09-28,18926.94140625,18988.095310881494,18774.057609883315,18835.211514514805,10870594
2021-09-29,18590.59765625,18957.517219832294,18560.021669426165,18926.941233008463,17001274
2021-09-30,18590.59765625,18865.787328936723,18590.59765625,18590.59765625,12653133
2021-10-01,18193.103515625,18682.328994836724,18162.525596007617,18590.59909683301,21614622
2021-10-04,17550.994140625,18162.525503933462,17550.994140625,18101.373525857147,32617440
2021-10-05,18040.21875,18070.794737568096,17734.45308304669,17734.45308304669,14258857
2021-10-06,17917.912109375,18223.67776336028,17765.02831717034,18193.101777088963,11126928
2021-10-07,17948.48828125,18131.94806162312,17887.334377650943,17979.0642678375,12797946
2021-10-08,18009.642578125,18131.948457569848,17948.488673190528,18040.21856538019,10853301
2021-10-11,18957.517578125,18957.517578125,18101.37255706005,18101.37255706005,28382274
2021-10-12,18835.212890625,19263.286393472536,18804.6369012874,19049.24867683665,18400960
2021-10-13,18774.05859375,19140.97817991943,18774.05859375,18835.212501586306,11515954
2021-10-14,18712.904296875,18896.36601656976,18651.752320734227,18774.05820343992,18046005
2021-10-15,18743.482421875,18926.942213166876,18651.752526229066,18774.058410282258,13439146
2021-10-18,18468.29296875,18865.788544773382,18437.715049531453,18804.63656718468,16339590
2021-10-19,18529.443359375,18682.327151101348,18468.29138702368,18590.597262150342,11216143
2021-10-20,18345.984375,18590.59806625774,18070.794696244084,18590.59806625774,14967734
2021-10-21,18193.103515625,18407.139300825587,18193.103515625,18376.563311632424,12539512
2021-10-22,18131.94921875,18284.8330222922,18131.94921875,18223.679114790484,6939763
2021-10-25,18284.83203125,18437.713896081797,17948.488453856728,18131.948235994136,13220590
2021-10-26,18284.83203125,18529.443787150496,18162.52422287568,18284.83203125,9786265
2021-10-27,19018.671875,19079.825781486863,18315.40870688558,18468.292507890663,31621843
2021-10-28,19140.978515625,19202.13242453385,18957.51871932266,19171.55643529154,23266424
2021-10-29,19263.28515625,19416.167023543087,19110.40135853281,19263.28515625,22330950
2021-11-01,19691.357421875,19813.665236694807,19324.43783826392,19446.745653083733,29053333
2021-11-02,19813.6640625,19935.96993964756,19599.6263644617,19691.35625492838,20706480
2021-11-03,20180.583984375,20333.465850930745,19783.08649831224,19874.81639041532,34206678
2021-11-04,19935.970703125,20302.890279043462,19905.39471527317,20302.890279043462,18698686
2021-11-05,19997.125,20058.27697689857,19691.35739381044,20027.700988449287,16956342
2021-11-08,20058.27734375,20150.007241199703,19569.051867492963,19997.125365733,18275994
2021-11-09,20150.005859375,20394.61954594077,20027.69998130415,20150.005859375,25412776
2021-11-10,19874.81640625,20241.73597495467,19874.81640625,20180.58400045329,14473006
2021-11-11,19538.474609375,19874.816257894257,19263.28493490065,19813.664283849343,22885478
2021-11-12,19997.125,19997.125,19324.437810722306,19416.16770649434,18691267
2021-11-15,19874.81640625,20272.31389262946,19721.93453957245,20180.58400045329,15588366
2021-11-16,19813.6640625,20027.699830114245,19691.35625492838,19752.51015871419,14692490
2021-11-17,19721.935546875,19874.817421361025,19660.781638826076,19844.24143254866,10980659
2021-11-18,19660.78125,19874.817028302023,19507.897448113323,19721.935156839503,16244394
2021-11-19,20058.27734375,20302.891047090623,19660.781764942672,19691.35775395117,35358565
2021-11-22,21097.8828125,21311.91858298998,20180.58389550854,20211.159882600223,45210289
2021-11-23,20853.26953125,21067.307236339,20608.657768897032,21067.307236339,16183753
2021-11-24,21648.26171875,21648.26171875,20822.69271038778,20914.4226002058,41537894
2021-11-25,21495.37890625,21892.876400545607,21434.22693053078,21892.876400545607,23119024
2021-11-26,20975.578125,21678.839381018548,20853.27030883871,21525.957506453226,26114705
2021-11-29,20945.0,21220.18968802336,20516.92843891311,20516.92843891311,22590841
2021-11-30,20516.927734375,21464.802650431324,20364.043936137223,21403.648745051392,18195020
2021-12-01,20792.1171875,20792.1171875,20333.465797759836,20516.92751191035,14826799
2021-12-02,20669.810546875,21250.767848475956,20669.810546875,21036.73013507594,12697255
2021-12-03,20180.583984375,20914.42312119968,20180.583984375,20914.42312119968,15882682
2021-12-06,19630.205078125,20394.62021955794,19324.43747721252,20180.584443258507,21966006
2021-12-07,19997.125,20119.43088422132,19783.087289582472,19874.817185354503,11053550
2021-12-08,20180.583984375,20333.465850930745,19997.12420016883,20150.00606672457,10416110
2021-12-09,20639.234375,20639.234375,20119.43098618282,20180.58489381548,10118725
2021-12-10,20516.927734375,20914.423293284275,20486.34981647298,20669.809602188663,9677333
2021-12-13,20486.349609375,20853.26917709715,20486.349609375,20730.9632979978,13199095
2021-12-14,19813.6640625,20211.159611047613,19783.086145395067,20180.583624366736,12457731
2021-12-15,19721.935546875,19997.125237458884,19691.35762763844,19813.66544373629,9153189
2021-12-16,19874.81640625,19997.124216100958,19691.356621897667,19844.24041899931,10789297
2021-12-17,20150.005859375,20302.88965478162,19752.51030782668,19874.81618589753,14811122
2021-12-20,19844.240234375,20180.58381269975,19813.66424740878,20119.42990834323,8344427
2021-12-21,19569.05078125,19997.12425572844,19569.05078125,19813.664471012555,12805220
2021-12-22,19355.015625,19721.93520610528,19293.86171800773,19721.93520610528,17079564
2021-12-23,19691.357421875,19691.357421875,18988.096173569887,19385.591745673828,14836981
2021-12-24,20119.4296875,20180.58359118526,19477.320455288984,19538.474358974243,11270422
2021-12-27,20425.1953125,20455.773229505885,20088.853668827684,20180.583558997238,13306736
2021-12-28,20730.962890625,20944.998657448992,20425.195303248955,20486.349206808973,23289860
2021-12-29,20883.84765625,21067.30744504425,20730.963855446746,20792.11776185288,16832216
2021-12-30,20669.810546875,21036.73013507594,20669.810546875,20853.27034097547,10742427
2021-12-31,20730.962890625,21342.49613495304,20730.962890625,20792.116794185014,21786605
2022-01-04,21250.767578125,21373.073462494613,20914.423983078348,21067.30778635849,19444203
2022-01-05,21250.767578125,21525.95726577476,21220.189659214466,21403.64945098097,17722112
2022-01-06,20792.1171875,21128.4588373824,20700.387295636785,21097.882850236023,19520814
2022-01-07,20302.890625,21067.307708138374,20241.736717830165,20792.11802151036,20057886
2022-01-10,20364.044921875,20578.080705429165,20211.161116236766,20364.044921875,17516851
2022-01-11,20180.583984375,20608.65745766409,20027.70018739516,20486.34964791058,11806229
2022-01-12,20883.84765625,20914.423644241,19721.935017078373,20180.584489064,20931458
2022-01-13,21495.37890625,22137.48816427076,20883.847566512988,21036.72943623517,56812713
2022-01-14,21678.837890625,21892.87558898033,21159.036464159904,21403.64821881734,15357246
2022-01-17,21403.6484375,22473.83114893861,20975.57689726382,21770.568003659057,44439025
2022-01-18,21128.458984375,21801.14614966792,20914.423212013127,21220.18887687639,24598035
2022-01-19,20669.810546875,21495.379620327112,20639.23455799965,21342.497745526187,17635966
2022-01-20,21464.802734375,21678.838508405635,20241.736204537923,20486.349896590164,22594234
2022-01-21,21739.9921875,22320.94945876764,21281.34272619613,21464.80251071768,24960976
2022-01-24,21801.146484375,22290.371941751982,21617.68669655561,21709.416590465305,28518198
2022-01-25,22626.71484375,22626.71484375,21770.567906259792,21770.567906259792,30460906
2022-01-26,23024.2109375,23360.55452303824,22657.291364339784,22932.481044209948,35526330
2022-01-27,22565.5625,23024.211987363884,22443.256613511032,22718.446305929363,19169121
2022-01-28,22565.5625,22871.33011185873,22443.256613511032,22504.41052196762,14277093
2022-02-07,22198.642578125,22871.329769814703,22198.642578125,22871.329769814703,24054658
2022-02-08,22320.94921875,22626.71487952331,22045.75761450272,22137.48750577712,14945431
2022-02-09,22229.21875,22687.87016471122,22229.21875,22320.9505772816,14872054
2022-02-10,22473.83203125,22565.561926391038,22076.336462446903,22259.79625272897,14521170
2022-02-11,22504.41015625,22810.175832715544,22504.41015625,22534.9861447693,17014204
2022-02-14,21159.037109375,22320.94973591292,21159.037109375,22229.217912089072,24425261
2022-02-15,21373.072265625,21525.95606034381,21097.882593385573,21281.342374878524,21512654
2022-02-16,21189.61328125,21648.262752236005,21128.45937497716,21587.10884596316,12894920
2022-02-17,21342.49609375,21495.37795671882,21189.612300357127,21250.766203799085,9609450
2022-02-18,21159.037109375,21373.07288383299,21128.459191292342,21189.613097033536,13420841
2022-02-21,21036.728515625,21311.918185591032,20669.808955670287,21159.03632255927,20163426
2022-02-22,21159.037109375,21220.18908469207,20639.23373663517,20792.117535776088,14549616
2022-02-23,21311.919921875,21495.37971679884,21220.19002441308,21342.49784131178,10875442
2022-02-24,20700.388671875,21220.19014004215,20241.737251641996,21159.038161683788,26823583
2022-02-25,20700.388671875,20975.578365760277,20608.65877391324,20853.27054819512,16563760
2022-02-28,20272.314453125,20700.387938590666,20272.314453125,20700.387938590666,20560049
2022-03-01,20364.044921875,20547.5047164712,20272.3150245769,20364.044921875,12699034
2022-03-02,19569.05078125,20333.46590742484,19507.896876203336,20302.88992011356,33006629
2022-03-03,19935.970703125,19935.970703125,19599.627115058363,19630.205033334325,10854594
2022-03-04,20027.701171875,20150.00705721647,19813.665389921374,19966.547263992168,10269195
2022-03-07,19660.78125,19874.817028302023,19630.205261792325,19630.205261792325,16811044
2022-03-08,19599.626953125,19844.240645191006,19538.474977926588,19569.050965525792,11573492
2022-03-09,19569.05078125,19783.08655327717,19385.59099653411,19630.204686296664,9458171
2022-03-10,19630.205078125,19997.124654880678,19630.205078125,19874.816842346023,6148942
2022-03-11,19721.935546875,19813.66544373629,19599.627730777145,19630.205650013704,6189994
2022-03-14,19507.896484375,19813.664073042684,19446.744510980712,19752.510169224333,8388914
2022-03-15,19538.474609375,19721.934392357896,19477.320704906007,19538.474609375,5902145
2022-03-16,19569.05078125,19783.08655327717,19569.05078125,19721.934578654607,9162401
2022-03-17,19997.125,20150.00687267061,19691.35739381044,19752.511301133185,14496927
2022-03-18,20058.27734375,20302.891047090623,20058.27734375,20119.431252191207,6824041
2022-03-21,20088.853515625,20150.005488322306,19905.39373668501,20058.27559885231,5570818
2022-03-22,20180.583984375,20333.465850930745,20058.27617462149,20058.27617462149,10038882
2022-03-23,20088.853515625,20455.773073504977,20088.853515625,20180.583405094992,6724643
2022-03-24,19905.39453125,20119.43030508232,19905.39453125,20058.27639951989,7257029
2022-03-25,19691.357421875,19997.125028500344,19630.20544488927,19874.817213680537,9851238
2022-03-28,19446.74609375,19905.39558365691,19446.74609375,19691.357868084207,10587431
2022-03-29,19569.05078125,19630.204686296664,19507.896876203336,19569.05078125,6178680
2022-03-30,19599.626953125,19905.394550813537,19477.321072304057,19507.897059903265,8336832
2022-03-31,19844.240234375,19935.970125697742,19630.204464763294,19630.204464763294,7747878
2022-04-01,20211.16015625,20272.31406168545,19844.24058448549,19874.816571991163,13996542
2022-04-04,20088.853515625,20425.195156732287,20088.853515625,20425.195156732287,10979850
2022-04-05,19783.0859375,20058.27560600816,19783.0859375,19874.81582700272,9818591
2022-04-06,19935.970703125,19966.54669097683,19630.205033334325,19630.205033334325,9333399
2022-04-07,19905.39453125,20180.58421064475,19783.086720125146,19997.124424381585,10021104
2022-04-08,19599.626953125,19905.394550813537,19599.626953125,19874.81663279021,8616763
2022-04-12,18957.517578125,19691.356719158983,18957.517578125,19660.780731757277,9422737
2022-04-13,19263.28515625,19355.01504879549,19079.82537115901,19079.82537115901,6961744
2022-04-14,19079.826171875,19507.897734769285,19049.24825279385,19263.28596466517,4734258
2022-04-15,18957.517578125,19232.707256012745,18896.36560332157,19232.707256012745,8200583
2022-04-18,17856.759765625,18896.366554714605,17856.759765625,18896.366554714605,13776411
2022-04-19,17581.5703125,18284.83351108485,17581.5703125,18040.21980496311,7494615
2022-04-20,17550.994140625,17917.913730779765,17459.26424308631,17581.57012966316,6884003
2022-04-21,17734.453125,18040.21879267664,17367.53355161838,17489.839432604214,8771274
2022-04-22,17979.064453125,18101.372261583583,17673.298792826685,18009.642370451682,5794504
2022-04-25,16725.421875,17948.488370519943,16725.421875,17948.488370519943,11111735
2022-04-26,16908.8828125,16970.036720584867,15594.088266856845,16511.387236008857,9855117
2022-04-27,17306.37890625,17306.37890625,16817.15154236769,16908.88143179262,5464146
2022-04-28,17245.2265625,17398.11036884023,17092.344686583983,17306.380471120934,3349311
2022-04-29,16970.037109375,17336.956705442077,16970.037109375,17031.191018860925,9805984
2022-05-04,16511.38671875,17122.919989168327,16450.23281258093,16970.03618895771,7442248
2022-05-05,17061.765625,17061.765625,16511.38627552491,16755.999963210757,7442088
2022-05-06,16511.38671875,17061.766082999253,16511.38671875,16694.846506833084,3968811
2022-05-09,15380.05078125,16389.080564129243,15380.05078125,16327.926658977742,8761092
2022-05-10,15410.6279296875,15471.780870404173,14676.787815027095,14676.787815027095,10496436
2022-05-11,16327.9267578125,16450.23263843173,15410.627827107995,15502.357720178448,9353278
2022-05-12,15288.3212890625,16266.773179774897,15196.591394145336,15930.43055348265,10329005
2022-05-13,14615.634765625,15380.050862353322,14371.022039365242,15288.320969354409,12985430
2022-05-16,15013.1318359375,15502.358271447649,14982.554882089338,15288.32152493469,8442210
2022-05-17,16052.7373046875,16052.7373046875,14921.401619147557,14921.401619147557,9550619
2022-05-18,16266.7734375,16664.27094205496,16083.31460997109,16236.197448851228,10580643
2022-05-19,15961.0068359375,16144.466618060089,15777.547053814911,15899.853896967315,6900651
2022-05-20,15838.7001953125,16175.043776979386,15808.124208042454,15961.007040028826,8163248
2022-05-23,15288.3212890625,16022.160448399816,15288.3212890625,15869.2776119419,6996332
2022-05-24,15899.8544921875,15899.8544921875,15288.321218744411,15288.321218744411,7190764
2022-05-25,16450.232421875,16511.386326591622,15899.854035909731,15899.854035909731,8892491
2022-05-26,16327.9267578125,16664.270342545522,16236.19686474205,16664.270342545522,6304261
2022-05-27,16511.38671875,16664.270518960617,16327.926930666916,16511.38671875,6350487
2022-05-30,16694.845703125,16755.99960635006,16511.38592387387,16541.961910274378,4555179
2022-05-31,17061.765625,17092.34354247578,16511.38627552491,16541.96226257661,9984254
2022-06-01,16970.037109375,17122.920917877695,16817.153300872305,16847.731220827387,6675833
2022-06-02,16970.037109375,17122.920917877695,16694.847412324692,16970.037109375,7098315
2022-06-03,16756.0,16878.305878899413,16419.656419996503,16756.0,3781167
2022-06-06,16633.693359375,16970.03696301031,16633.693359375,16756.00117729196,6070717
2022-06-07,16756.0,16756.0,16205.620649316506,16633.6921906765,4670092
2022-06-08,16939.4609375,17184.074642386327,16694.84723261367,16756.001141441306,8813942
2022-06-09,16939.4609375,17061.766824731054,16817.153119844726,17061.766824731054,4998511
2022-06-10,16572.541015625,16878.306692830676,16572.541015625,16817.152785219867,5327736
2022-06-13,15441.2041015625,16266.773154536062,15441.2041015625,16205.621178302268,11243458
2022-06-14,15441.2041015625,15746.970739215993,15104.861475792111,15288.321265341792,4746378
2022-06-15,14982.5546875,15532.934058346204,14707.365002076898,15288.32132637414,5180660
2022-06-16,15104.861328125,15410.627962789276,14982.554481216876,15166.01426897303,4786785
2022-06-17,14401.59765625,14768.51818401464,14095.831997597516,14676.787328164455,5207165
2022-06-20,13820.642578125,14585.057703930725,13820.642578125,14309.86802698977,7651065
2022-06-21,14095.83203125,14401.597690632472,13759.488454632432,13759.488454632432,7415903
2022-06-22,14432.1748046875,14676.787527982186,14279.29197327983,14279.29197327983,4674941
2022-06-23,15441.2041015625,15441.2041015625,14371.02231759339,14371.02231759339,7546334
2022-06-24,15135.4384765625,15594.08795187432,15104.861523137686,15441.204149962326,4759794
2022-06-27,15655.240234375,15685.817186512424,15104.860887173589,15135.437839311013,6493683
2022-06-28,16327.9267578125,16725.422317643082,15257.744028515875,15594.087613248896,15092346
2022-06-29,16419.65625,16511.38614083088,16236.196468338238,16236.196468338238,6091727
2022-06-30,15991.583984375,16480.810397779358,15961.007031908464,16389.080505591795,5037462
2022-07-01,16480.810546875,16511.386534406098,15624.664556975156,16022.160116575897,5712399
2022-07-04,16266.7734375,16603.11703433323,16266.7734375,16603.11703433323,6479785
2022-07-05,16511.38671875,16817.152388747098,16236.197036625374,16236.197036625374,7975928
2022-07-06,15808.1240234375,16450.232296366637,15777.54707131248,16052.736744801554,7000534
2022-07-07,16083.314453125,16389.0810931155,15777.5478131345,15838.700755047768,5387698
2022-07-08,15838.7001953125,16297.350621695712,15746.970303078266,16205.62072946148,4291572
2022-07-11,15594.087890625,15808.124633333864,15563.510937320283,15808.124633333864,4125100
2022-07-12,15716.39453125,15899.854318233349,15532.933779054589,15594.08768485708,7178480
2022-07-13,16236.197265625,16480.810963327254,15746.970835432572,15746.970835432572,6253027
2022-07-14,16511.38671875,16633.692600664013,16083.314201626828,16205.621048752904,9959687
2022-07-15,16511.38671875,16817.152388747098,16511.38671875,16633.692600664013,14763119
2022-07-18,16450.232421875,16633.69220560077,16450.232421875,16572.54023130824,6426933
2022-07-19,16236.197265625,16450.23304459937,16083.314428470152,16358.503149264045,4610939
2022-07-20,16541.962890625,16725.422680748776,16266.773205439336,16480.810914199847,6976290
2022-07-21,16817.15234375,16817.15234375,16541.96266236169,16541.96266236169,7797820
2022-07-22,16450.232421875,16908.881881189427,16450.232421875,16878.305894043162,5500027
2022-07-25,16266.7734375,16572.54104568446,16266.7734375,16358.503333870502,3588190
2022-07-26,16236.197265625,16450.23304459937,16205.62127732128,16419.657056295648,4352503
2022-07-27,16511.38671875,16511.38671875,16052.73724854229,16144.467142583831,2825490
2022-07-28,16878.306640625,17245.226224306574,16511.387056943422,16633.69294136256,14864781
2022-07-29,16633.693359375,17122.920770194396,16633.693359375,16970.03696301031,8832205
2022-08-01,17550.994140625,17550.994140625,16847.73094935363,16847.73094935363,14154771
2022-08-02,17489.83984375,17703.875623112723,17336.956041105674,17489.83984375,7387135
2022-08-03,17795.60546875,17887.335363994727,17306.380004252827,17367.533911224036,9925099
2022-08-04,17642.72265625,17917.9123273111,17581.56875253951,17856.758423600615,8664442
2022-08-05,17734.453125,17795.605100280856,17550.993338309192,17673.299219295022,4774825
2022-08-08,17734.453125,17887.33499362626,17642.723231654596,17765.029112640426,5320139
2022-08-09,17612.14453125,17795.604309791437,17520.41464197928,17765.028323509207,5863355
2022-08-10,17398.109375,17642.723065086342,17336.955469872388,17489.839267479365,5922670
2022-08-11,17428.685546875,17734.453145326217,17367.533571524054,17581.56934610061,7197713
2022-08-12,17520.416015625,17550.99393472865,17367.534141803495,17459.264038266072,3137908
2022-08-15,18009.642578125,18009.642578125,17612.145091687074,17642.72300936636,10061347
2022-08-16,17856.759765625,18040.21956012032,17795.605857318493,18009.643571179167,6283109
2022-08-17,17795.60546875,18009.64317793714,17795.60546875,17917.91328269241,6112739
2022-08-18,17581.5703125,17826.184018621734,17581.5703125,17795.606098841377,5889376
2022-08-19,17275.8046875,17765.030171013652,17245.226767613734,17520.41646404471,7919037
2022-08-22,17122.919921875,17367.533615165823,17031.190028193956,17275.80372148478,9065912
2022-08-23,17122.919921875,17214.649815556044,16908.882216336482,17000.61404044165,7284828
2022-08-24,17245.2265625,17459.264277461163,17214.65057340164,17336.956460219295,5055402
2022-08-25,17550.994140625,17550.994140625,17184.074550470235,17336.95642608525,6853780
2022-08-26,17398.109375,17673.299052438095,17336.955469872388,17673.299052438095,6409478
2022-08-29,17061.765625,17245.225408158363,16878.305841841637,17214.649421106664,6658702
2022-08-30,17367.533203125,17459.263094629772,17061.765611159706,17061.765611159706,6602295
2022-08-31,17275.8046875,17428.686565234384,17061.766969993085,17306.38067696203,3354159
2022-09-05,17092.34375,17336.95551023168,17061.76583215296,17275.803535385814,2918586
2022-09-06,17275.8046875,17520.41646404471,17061.766969993085,17061.766969993085,4913982
2022-09-07,16725.421875,17367.53303992361,16725.421875,17275.80314928082,6881094
2022-09-08,16419.65625,16878.30570415441,16419.65625,16817.151800125797,5994753
2022-09-09,16419.65625,16633.692018464033,16113.88962549305,16480.81015402861,2942182
2022-09-12,16541.962890625,16664.270704323622,16511.38690241242,16511.38690241242,2705498
2022-09-13,16817.15234375,16908.882237546106,16541.96266236169,16572.54058057648,4006470
2022-09-14,16511.38671875,16633.692600664013,16450.23281258093,16511.38671875,3528550
2022-09-15,16450.232421875,16694.84611031739,16450.232421875,16511.386326591622,2173988
2022-09-16,16022.16015625,16450.232669653888,16022.16015625,16266.772883164784,3205627
2022-09-19,15594.087890625,15991.584422738011,15441.204089313494,15869.277574731224,4020530
2022-09-20,15899.8544921875,15899.8544921875,15655.240796725437,15655.240796725437,3234396
2022-09-21,15624.6650390625,15869.277772918917,15594.088085375915,15838.700819232332,2766821
2022-09-22,15532.93359375,15655.240438683826,15288.3208690944,15471.780653889113,5296220
2022-09-23,15288.3212890625,15655.240868731158,15288.3212890625,15532.93402043758,2679868
2022-09-26,14371.0224609375,15104.861626455917,14218.138657979773,15104.861626455917,10525691
2022-09-27,14340.4453125,14615.634995831177,14248.715418056276,14371.0222657186,4067725
2022-09-28,14248.71484375,14523.904515989425,14248.71484375,14309.867782510306,4387738
2022-09-29,13820.642578125,14615.63465643929,13820.642578125,14401.597919303422,5523301
2022-09-30,14187.5625,14218.138488056458,13728.91206182031,13851.218909682366,8917219
2022-10-03,13209.109375,14065.255361946409,13209.109375,13881.795576544468,9196989
2022-10-04,12689.3056640625,13881.79520223261,12536.4228354206,13453.721737696049,9916696
2022-10-05,13453.72265625,13576.029506641244,13025.650127698782,13025.650127698782,7241190
2022-10-06,13086.802734375,13606.606111286355,12995.07284023912,13453.722310918514,6878993
2022-10-07,12200.0810546875,13025.650122790084,12200.0810546875,13025.650122790084,13740532
2022-10-10,12658.73046875,12811.613306948502,11924.890335845765,12047.19718553182,7989342
2022-10-11,12108.3505859375,12689.305925891256,11924.889836484888,12658.729938659197,10885625
2022-10-12,12933.919921875,12933.919921875,12169.503814332997,12230.65675546001,10116299
2022-10-13,13698.3359375,13698.3359375,12933.919835087292,13025.649728768334,12005995
2022-10-14,13881.7958984375,14034.678734746834,13728.91209691609,13973.525793265517,11608080
2022-10-17,13790.0654296875,13912.372272771983,13392.568913571951,13820.64238176163,7734139
2022-10-18,14065.255859375,14309.868593491154,13973.525963429933,14004.102917148984,6376669
2022-10-19,14187.5625,14279.292394593524,13790.065968357376,14065.255652137945,6829860
2022-10-20,14218.138671875,14493.328359213348,13851.219088757203,14187.56268342324,6349354
2022-10-21,13239.6865234375,14218.138404980684,13239.6865234375,14218.138404980684,10874958
2022-10-24,12842.1904296875,13453.722755741896,12719.88357839178,13270.262961404367,8105388
2022-10-25,13728.912109375,13728.912109375,12811.613160262395,12964.496961922549,14085919
2022-10-26,13698.3359375,14187.56235886958,13667.75898453563,13728.911925252303,5656154
2022-10-27,14646.2119140625,14646.2119140625,13759.48895975001,13912.372760265718,13258895
2022-10-28,14707.365234375,15227.168625192371,14676.78828044101,14860.24903883286,12334251
2022-10-31,15043.7080078125,15074.28399485923,14279.291923039573,14860.24822468396,16678675
2022-11-01,14951.978515625,15563.51082065053,14921.4015625495,15104.861350578363,14273726
2022-11-02,14676.7880859375,15013.131679117738,14585.058190563268,14707.36503946627,8711959
2022-11-03,14432.1748046875,14737.94143271489,14371.02186516684,14401.597852321149,12249722
2022-11-04,14982.5546875,14982.5546875,13453.72245834138,14309.868468061724,23769880
2022-11-07,14279.2919921875,14982.554175848458,14095.832208170552,14860.24829664519,11839847
2022-11-08,14585.0576171875,14768.518365935735,14065.255218905637,14065.255218905637,13490017
2022-11-09,14951.978515625,15196.5912445928,14676.787868369633,14737.941774520634,18115825
2022-11-10,13912.373046875,14860.24896179376,13912.373046875,14737.942111903958,15553455
2022-11-11,14432.1748046875,14860.248276968254,14309.867960434136,14523.904696574513,15823689
2022-11-14,14615.634765625,14890.82444462175,13912.372574370658,14187.562253367409,14602466
2022-11-15,14309.8681640625,14615.634796440929,13606.605971325384,14432.175010056282,20191226
2022-11-16,15166.0146484375,15227.16855602771,13606.606413492693,13637.182402075709,21058170
2022-11-17,15288.3212890625,15777.547717024736,15074.28454585176,15288.3212890625,19196597
2022-11-18,15104.861328125,15288.321115881154,14371.022177100383,15013.131434246923,18774439
2022-11-21,14737.94140625,15166.01391255002,14737.94140625,15104.860973139172,9342287
2022-11-22,14615.634765625,15227.16802909248,14371.022039365242,14615.634765625,12428638
2022-11-23,14921.4013671875,15135.438105489538,14554.481795933749,14615.634736072025,9730183
2022-11-24,15043.7080078125,15043.7080078125,14554.48159773238,14829.67127242519,6758584
2022-11-25,15777.5478515625,15777.5478515625,15074.28467439268,15227.168477366336,22893399
2022-11-28,16694.845703125,16786.575592750567,15961.006586120478,15961.006586120478,18765065
2022-11-29,16756.0,16756.0,15961.006961093592,16511.386311777085,15635883
2022-11-30,16664.26953125,17122.918974273027,16297.34997683158,16541.96172616118,10529408
2022-12-01,15991.583984375,16939.45985871718,15899.854092187436,16725.422156663466,17399836
2022-12-02,17092.34375,17092.34375,15930.430167203092,16083.313965165971,14679399
2022-12-05,17489.83984375,17489.83984375,17000.614377881986,17428.685936607435,12424759
2022-12-06,16511.38671875,17489.839565334496,16419.656824708458,17184.0738953374,12480357
2022-12-07,16725.421875,17000.613477352443,16358.502312428833,16450.232203071624,6722381
2022-12-08,17000.61328125,17673.298494729686,16755.999598882823,16878.30547485439,8635026
2022-12-09,17153.49609375,17153.49609375,16541.962819170913,17000.614222923337,8546295
2022-12-12,16786.576171875,17245.225635825893,16786.576171875,17122.91975558036,6453763
2022-12-13,17214.650390625,17245.22637939872,16572.541113407537,16694.84699892661,6323009
2022-12-14,17061.765625,17398.109204265027,17031.1896379483,17367.533217213328,4170031
2022-12-15,17275.8046875,17275.8046875,17061.766969993085,17061.766969993085,5704156
2022-12-16,17153.49609375,17275.803906920304,16970.03630441869,16970.03630441869,5398365
2022-12-19,16847.73046875,17428.685826447792,16847.73046875,17122.920153515926,8835762
2022-12-20,17122.919921875,17122.919921875,16266.772960569186,16847.730240831872,10826794
2022-12-21,16817.15234375,17122.9199433531,16511.386674571033,17122.9199433531,4948407
2022-12-22,16878.306640625,17214.650235807836,16817.152733203344,16817.152733203344,5468025
2022-12-23,16908.8828125,17092.344536754597,16694.84702983926,16817.152915584797,4893778
2022-12-26,15930.4306640625,16939.46048036749,15899.85467568592,16908.88256156674,5751997
2022-12-27,16266.7734375,16358.503333870502,15899.854817230089,15961.007759739725,5836040
2022-12-28,16603.1171875,16633.69317643084,16083.314758342583,16266.773587563936,3054994
2022-12-29,16511.38671875,16817.152388747098,16450.23281258093,16572.540624919075,2970789
2022-12-30,16664.26953125,16725.42150337039,16358.50194895197,16511.385740100985,2253184
2023-01-03,17122.919921875,17122.919921875,16664.270453469788,16725.422428974398,5619951
2023-01-04,17428.685546875,17673.29923955115,17061.76597307284,17122.919878847908,9541730
2023-01-05,17428.685546875,17581.56934610061,17275.803678073516,17428.685546875,3415576
2023-01-06,17489.83984375,17887.33541411625,17153.496250102147,17428.685936607435,11075371
2023-01-09,17795.60546875,17795.60546875,17550.993701713494,17550.993701713494,6871558
2023-01-10,17459.263671875,17856.759238063143,17459.263671875,17856.759238063143,5051200
2023-01-11,17795.60546875,17826.183387447683,17489.83979474229,17489.83979474229,5616718
2023-01-12,17673.298828125,17856.75861075522,17581.568936809887,17795.60470640379,4896364
2023-01-13,17795.60546875,17856.759375721205,17367.533911224036,17795.60546875,4807311
2023-01-16,18345.984375,18345.984375,17673.299137071353,17795.605017488168,8993329
2023-01-17,18712.904296875,18743.48221536953,18407.138624898693,18407.138624898693,5617849
2023-01-18,18804.63671875,18865.788696831594,18590.59900419179,18712.90489077919,5373475
2023-01-19,19018.671875,19018.671875,18437.71458943516,18774.05817947669,8335539
2023-01-27,18560.021484375,19110.40082426093,18468.29159439401,19018.670934279944,5537523
2023-01-30,18193.103515625,18437.715290018758,18162.525596007617,18345.98539201504,6365516
2023-01-31,18651.751953125,18651.751953125,18040.21869080101,18162.524571096164,5572756
2023-02-01,17734.453125,18743.48195179945,17428.685526899237,18651.752058454047,7373236
2023-02-02,17856.759765625,18009.643571179167,17550.99408494087,17734.45387943619,5439741
2023-02-03,17765.029296875,17979.065073425925,17765.029296875,17856.759191171703,5927196
2023-02-06,18284.83203125,18284.83203125,17459.26301163166,17612.144876463455,4363817
2023-02-07,17856.759765625,18468.293057417464,17826.183776683847,18223.67935461564,5341151
2023-02-08,18284.83203125,18468.29181338741,17856.75856278802,17887.334549669566,5217833
2023-02-09,17979.064453125,18468.29182611119,17979.064453125,18284.83204384739,4479055
2023-02-10,17795.60546875,18223.678956700125,17795.60546875,17979.065259239458,3512550
2023-02-13,17826.18359375,17917.91349005632,17612.1458820858,17642.723801137363,3528873
2023-02-14,17550.994140625,17979.065708856087,17550.994140625,17917.913730779765,2831955
2023-02-15,17673.298828125,17948.488502070333,17489.839045494777,17550.99294984621,2381836
2023-02-16,18162.525390625,18315.409195710443,17703.87590579287,17765.029813911886,4882788
2023-02-17,18131.94921875,18284.8330222922,17979.065415207795,18162.525207288767,4100533
2023-02-20,18621.173828125,18621.173828125,18162.524369089217,18254.25426089637,7505605
2023-02-21,18254.25390625,18651.75138330776,18254.25390625,18590.5974798164,4857252
2023-02-22,17673.298828125,18162.52427166423,17673.298828125,18101.37229773688,6488835
2023-02-23,17734.453125,17734.453125,17306.379645913403,17428.685526899237,6680196
2023-02-24,17275.8046875,17673.300272203327,17275.8046875,17673.300272203327,3649767
2023-02-27,16847.73046875,17245.226036603843,16786.576561993967,17245.226036603843,2907272
2023-02-28,16756.0,17122.91956712233,16756.0,17000.613688222915,2110148
2023-03-01,17275.8046875,17275.8046875,16572.541486479433,16725.423364213817,3650414
2023-03-02,17000.61328125,17336.954922777823,16970.035364439078,17306.37893639094,2957536
2023-03-03,17000.61328125,17122.919157221568,16786.575585269704,17122.919157221568,3019276
2023-03-06,17336.955078125,17581.56876268403,17031.189420244256,17031.189420244256,5161588
2023-03-07,17734.453125,17734.453125,17336.955633553833,17336.955633553833,5093707
2023-03-08,17979.064453125,18040.218357354293,17398.109119430977,17428.68510633359,7138075
2023-03-09,17979.064453125,18162.5242353888,17887.3345619931,17979.064453125,4466610
2023-03-10,17856.759765625,17887.335754566153,17550.99408494087,17887.335754566153,2754054
2023-03-13,17917.912109375,17979.064081917637,17489.838649456382,17520.4146357277,3005215
2023-03-14,17734.453125,17887.33499362626,17336.955633553833,17887.33499362626,3594169
2023-03-15,18040.21875,18101.37265556031,17765.029070614786,17917.912869303498,4584110
2023-03-16,17703.875,17856.758797263366,17428.685323180398,17734.45291770713,3605159
2023-03-17,17734.453125,17917.912911690808,17612.14531359005,17765.029112640426,1837490
2023-03-20,17122.919921875,17703.875271713558,17122.919921875,17703.875271713558,2798338
2023-03-21,17306.37890625,17489.838685099858,17122.919127400142,17489.838685099858,1707060
2023-03-22,17428.685546875,17550.993358425134,17245.22575997392,17398.10955919953,2423534
2023-03-23,17550.994140625,17550.994140625,17184.074550470235,17245.22652854656,4777734
2023-03-24,17428.685546875,17642.723251875675,17306.379665748987,17550.993358425134,4297714
2023-03-27,17581.5703125,17673.300210992624,17306.380617022136,17428.686504870886,2250920
2023-03-28,17673.298828125,17734.45273247643,17581.568936809887,17581.568936809887,3417516
2023-03-29,17734.453125,17765.029112640426,17612.14531359005,17612.14531359005,2794943
2023-03-30,17734.453125,17856.759005985834,17612.14531359005,17795.605100280856,2450687
2023-03-31,17856.759765625,17856.759765625,17550.99408494087,17673.299971129683,3768722
2023-04-03,18315.408203125,18376.56210792984,17979.064622334514,18040.218527139357,6145387
2023-04-04,18131.94921875,18315.40901083097,18070.795311248283,18315.40901083097,3669000
2023-04-05,18345.984375,18407.138280420462,17948.48881582727,18131.948601664542,5671185
2023-04-06,18070.794921875,18345.98460406692,18070.794921875,18345.98460406692,3200617
2023-04-07,18040.21875,18070.794737568096,17917.912869303498,18040.21875,2604714
2023-04-10,17948.48828125,18162.524048210616,17917.9122946625,18040.21817143656,3070025
2023-04-11,18101.373046875,18101.373046875,17856.759349769833,18009.643151763583,1988283
2023-04-12,18040.21875,18162.524630696505,17979.06484443969,18162.524630696505,7148257
2023-04-13,17979.064453125,18040.218357354293,17795.604670861198,17979.064453125,2361956
2023-04-14,17795.60546875,18040.219166210663,17795.60546875,18009.64317793714,2492870
2023-04-17,17856.759765625,17917.913673931507,17612.146062823176,17795.605857318493,2243810
2023-04-18,17795.60546875,17917.91328269241,17734.453492202952,17856.759375721205,1951111
2023-04-19,17550.994140625,17826.183833241073,17520.41622116263,17765.029924740542,6009784
2023-04-20,17581.5703125,17581.5703125,17367.534526158626,17520.41640336351,2195484
2023-04-21,17489.83984375,17581.56973925176,17428.685936607435,17428.685936607435,1549155
2023-04-24,17673.298828125,17856.75861075522,17245.225358513122,17459.263058531098,4513965
2023-04-25,17428.685546875,17734.453145326217,17428.685546875,17734.453145326217,2118229
2023-04-26,17367.533203125,17612.144960188336,17092.343528610687,17428.68517717879,6176256
2023-04-27,17336.955078125,17550.992776023173,17336.955078125,17367.532995209913,3245872
2023-04-28,17642.72265625,17642.72265625,17428.684958475325,17428.684958475325,7137104
2023-05-04,17275.8046875,17489.840474582677,17245.226767613734,17489.840474582677,4646496
2023-05-05,17031.189453125,17306.379124876174,17000.613466405113,17275.803138156283,7015080
2023-05-08,17061.765625,17153.49551657918,17031.1896379483,17122.91952952748,6031605
2023-05-09,17122.919921875,17275.80372148478,17122.919921875,17153.495909627305,4750744
2023-05-10,17275.8046875,17275.8046875,17092.34488987935,17153.49686880341,9009183
2023-05-11,17336.955078125,17398.10898187077,17275.803104803286,17367.532995209913,4926750
2023-05-12,17367.533203125,17367.533203125,17214.649407142355,17336.955285674023,6328828
2023-05-15,17184.07421875,17520.415882949677,17184.07421875,17428.685987181732,11091371
2023-05-16,17092.34375,17275.803535385814,17092.34375,17245.225617538774,5023078
2023-05-17,16817.15234375,17184.073849358545,16817.15234375,17122.9199433531,8494899
2023-05-18,16970.037109375,17061.76700839177,16817.153300872305,16939.461119844156,7620034
2023-05-19,17122.919921875,17245.225803308345,16908.882216336482,17061.76601594626,3370321
2023-05-22,17092.34375,17245.225617538774,17092.34375,17122.919737422933,5118758
2023-05-23,17061.765625,17184.073434054964,16939.459746369117,17184.073434054964,6543302
2023-05-24,16970.037109375,17122.920917877695,16878.30721035823,17122.920917877695,6338364
2023-05-25,16878.306640625,17000.61445546831,16847.730652126258,16908.88262912374,5009824
2023-05-26,17000.61328125,17000.61328125,16817.151571656585,16878.30547485439,5465923
2023-05-29,17122.919921875,17214.649815556044,17000.61404044165,17000.61404044165,7856326
2023-05-30,17153.49609375,17214.650000335154,17061.766199084344,17184.07401225465,4926426
2023-05-31,17122.919921875,17153.495909627305,17000.61404044165,17153.495909627305,13842976
2023-06-01,17092.34375,17184.073642692907,17031.189844730026,17122.919737422933,4065139
2023-06-02,17520.416015625,17581.569923408115,17122.920441095222,17153.49642977469,23729312
2023-06-05,17581.5703125,17765.030109485244,17520.41640336351,17673.300210992624,8187491
2023-06-06,17550.994140625,17734.453935702382,17489.84023212447,17642.72403816369,14368598
2023-06-07,17673.298828125,17856.75861075522,17581.568936809887,17642.72284116132,12876011
2023-06-08,17459.263671875,17734.45335548775,17459.263671875,17673.29944898798,10934919
2023-06-09,17336.955078125,17520.414858938257,17184.073214396656,17459.262885616543,14728371
2023-06-12,17367.533203125,17398.109190151896,17031.18962413281,17367.533203125,17026002
2023-06-13,17306.37890625,17398.10879567493,17245.225003158703,17336.95489258363,11480397
2023-06-14,17550.994140625,17856.759822279233,17398.110334585777,17398.110334585777,28208530
2023-06-15,17734.453125,17948.488899331238,17550.993338309192,17550.993338309192,15844700
2023-06-16,17428.685546875,17856.75902645223,17428.685546875,17765.029133001688,12012945
2023-06-19,17489.83984375,17642.723646394326,17459.2638553908,17459.2638553908,5696721
2023-06-20,17856.759765625,17856.759765625,17459.26418769321,17520.416165575516,8536275
2023-06-21,17826.18359375,17917.91349005632,17642.723801137363,17795.60567469844,7822871
2023-06-22,18009.642578125,18131.948457569848,17856.75878100087,17917.912685935342,8246808
2023-06-23,17887.3359375,18070.795733871564,17826.183958992293,18040.21974461771,9299296
2023-06-26,17887.3359375,18009.643755363857,17673.300151874584,17765.030050060366,10444233
2023-06-27,17948.48828125,17948.48828125,17734.452514289384,17917.9122946625,8543547
2023-06-28,18345.984375,18468.292185840925,17948.48881582727,17979.064803325447,14245281
2023-06-29,18284.83203125,18407.13790920025,18040.21834492543,18345.984005013088,8406329
2023-06-30,18040.21875,18193.102548688712,17948.488856871594,18162.524630696505,9137996
2023-07-03,17887.3359375,18101.37365354964,17856.75994824615,18040.21974461771,7562982
2023-07-04,18009.642578125,18040.21856538019,17765.028888811208,17826.18279374568,8283981
2023-07-05,18070.794921875,18162.52481593897,17948.489039931083,18070.794921875,7412833
2023-07-06,17948.48828125,18101.37207503561,17642.722624102826,18070.79415802406,11459063
2023-07-07,18101.373046875,18101.373046875,17765.029454658415,17887.33533799892,6325273
2023-07-10,18162.525390625,18223.679298744017,18040.219504811164,18193.103309896607,14059414
2023-07-11,18529.443359375,18712.903137277008,18315.407595297333,18315.407595297333,23449543
2023-07-12,18345.984375,18590.59806625774,18223.678494583182,18529.44416083728,10366169
2023-07-13,18345.984375,18468.292185840925,18254.25448208136,18468.292185840925,8602701
2023-07-14,18284.83203125,18468.29181338741,17979.06444073827,18345.984005013088,13038118
2023-07-17,18162.525390625,18315.409195710443,18070.79549365857,18284.833206863037,10669859
2023-07-18,18254.25390625,18345.983796275013,18162.524016224987,18162.524016224987,7549243
2023-07-19,18284.83203125,18376.561922318702,18040.21834492543,18345.984005013088,10926354
2023-07-20,18131.94921875,18284.8330222922,18070.795311248283,18284.8330222922,7586114
2023-07-21,18162.525390625,18223.679298744017,18040.219504811164,18131.94940177759,8982081
2023-07-24,18254.25390625,18407.13769976637,18193.10193318269,18284.831823207704,8540882
2023-07-25,18284.83203125,18529.443787150496,18254.254113944386,18315.408018131544,9845941
2023-07-26,18223.677734375,18376.56152633649,18162.5238315056,18315.407623467087,9980426
2023-07-27,17948.48828125,18284.83185540873,17917.9122946625,18254.25393839717,12851489
2023-07-28,18040.21875,18040.21875,17917.912869303498,17979.06484443969,8581929
2023-07-31,18345.984375,18345.984375,18101.37261416637,18284.83240000365,9319097
2023-08-01,18590.59765625,18835.21134211289,18407.13787445885,18468.29177853059,23699962
2023-08-02,18988.095703125,19049.24767859564,18651.752116339965,18651.752116339965,21625855
2023-08-03,18896.365234375,19018.67111201797,18774.05742630796,18926.941221179728,13249922
2023-08-04,18957.517578125,18957.517578125,18743.48180546479,18957.517578125,12214414
2023-08-07,19935.970703125,19935.970703125,19110.40165730846,19232.7075391399,21208043
2023-08-08,19935.970703125,20088.854503232404,19752.51091516577,20088.854503232404,15135745
2023-08-09,19874.81640625,19935.97031117548,19599.626729721494,19874.81640625,13146672
2023-08-10,19355.015625,19966.54697322602,19324.43770629179,19874.8170779497,12922959
2023-08-11,19630.205078125,19660.781066046595,19140.97768883468,19416.167371401432,11279753
2023-08-14,19752.51171875,19813.66562736569,19385.59212790428,19630.205831942832,10376492
2023-08-15,19813.6640625,19813.6640625,19599.6263644617,19752.51015871419,8583250
2023-08-16,19783.0859375,19997.12363328904,19507.89626899184,19691.35604799728,13725928
2023-08-17,19935.970703125,20119.430491084237,19721.93492731394,19813.66482129356,20740485
2023-08-18,18774.05859375,19844.241363552243,18774.05859375,19752.511467009885,25934349
2023-08-21,19569.05078125,19752.51056596589,18712.903832293112,18896.365547433103,19368176
2023-08-22,19293.861328125,19599.626996059214,18896.365766768104,19569.051008393035,9447099
2023-08-23,19140.978515625,19416.16821007851,18988.096638989195,19355.01623159388,10388172
2023-08-24,19416.16796875,19507.89786576104,19018.67239184357,19263.28609401441,8239397
2023-08-25,19049.248046875,19416.16762848902,18988.096070222105,19416.16762848902,14104513
2023-08-28,19049.248046875,19140.977942278507,18957.518151471497,18988.096070222105,8777420
2023-08-29,19110.40234375,19446.745943898022,19110.40234375,19202.13224102453,6184343
2023-08-30,19630.205078125,19630.205078125,19232.7075830236,19232.7075830236,15217120
2023-08-31,19844.240234375,19935.970125697742,19660.780451729515,19660.780451729515,8602866
2023-09-05,19966.546875,20180.58458320789,19874.81698017495,19874.81698017495,9759764
2023-09-06,19966.546875,20027.70078169142,19721.93510908263,19997.124793557785,7295507
2023-09-07,19966.546875,20364.044372857992,19966.546875,19997.124793557785,12778398
2023-09-08,19752.51171875,19997.12542278855,19752.51171875,19997.12542278855,6019493
2023-09-11,19507.896484375,20027.69984077081,19446.744510980712,19874.81604643697,13462476
2023-09-12,19752.51171875,19752.51171875,19416.16811700002,19569.05192332714,7420360
2023-09-13,19905.39453125,20027.70041195074,19538.47495872367,19752.51073255599,13041997
2023-09-14,20302.890625,20578.08031162801,20027.700938371985,20027.700938371985,22910369
2023-09-15,20027.701171875,20486.350654935755,19966.547263992168,20241.736953828626,11930679
2023-09-18,19599.626953125,20027.700431634483,19446.74508470485,20027.700431634483,14857023
2023-09-19,19630.205078125,19721.93497231392,19293.86148929092,19599.62715977927,8005504
2023-09-20,19599.626953125,19783.08673956848,19416.167166681524,19630.20487114833,11571228
2023-09-21,19385.591796875,19660.781485310137,19385.591796875,19630.205496736515,9806146
2023-09-22,19355.015625,19416.167601568108,18957.51812518651,19263.28572972368,13369445
2023-09-25,18223.677734375,19385.590306349462,18223.677734375,19232.706514387974,11042723
2023-09-26,18529.443359375,18865.78692900336,18193.101720170667,18284.831609121677,8494575
2023-09-27,18957.517578125,18957.517578125,18345.984317121976,18590.59800760801,6152013
2023-09-28,18865.787109375,18957.516999203013,17642.72255514283,18774.057219546987,12726833
2023-09-29,18376.5625,18988.0957698234,18376.5625,18682.328169699635,8841903
2023-10-02,18315.408203125,18560.02189192027,17092.343619996824,18407.13809512021,8622095
2023-10-03,17795.60546875,18040.219166210663,17581.569689987016,18040.219166210663,12873425
2023-10-04,17673.298828125,17795.60470640379,17489.839045494777,17550.99294984621,4973459
2023-10-05,17184.07421875,17826.183489125604,17184.07421875,17765.029581805582,8605611
2023-10-06,17550.994140625,17581.57012966316,17031.190744431013,17428.68632362394,5098393
2023-10-09,17826.18359375,17856.759582377377,17520.41598577948,17520.41598577948,3221628
2023-10-10,17917.912109375,18070.793971155625,17856.75820640833,17948.488095646317,5075605
2023-10-11,18040.21875,18040.21875,17765.029070614786,17917.912869303498,3539217
2023-10-12,18101.373046875,18193.102941986417,17948.48924488125,18162.52502333317,4036370
2023-10-13,17917.912109375,18101.37188785097,17734.452330899025,17917.912109375,2420301
2023-10-16,17612.14453125,17917.912115768417,17612.14453125,17887.334199062152,3353997
2023-10-17,17489.83984375,17826.183437397853,17489.83984375,17734.453541896088,2780559
2023-10-18,17336.955078125,17612.144749344887,17153.495297311743,17489.8388722774,3709891
2023-10-19,17489.83984375,17489.83984375,17122.920261742947,17336.956041105674,3006508
2023-10-20,17979.064453125,18193.102152715488,17061.76554180598,17398.109119430977,6136820
2023-10-23,17917.912109375,17979.064081917637,17612.144524965686,17979.064081917637,2630250
2023-10-24,18040.21875,18040.21875,17765.029070614786,17917.912869303498,4198800
2023-10-25,17734.453125,18040.21879267664,17703.875206935452,17917.912911690808,2891433
2023-10-26,17336.955078125,17459.262885616543,16847.729639431,17336.955078125,9784650
2023-10-27,17245.2265625,17398.11036884023,16970.036869342115,17336.956460219295,4753328
2023-10-30,16908.8828125,17245.22641133047,16908.8828125,16908.8828125,3407495
2023-10-31,16939.4609375,17122.92073355869,16878.307028672363,16970.03692670171,4643910
2023-11-01,16756.0,17000.613688222915,16694.84609533825,17000.613688222915,5328222
2023-11-02,17275.8046875,17428.686565234384,16878.307172372435,16878.307172372435,3865856
2023-11-03,17122.919921875,17398.109602918128,17122.919921875,17367.533615165823,5882426
2023-11-06,17459.263671875,17550.993566412584,17336.955858875463,17336.955858875463,3842422
2023-11-07,17459.263671875,17550.993566412584,17306.37987083765,17367.53377733742,4194275
2023-11-08,17887.3359375,17887.3359375,17275.804569877608,17489.840355503024,4807957
2023-11-09,18040.21875,18193.102548688712,17856.75896374319,17948.488856871594,8059971
2023-11-10,17979.064453125,17979.064453125,17703.874779729293,17887.3345619931,5685407
2023-11-13,17979.064453125,18070.7943442569,17856.758575090487,17917.91247931978,5251936
2023-11-14,18223.677734375,18407.137512559177,18101.371859060226,18254.253720597684,6097223
2023-11-15,18468.29296875,18712.904739953225,18407.139060737096,18407.139060737096,8813619
2023-11-16,18498.869140625,18529.44512972196,18284.833356097846,18315.40934519481,3691627
2023-11-17,18162.525390625,18529.444978490705,18009.643515963755,18468.29300079589,7048535
2023-11-20,18070.794921875,18193.102734243053,17795.605239683082,17856.75914586711,3569764
2023-11-21,17979.064453125,18254.254126520704,17979.064453125,18254.254126520704,3584310
2023-11-22,18101.373046875,18162.52502333317,17948.48924488125,18040.219139992667,3579947
2023-11-23,17856.759765625,18193.103365674484,17856.759765625,18193.103365674484,3222113
2023-11-24,18101.373046875,18101.373046875,17550.993676206494,17856.759349769833,5056210
2023-11-27,17979.064453125,18131.948248486195,17795.604670861198,18131.948248486195,2443253
2023-11-28,17917.912109375,17917.912109375,17642.722441661037,17917.912109375,3852605
2023-11-29,17979.064453125,18070.7943442569,17856.758575090487,17917.91247931978,4250357
2023-11-30,17971.736328125,18245.06892998444,17869.234672003662,17971.736328125,3835418
2023-12-01,17971.736328125,18074.23605382229,17766.734946306373,18074.23605382229,2968880
2023-12-04,18142.5703125,18176.736889819447,17937.56891815916,18074.23715786111,11047747
2023-12-05,18108.404296875,18245.07061039196,18108.404296875,18176.73745363348,4277522
2023-12-06,18210.90234375,18245.068918961788,18108.402618114636,18108.402618114636,5053371
2023-12-07,18381.73828125,18518.404590506147,18142.57030962758,18279.23854930789,8355274
2023-12-08,18381.73828125,18518.404590506147,18245.07004156969,18450.071435878075,6536136
2023-12-11,18347.572265625,18484.238579065022,18245.07060012076,18415.90542234501,3360131
2023-12-12,18450.0703125,18450.0703125,18245.068930673628,18381.73716203256,4839943
2023-12-13,18279.23828125,18689.239133430103,18245.069774012867,18552.57089575398,5423710
2023-12-14,18279.23828125,18415.904588501988,18074.23688994788,18415.904588501988,5602775
2023-12-15,18245.0703125,18347.57197638837,18005.904267750248,18108.404001214425,6470036
2023-12-18,17800.90234375,18245.069772711417,17800.90234375,18108.40346546918,16174223
2023-12-19,18108.404296875,18108.404296875,17732.570004279136,17835.069739416853,4163028
2023-12-20,18142.5703125,18176.736889819447,17903.40234083971,17971.73742590277,14079546
2023-12-21,18142.5703125,18176.736889819447,17937.56891815916,18040.070580541666,4543576
2023-12-22,18074.236328125,18176.73605537787,18005.903176623087,18108.40290387596,6001402
2023-12-25,18381.73828125,18381.73828125,18108.40373231354,18142.57030962758,7949703
2023-12-26,18313.404296875,18415.90402417304,18313.404296875,18347.57087264101,4697762
2023-12-27,18347.572265625,18381.738843985004,18279.23910890499,18313.405687264996,5921416
2023-12-28,18518.404296875,18518.404296875,18279.238259469003,18347.57141301357,5236980
2023-12-29,18518.404296875,18689.23911116056,18518.404296875,18586.739380843705,7194972
2024-01-02,18586.740234375,18620.906812716268,18484.238568926976,18552.57172560951,4773120
2024-01-03,18860.07421875,18860.07421875,18484.238007561748,18586.7396698968,4691543
2024-01-04,19543.41015625,20158.4124252602,18825.906222121957,18894.24130900859,21585639
2024-01-05,19816.744140625,19919.24387236055,19611.74274672974,19645.909323974924,12851553
2024-01-08,20192.578125,20363.412939147984,19850.91042712817,20158.41154825523,17520966
2024-01-09,20500.080078125,20602.579812519278,20021.74412343664,20226.7455226494,21132771
2024-01-10,21183.4140625,21285.915720355,20397.578958014783,20500.0786854457,20832354
2024-01-11,21183.4140625,21525.08175102715,20773.41322235224,21251.74914454469,14414967
2024-01-12,21525.08203125,21764.24999545982,20910.07979780995,21046.748033254466,25100102
2024-01-15,21456.75,21661.751398667428,21183.4154452515,21559.251664545816,10228506
2024-01-16,21456.75,21456.75,21046.74913308935,21217.582023292038,10864564
2024-01-17,21285.916015625,21525.082049614768,21183.41435634813,21217.580932632387,9922014
2024-01-18,21525.08203125,21593.41711418431,21115.08118576467,21285.915997464286,12789068
2024-01-19,22276.751953125,22276.751953125,21490.914927281698,21661.74973478644,21042661
2024-01-22,22310.919921875,22310.919921875,21832.58590575272,22242.586766775272,14724062
2024-01-23,22003.41796875,22413.41881440453,21798.41658071068,22310.919085596925,14978918
2024-01-24,21866.751953125,22140.08649732087,21798.416869257933,21832.58537640353,8096513
2024-01-25,21900.91796875,21935.084544596128,21593.41685571077,21866.751392903872,9090190
2024-01-26,21935.0859375,22037.58567154724,21832.586203452764,21935.0859375,7487144
2024-01-29,22071.751953125,22379.25308156098,21866.7524877838,21935.08564289753,11838924
2024-01-30,22003.41796875,22174.25278052012,21900.91823994239,22105.917697557605,6852678
2024-01-31,21593.41796875,22208.420226528942,21388.41657268229,22174.253648921687,17696848
2024-02-01,21900.91796875,21935.084544596128,21490.9151977483,21490.9151977483,7443319
2024-02-02,21661.75,21969.251112934144,21559.250272496647,21866.75138543079,9704392
2024-02-05,23165.08984375,23165.08984375,21695.917376528,21695.917376528,31520238
2024-02-06,23506.7578125,23540.924389984,23130.923529751853,23233.423262203847,12697367
2024-02-07,24258.427734375,24805.096822031064,23506.75725624188,23506.75725624188,19749145
2024-02-15,23916.759765625,24463.426916649616,23916.759765625,24326.76061149949,12944846
2024-02-16,24087.59375,24121.76032785197,23677.592885352144,24121.76032785197,10884015
2024-02-19,24190.091796875,24258.4268782384,23575.089577572824,23985.092344056982,15588576
2024-02-20,24053.42578125,24326.760318684304,23711.758092063144,24121.758933002555,9954269
2024-02-21,24292.59375,24736.761166947188,23950.92606071199,24087.59236425756,15175050
2024-02-22,24395.09375,24429.26032626782,24087.59263316552,24395.09375,10234726
2024-02-23,24053.42578125,25385.92996212115,23916.75947774489,24463.42662218941,37408387
2024-02-26,24360.927734375,24497.59404259152,23985.09345635542,24053.42661046368,9274027
2024-02-27,24702.595703125,24805.09736582269,24224.261688757728,24395.094575880263,13257702
2024-02-28,24565.9296875,24907.59739625927,24360.92829007476,24873.43081842576,14217533
2024-02-29,24292.59375,24805.09624914406,24053.42578837117,24736.761166947188,18655811
2024-03-01,24326.76171875,24395.094874435297,23916.76085421402,24395.094874435297,13335374
2024-03-04,24600.095703125,25215.097950921318,24019.260032381357,24326.76115627951,25767413
2024-03-05,24907.595703125,24907.595703125,24429.25978512317,24600.094593102127,10729829
2024-03-06,24668.427734375,25249.263378680214,24360.92662447365,24873.42911778392,16076591
2024-03-07,24463.427734375,24634.26255194717,24224.261692367807,24600.095974517568,13538988
2024-03-08,23575.08984375,24497.593183118886,23575.08984375,24463.426607263456,30126053
2024-03-11,23335.923828125,23745.924669084176,23165.089018311293,23575.08985927047,11546032
2024-03-12,23575.08984375,23643.424925884945,23199.25557891617,23233.422154771608,9778531
2024-03-13,24019.259765625,24019.259765625,23370.090947985645,23643.4254917955,9057067
2024-03-14,23540.923828125,24053.42633900125,23370.09094478234,24053.42633900125,10139408
2024-03-15,23745.92578125,24190.09321889016,23199.25668075121,23506.75780847876,14039481
2024-03-18,22755.087890625,23916.759177533044,22105.917165852105,23745.924369871955,16467553
2024-03-19,22755.087890625,23096.75557552312,22515.919932069097,22823.42104151981,12013509
2024-03-20,23472.58984375,23575.089570126634,22550.08651508811,22686.752816923625,14353495
2024-03-21,23848.42578125,23848.42578125,23267.590096756416,23643.42631408111,13464826
2024-03-22,24395.09375,24873.42967859769,23916.75975182642,23985.092904362056,23166699
2024-03-25,23711.7578125,24395.093182817145,23575.08958018213,24258.426880923344,14120190
2024-03-26,24053.42578125,24190.09208475511,23677.59151618687,23745.92466793942,5498200
2024-03-27,24258.427734375,24258.427734375,23780.091800069917,23916.760037195992,7596348
2024-03-28,24429.259765625,24531.76142250019,24121.75865584756,24531.76142250019,10170361
2024-03-29,24292.59375,24429.26005354557,24019.259212484776,24429.26005354557,6668048
2024-04-01,23916.759765625,24190.09237592525,23745.92495376323,24190.09237592525,11452884
2024-04-02,23916.759765625,24053.426070775127,23301.755601177105,23575.090141901463,10267993
2024-04-03,23267.58984375,23916.76060733181,23165.09011128011,23848.425521927707,13175546
2024-04-04,22925.921875,23438.424392308967,22891.755297902622,23370.09123811421,10420588
2024-04-05,22686.75390625,22960.088453469507,22618.42075205116,22686.75390625,14253114
2024-04-08,22891.755859375,23404.258389254257,22515.921571661507,22755.08954763344,17860002
2024-04-09,23404.2578125,23404.2578125,22925.92187234383,23165.08984242192,7605894
2024-04-10,22994.25390625,23472.589823101636,22994.25390625,23472.589823101636,6713465
2024-04-11,23028.423828125,23028.423828125,22720.92269993324,22755.08927746297,6074446
2024-04-12,24531.76171875,24634.26144643893,22994.25422087152,23096.75587898453,34590945
2024-04-15,22857.587890625,24805.096227411705,22823.42131476854,24463.426607998957,42397889
2024-04-16,23267.58984375,23267.58984375,22413.419615228417,23165.09011128011,22439883
2024-04-17,22345.0859375,23404.257536606918,22310.919360809345,23404.257536606918,27837804
2024-04-19,21593.41796875,22379.253114565214,21354.24999507504,21935.08567524673,19006419
2024-04-22,22071.751953125,22140.087038662918,21661.751092018425,21900.91906534067,11264707
2024-04-23,21525.08203125,22208.419347624364,21285.915997464286,22037.584535924747,15605498
2024-04-24,22515.919921875,22515.919921875,21661.7497448044,21866.75112782008,13180753
2024-04-25,22550.087890625,22550.087890625,22037.585366631472,22447.588157995968,7179640
2024-04-26,22413.419921875,22652.58789800106,21969.25247800449,22242.58703208796,13007330
2024-05-02,22105.91796875,22413.419089369305,21866.75193193153,22413.419089369305,9345190
2024-05-03,22140.0859375,22447.58705064205,21969.25112778816,22174.25251335755,8939475
2024-05-06,22686.75390625,22720.922413773573,22105.918234711567,22276.75305063281,11248942
2024-05-07,22413.419921875,22720.92298434008,22413.419921875,22686.754475958467,7338455
2024-05-08,22276.751953125,22550.086486878143,22105.91714562026,22310.918528541137,12440486
2024-05-09,22481.75390625,22823.421599501125,22174.25278928157,22413.418823260487,10477287
2024-05-10,22447.587890625,22652.58735344134,22242.586497384505,22652.58735344134,6956750
2024-05-13,22071.751953125,22447.58816709889,22037.58537556813,22447.58816709889,10198566
2024-05-14,22071.751953125,22345.08650400411,22037.58537556813,22140.087038662918,8268924
2024-05-15,22105.91796875,22550.087326546847,22037.58481537329,22174.253052550837,11825477
2024-05-16,22686.75390625,23028.4235380925,22242.5864735334,22413.419359030493,20707674
2024-05-17,22618.419921875,22823.42130737139,22481.75361849346,22789.25473152601,8893190
2024-05-20,22789.255859375,23165.090142698496,22584.25446373301,22755.0892818387,17817189
2024-05-21,22994.25390625,23301.75501553346,22789.254453677066,22857.58760453471,8937450
2024-05-22,22550.087890625,23165.09014724756,22345.086494942752,23130.923569704548,17732661
2024-05-23,22720.921875,22720.921875,22276.75252239168,22515.92048684046,8061510
2024-05-24,22208.419921875,23165.08987302712,22071.751682896607,22618.420777961863,20382090
2024-05-27,22140.0859375,22345.085392645316,21935.08455193061,22345.085392645316,11885792
2024-05-28,22003.41796875,22208.41935678932,21661.750275633876,22174.25278052012,35980646
2024-05-29,21627.583984375,22003.418258713107,21627.583984375,22003.418258713107,22667836
2024-05-30,21730.083984375,21935.08537766153,21422.582859657283,21422.582859657283,14755594
2024-05-31,21798.416015625,22003.41739835002,21730.082864858014,21730.082864858014,9170320
2024-06-03,22276.751953125,22413.418254789543,21900.917693123447,22037.58399478799,26037514
2024-06-04,22413.419921875,22515.921586171426,22174.25387617314,22345.086765960183,12992866
2024-06-05,22140.0859375,22515.92020235716,22140.0859375,22481.753626499605,12188089
2024-06-06,22276.751953125,22345.08510395727,22105.91714562026,22208.418802292726,10959517
2024-06-07,22413.419921875,22481.75500821402,22310.920188002776,22413.419921875,6292129
2024-06-10,22891.755859375,23199.256991217717,22481.75499372612,22515.921571661507,19838388
2024-06-11,22686.75390625,23199.256423589595,22652.58732915058,23199.256423589595,15559069
2024-06-12,22891.755859375,22994.255593181173,22447.588415790724,22720.922969698047,11558616
2024-06-13,23165.08984375,23335.92465965104,22891.755296562824,23233.422997940757,20321630
2024-06-14,22413.419921875,23199.257006168,22413.419921875,23165.090428210588,15288158
2024-06-17,22379.251953125,22515.92018688538,22071.750840194247,22413.418528959075,12975509
2024-06-18,22105.91796875,22447.58759648179,22105.91796875,22379.252512680952,11406888
2024-06-19,22208.419921875,22242.58649901356,21832.585642926693,22140.08676759788,10279854
2024-06-20,22003.41796875,22242.58593305852,21866.751663673196,22071.7511212884,10391082
2024-06-21,22003.41796875,22174.25278052012,21969.2513924808,22140.086204250914,7154039
2024-06-24,21627.583984375,22105.917988871464,21559.250830936096,22003.418258713107,12350954
2024-06-25,21593.41796875,21798.417434393526,21490.91630550405,21798.417434393526,7887797
2024-06-26,21388.416015625,21627.58398307088,21217.581201613903,21593.417406353485,9511960
2024-06-27,21388.416015625,21456.74916905978,21285.916285472824,21388.416015625,6100336
2024-06-28,21183.4140625,21490.915175216844,21183.4140625,21388.415447785923,6973962
2024-07-01,21866.751953125,21866.751953125,21080.91489725885,21080.91489725885,5868912
2024-07-02,22071.751953125,22105.918530681865,21798.41740224589,21866.7524877838,7481070
2024-07-03,22105.91796875,22208.41962923919,21900.91850861988,22105.91796875,4988778
2024-07-04,22071.751953125,22208.420193776645,21900.91906534067,22140.087038662918,3726794
2024-07-05,22345.0859375,22447.587597996106,21935.085086787974,22105.917970241266,8277747
2024-07-08,22276.751953125,22379.251679373407,22071.750570204124,22379.251679373407,5788058
2024-07-09,22345.0859375,22413.41909088132,22140.086477356053,22276.75278411869,7036446
2024-07-10,22140.0859375,22447.58705064205,22140.0859375,22345.085392645316,7909493
2024-07-11,22003.41796875,22276.75250932772,22003.41796875,22208.41935678932,5938050
2024-07-12,21866.751953125,22071.751413453803,21798.416869257933,22003.41826001087,6650981
2024-07-15,21935.0859375,22003.41909353149,21866.75278146851,21900.91935948425,3918297
2024-07-16,22208.419921875,22447.587892269068,21935.08537434237,21969.25195148093,9651971
2024-07-17,22550.087890625,23096.756992161536,22242.58676231372,22345.086494942752,32907914
2024-07-18,22857.587890625,22857.587890625,22379.25196778642,22755.088163055625,14398478
2024-07-19,22823.421875,23096.75641898511,22379.252517115143,22720.92214491463,15014499
2024-07-22,22994.25390625,23301.75501553346,22652.58622153772,22686.75279696654,23062992
2024-07-23,22140.0859375,23028.422701068605,21900.91797607305,23028.422701068605,14331943
2024-07-24,22003.41796875,22208.41935678932,21661.750275633876,22105.917697557605,15138456
2024-07-25,21559.25,21866.751109047505,21456.748343368126,21866.751109047505,12912302
2024-07-26,21900.91796875,21969.25112044225,21559.25027986464,21559.25027986464,4745783
2024-07-29,21935.0859375,22105.91882757873,21935.0859375,21969.252515515745,4951316
2024-07-30,21866.751953125,21935.08510656793,21730.083715814995,21866.751953125,6196811
2024-07-31,21866.751953125,22071.751413453803,21730.083715814995,21866.751953125,9713154
2024-08-01,21490.916015625,22174.253349825474,21388.4162841858,21866.752225083717,16923747
2024-08-02,21559.25,21559.25,20670.91324826009,21217.580385125835,15480385
2024-08-05,20602.578125,21149.247191174552,20500.078399001293,21115.08061584165,15443936
2024-08-06,20875.9140625,20910.080640131437,20465.913200498588,20841.747484868563,7939434
2024-08-07,20636.74609375,20944.2491533572,20534.24636083039,20944.2491533572,7289132
2024-08-08,20636.74609375,20807.58091237353,20534.24636083039,20636.74609375,10462679
2024-08-09,21525.08203125,21525.08203125,20739.24691653444,20739.24691653444,10847855
2024-08-12,21661.75,21695.916575834453,21320.082311231406,21559.250272496647,4704126
2024-08-13,21764.25,21764.25,21422.5823069536,21764.25,6168028
2024-08-14,21730.083984375,21866.75222337407,21593.417675800083,21764.25056151873,7041075
2024-08-15,21764.25,21832.585082948564,21490.915459478056,21730.08342373777,7573061
2024-08-16,22208.419921875,22208.419921875,21730.08398108686,21764.25055822542,11483114
2024-08-19,22310.919921875,22345.086499424862,22105.91852615164,22208.42018922541,8939041
2024-08-20,22686.75390625,22789.25556797241,22276.75305063281,22310.919627732237,15663210
2024-08-21,23370.091796875,23370.091796875,22550.08813565983,22720.9229556554,40276599
2024-08-22,23643.42578125,23916.76032840615,23438.42438827685,23472.59096536835,26712954
2024-08-23,23882.591796875,23882.591796875,23335.924633536564,23506.75751882228,14903416
2024-08-26,23643.42578125,23916.76032840615,23506.757542459847,23916.76032840615,13891804
2024-08-27,23814.2578125,23916.75947052196,23404.25697168441,23643.424933170205,17474103
2024-08-28,23848.42578125,23882.59235911148,23575.09122793395,23848.42578125,9819464
2024-08-29,23916.759765625,24155.925799637724,23575.090141901463,23882.59125891336,18389818
2024-08-30,23950.92578125,23985.09235673773,23677.591246924072,23916.759205762268,11750698
2024-09-04,24121.759765625,24121.759765625,23540.92409483113,23643.425756422148,15584670
2024-09-05,23916.759765625,24258.427458924427,23643.42522490064,24053.426070775127,12300764
2024-09-06,24258.427734375,24258.427734375,23643.42549336796,23780.091800069917,13900337
2024-09-09,24224.26171875,24224.26171875,23916.760591124545,24053.42690099178,7775267
2024-09-10,23882.591796875,24292.59458240902,23780.09206570357,24190.09292081344,11002909
2024-09-11,23882.591796875,23985.09345847058,23540.92409587942,23882.591796875,7946955
2024-09-12,23916.759765625,24087.59264706266,23711.7583774757,24087.59264706266,9221667
2024-09-13,23848.42578125,23916.76086739716,23677.59289194259,23780.092625527035,5134430
2024-09-16,23677.591796875,23882.59125456285,23575.09013760697,23882.59125456285,8987640
2024-09-17,23882.591796875,23882.591796875,23472.59094176513,23609.257249993705,7723920
2024-09-18,24395.09375,24805.09652606205,23780.091516331035,23882.59124513449,25500899
2024-09-19,24600.095703125,24736.762011335668,24326.76115627951,24429.26088743751,8599571
2024-09-20,24600.095703125,25044.263135233825,24565.929126072333,24634.262280177667,19134859
2024-09-23,24531.76171875,24805.09625634457,24360.92690884436,24565.92829464631,8142074
2024-09-24,24634.26171875,24736.76144757198,24360.92717813395,24531.76198992802,8142364
2024-09-25,24600.095703125,25010.09655818116,24600.095703125,24941.763404075824,14330641
2024-09-26,24873.4296875,24907.596263780048,24224.260877330875,24600.09514683551,33054868
2024-09-27,25283.431640625,25659.26592659008,24907.59735465992,24907.59735465992,22748689
2024-09-30,25249.263671875,25420.09848177018,25044.262286085603,25215.097095980786,7087323
2024-10-01,24941.763671875,25351.76453133333,24839.263939616463,25249.26479907479,17841488
2024-10-02,24600.095703125,24907.59682702316,24565.929126072333,24702.595434283,16365871
2024-10-03,24736.76171875,25112.59792273226,24531.76225885872,24600.095412155813,14716252
2024-10-04,24326.76171875,24702.59600544333,24326.76171875,24702.59600544333,12422551
2024-10-07,24463.427734375,24565.92939708797,24258.42826979741,24531.76281965837,9126060
2024-10-08,24429.259765625,24702.594299918732,24292.59346369017,24463.42634110871,9665857
2024-10-09,24668.427734375,25010.095419773825,24395.09319997113,24463.42635096608,13718380
2024-10-10,24702.595703125,25044.26340779424,24634.262548275987,24907.597098096216,9105088
2024-10-11,24770.927734375,24805.09624067381,24463.426621078383,24770.927734375,6194641
2024-10-14,24634.26171875,24907.59625936605,24634.26171875,24873.42968309206,6082835
2024-10-15,24702.595703125,25146.765070491936,24668.42912570049,24770.928857974013,15313326
2024-10-16,24805.09765625,24907.597389723625,24531.763103229467,24668.42941452764,5869925
2024-10-17,24975.9296875,24975.9296875,24634.261990565978,24941.76311084901,8968692
2024-10-18,24770.927734375,25215.0970815946,24770.927734375,25146.76392984515,10203484
2024-10-21,24258.427734375,24839.263398706556,24258.427734375,24668.428584904985,11921373
2024-10-22,23916.759765625,24360.92718778702,23780.09153005077,24258.427458924427,13768281
2024-10-23,23950.92578125,24019.258932225468,23745.92439789954,23916.759205762268,6538451
2024-10-24,23814.2578125,24019.25919811984,23267.58873779649,23916.75947052196,9323349
2024-10-25,23643.42578125,23780.092089616,23575.09069664285,23745.9255125245,6569982
2024-10-28,23711.7578125,23780.090963446903,23609.256155655585,23677.59123702655,3367363
2024-10-29,23882.591796875,23882.591796875,23711.758911589284,23711.758911589284,4316057
2024-10-30,23745.92578125,23916.76059906493,23575.09096343506,23848.42551368445,3856680
2024-10-31,24395.09375,24429.26032626782,23780.091516331035,23848.42466886667,13732844
2024-11-01,24326.76171875,24565.92969407274,24258.428563064703,24292.595140907357,11639470
2024-11-04,24395.09375,24565.928561763205,24155.925785701154,24292.594021196543,7726090
2024-11-05,23950.92578125,24395.093193014596,23950.92578125,24258.42689106366,7453443
2024-11-06,24531.76171875,24531.76171875,23985.09264356086,24053.425795353483,5261280
2024-11-07,24326.76171875,24702.59600544333,24326.76171875,24531.76311623009,6541199
2024-11-08,23916.759765625,24600.09515222385,23780.09153005077,24395.093764074554,7246897
2024-11-11,23882.591796875,23916.760304356296,23130.923240769556,23916.760304356296,24222137
2024-11-12,23575.08984375,23814.257805162106,23370.090388617413,23780.09122930667,6363002
2024-11-13,23472.58984375,23575.089570126634,23199.25530965492,23540.922994667755,6514440
2024-11-14,22960.087890625,23438.42381913923,22960.087890625,23438.42381913923,7705262
2024-11-15,22618.419921875,22960.087610752933,22413.41853637861,22960.087610752933,12189391
2024-11-18,22755.087890625,22994.25391875684,22345.085124408008,22618.41965841132,5941666
2024-11-19,22789.255859375,22960.08874705651,22550.08788619671,22891.755591983907,9142260
2024-11-20,23233.421875,23233.421875,22584.253080715785,22584.253080715785,9528883
2024-11-21,23916.759765625,23916.759765625,22960.08790787768,23233.42244860204,11461707
2024-11-22,23916.759765625,24053.426070775127,23711.7583774757,23848.424682625828,9077027
2024-11-25,23985.09375,23985.09375,23711.75919979643,23882.59208715855,5768243
2024-11-26,24121.759765625,24155.92634268062,23848.42521875588,23916.76030329127,6564920
2024-11-27,24019.259765625,24121.75949564465,23882.59152850801,23985.093188951785,4187472
2024-11-28,24190.091796875,24190.091796875,23882.59068722391,24121.75864593566,4758366
2024-11-29,24429.259765625,24497.592916592417,24087.59208036385,24258.426888206457,7631784
2024-12-02,24497.59375,24600.095410362293,24395.094020061835,24531.762257070182,6462949
2024-12-03,24531.76171875,24565.92829464631,24224.26060525912,24565.92829464631,7869717
2024-12-04,24121.759765625,24395.09431249412,24121.759765625,24326.76115838288,5984913
2024-12-05,24873.4296875,24941.7628400601,23950.92633666638,24121.75921806662,15229290
2024-12-06,24770.927734375,25044.26227179689,24770.927734375,24941.762544172718,8137157
2024-12-09,24907.595703125,24941.76227863598,24634.261168613102,24702.594319635064,6446604
2024-12-10,24839.263671875,24941.763403028697,24668.42885619468,24907.596825977464,4792501
2024-12-11,24839.263671875,25010.096557131164,24736.76201029715,24805.097094823766,6514585
2024-12-12,24805.09765625,25146.76536491961,24736.76257017672,24873.430811899085,7213196
2024-12-13,24839.263671875,24941.763403028697,24668.42885619468,24702.595433245915,6211275
2024-12-16,24770.927734375,25078.428847671614,24736.761158500278,24839.262816548537,4172140
2024-12-17,24770.927734375,24839.262816548537,24634.2614308761,24770.927734375,5125896
2024-12-18,24770.927734375,24873.429392423262,24463.426621078383,24736.761158500278,4271653
2024-12-19,24736.76171875,24736.76171875,24326.76086854332,24497.593751786048,9204166
2024-12-20,24702.595703125,24702.595703125,24395.094575880263,24600.09597085148,5074260
2024-12-23,24770.927734375,24805.09624067381,24668.428006750823,24736.761158500278,4514503
2024-12-24,24736.76171875,24736.76171875,24531.76225885872,24668.428565452905,4254007
2024-12-25,26103.43359375,26445.10127962475,24736.76091982694,24736.76091982694,36571790
2024-12-26,26103.43359375,26240.099895930274,25966.76536114566,26240.099895930274,7112093
2024-12-27,26513.435546875,26513.435546875,25966.76645429215,26205.934423600163,13797643
2024-12-30,26581.76953125,26581.76953125,26205.93333913718,26308.4349962698,10530659
2024-12-31,25830.099609375,26445.10184313935,25830.099609375,26376.76869059311,8741607
2025-01-02,26035.1015625,26171.767870558662,25693.4338619292,25966.76647804652,8306096
2025-01-03,25420.099609375,25966.766778356083,25420.099609375,25830.100468716853,15069318
2025-01-06,25420.099609375,25727.600736487435,25317.59794672141,25454.266186784807,8743921
2025-01-07,25590.931640625,25966.765909988582,25385.93025259754,25625.098216892224,9258984
2025-01-08,25830.099609375,25898.43276192124,25454.26533994659,25556.765068765944,5546510
2025-01-09,25556.765625,25898.433325591574,25454.26589394977,25830.10017155809,6206068
2025-01-10,25625.09765625,26103.43357437403,25420.098203131754,25556.764505210584,10849446
2025-01-13,25761.767578125,25761.767578125,24736.76252362106,25420.099870098416,13757433
2025-01-14,25249.263671875,25898.43247471333,25215.097095980786,25590.931361241277,6446170
2025-01-15,25112.59765625,25351.763690251915,25010.09599696793,25283.43053767994,7843393
2025-01-16,25146.763671875,25420.098206492865,24873.42913725714,25180.930247399225,9738755
2025-01-17,25420.099609375,25420.099609375,25010.096819608974,25146.765059672376,5771569
2025-01-20,25488.431640625,25761.766178278616,25385.92998248984,25454.26506472131,6497228
2025-01-21,25488.431640625,25830.099330085995,25317.596830682454,25590.931368336074,8099261
2025-01-22,25488.431640625,25693.433026471237,25454.26506472131,25693.433026471237,6638542
2025-01-23,26035.1015625,26103.43471652933,25488.432469417057,25556.76562344639,11029957
2025-01-24,25966.765625,26069.267283100817,25795.932745538787,26035.10070720857,7433917
2025-02-03,26000.935546875,26376.76983257515,25830.100727689005,26137.60185788444,12103330
2025-02-04,26923.4375,27162.60353149728,26000.9341586668,26137.60046237953,21404405
2025-02-05,26889.271484375,27128.437520855885,26718.43667075024,27094.27094421576,9699558
2025-02-06,26991.771484375,27230.939453673127,26786.770092058872,26923.438330411005,9606554
2025-02-07,27880.107421875,28153.44195976978,26820.93584622971,26991.77065632298,21686887
2025-02-10,27538.439453125,28085.108523376344,27367.60464476243,27880.107139426076,13957470
2025-02-11,27811.775390625,27948.44169986703,27435.93917936108,27572.60741902728,12190837
2025-02-12,27675.107421875,27880.108818169007,27606.77426658506,27811.775662879063,7158233
2025-02-13,27914.275390625,28221.776519796756,27538.441106176007,27538.441106176007,10074465
2025-02-14,27709.2734375,28255.942529579945,27675.10686054802,28016.77456049195,8303203
2025-02-17,27435.939453125,27777.60909048769,27435.939453125,27675.107427109207,10365047
2025-02-18,27538.439453125,28016.77344177688,27367.60464476243,27435.93779593783,9623333
2025-02-19,27675.107421875,27982.60855110392,27640.94084423003,27709.27399951997,8904038
2025-02-20,27914.275390625,28050.94170117948,27640.94083909186,28050.94170117948,7780474
2025-02-21,28358.44140625,28358.44140625,27675.106026944915,27914.27398882892,11181539
2025-02-24,28631.77734375,28665.945851767294,28255.94305980158,28358.44279258092,10529358
2025-02-25,28597.609375,28768.44418507933,28290.10826119648,28665.944457286183,8358600
2025-02-26,28255.94140625,28563.442517017083,28085.10852828166,28563.442517017083,13805743
2025-02-27,28358.44140625,28392.60991259693,27914.27398882892,28187.608526635773,8822606
2025-02-28,28358.44140625,28426.77648851978,28016.773716597458,28221.77510255862,8162469
2025-03-03,28187.609375,28187.609375,27914.274828966583,28153.44279804884,11129324
2025-03-04,28426.77734375,28563.44365155304,27880.108251689555,28016.77455949259,10931601
2025-03-05,28153.443359375,28870.945350503254,28119.276781742625,28426.77791085819,11328349
2025-03-06,28460.943359375,28529.27651192881,28153.44224245876,28290.10854756637,8321428
2025-03-07,28973.4453125,28973.4453125,28460.942817260213,28495.109392886323,15735240
2025-03-10,29007.61328125,29178.446167585,28768.445309956845,29178.446167585,17323532
2025-03-11,29110.11328125,29110.11328125,28563.444179093087,28700.112419844405,10072006
2025-03-12,29144.279296875,29588.448657722136,28905.11132798994,29246.779027643966,13689452
2025-03-13,28905.111328125,29178.445873934324,28802.611597355557,29178.445873934324,11477039
2025-03-14,28905.111328125,28905.111328125,28563.443628469377,28734.278443509254,11429018
2025-03-17,29110.11328125,29110.11328125,28836.778730171543,28905.11188533511,5033327
2025-03-18,28700.111328125,29315.113562051494,28665.944751842875,29315.113562051494,7985140
2025-03-19,28392.611328125,28700.11245718532,28290.109664822103,28631.777371508662,12567191
2025-03-20,28426.77734375,28563.44365155304,28016.77455949259,28392.61076679924,12907673
2025-03-21,28460.943359375,28460.943359375,28050.940583203945,28426.776783098096,10676023
2025-03-24,28563.443359375,28563.443359375,28085.10935653314,28290.108816140742,10943028
2025-03-25,28905.111328125,28905.111328125,28495.11047462308,28665.945289662963,7313432
2025-03-26,28529.27734375,29007.61328642159,28426.77761193073,28870.945046905064,8943814
2025-03-27,28426.77734375,28529.27707460228,28187.609374670537,28290.109105522813,5104056
2025-03-28,28255.94140625,28392.60963904874,28119.27510387533,28358.441133031003,6125504
2025-03-31,28324.275390625,28324.275390625,27948.44111761503,28153.442507631436,6710862
2025-04-01,28597.609375,28597.609375,28050.94029925505,28460.943071275808,7017209
2025-04-02,28665.9453125,28905.11135115257,28495.110497324014,28665.9453125,8093909
2025-04-03,26684.26953125,27811.77425828785,26684.26953125,27811.77425828785,28855246
2025-04-04,26445.1015625,26445.1015625,24839.26284258429,24839.26284258429,25620083
2025-04-08,24600.095703125,26103.43474556312,24600.095703125,24668.42885723033,28212321
2025-04-09,23096.755859375,25283.430227850946,23096.755859375,23096.755859375,25320533
2025-04-10,24702.595703125,24702.595703125,24702.595703125,24702.595703125,4204829
2025-04-11,26240.1015625,26308.436648354324,24975.93046534577,25283.43159520556,29284103
2025-04-14,26171.767578125,26376.76896834653,25864.266458004768,26376.76896834653,14428356
2025-04-15,25795.93359375,25966.766478828467,25420.099316153213,25830.10017076569,14830951
2025-04-16,25420.099609375,26035.101863599863,25420.099609375,25795.93389130705,9684371
2025-04-17,25454.265625,25522.59877831148,25044.262844282883,25283.430811297178,14136968
2025-04-18,25590.931640625,26000.93441667992,25590.931640625,25864.26618118691,12502681
2025-04-21,25454.265625,25864.266475292985,25078.42942093862,25659.265084934428,16067623
2025-04-22,25351.763671875,25385.93024813622,23677.59178295464,25215.09736683012,21982821
2025-04-23,25488.431640625,25727.599602374925,25283.430254778767,25556.764792432383,9771155
2025-04-24,25556.765625,25590.932202016746,25180.931347391688,25590.932202016746,9915216
2025-04-25,25385.9296875,25625.097646470746,25317.596536486664,25420.09819343073,9384677
2025-04-28,25180.931640625,25454.26619036608,25078.42997795699,25454.26619036608,7544567
2025-04-29,25420.099609375,25420.099609375,25078.42997442859,25112.59848226257,7169370
2025-05-05,25522.599609375,25625.0993426798,25317.59821234121,25488.43303160673,5590265
2025-05-06,25693.43359375,25864.26647704023,25420.0990500615,25522.59878003564,10536144
2025-05-07,25590.931640625,25659.26479315945,25385.93025259754,25625.098216892224,9214764
2025-05-08,25659.265625,25693.43413279903,25420.099583375963,25556.765892875414,11625131
2025-05-09,25590.931640625,25830.099604919684,25556.765064357776,25727.59987611801,9168872
2025-05-12,25864.265625,25932.598776065013,25590.93109031589,25625.0976658484,13112269
2025-05-13,26923.4375,26923.4375,26035.100734594984,26035.100734594984,22920768
2025-05-14,27060.103515625,27060.103515625,26718.435829556554,26957.603788931687,13553261
2025-05-15,27162.603515625,27435.93805331483,26820.935826118737,27060.10378790035,14285368
2025-05-16,26650.103515625,27196.772602677436,26650.103515625,27196.772602677436,9614497
2025-05-19,26718.4375,26786.770655401084,26342.60321486986,26479.269525672025,10607909
2025-05-20,26991.771484375,26991.771484375,26445.102391814755,26445.102391814755,9659189
2025-05-21,26957.60546875,27606.77430577433,26855.1038052454,26855.1038052454,12604532
2025-05-22,26547.6015625,26991.770914740504,26410.935257456214,26889.271185957667,10314203
2025-05-23,26513.435546875,26650.103785232783,26376.76923894136,26547.602123858407,6386097
2025-05-26,26820.935546875,26820.935546875,25966.76536679041,26479.26786092598,11099903
2025-05-27,27060.103515625,27060.103515625,26650.10267842768,26820.935556249868,11270322
2025-05-28,27025.9375,27162.60380508929,26718.436383125,27128.437228816965,8170056
2025-05-29,26581.76953125,26991.770368508267,26581.76953125,26957.60379293875,10879434
2025-05-30,26171.767578125,26752.60324173256,26103.4344248592,26752.60324173256,11206684
2025-06-02,26240.1015625,26410.936381499523,25932.600432640207,26137.6018293548,6488088
2025-06-03,26342.6015625,26479.267864729616,26240.099905403724,26410.934713614806,6307147
2025-06-04,26308.435546875,26581.770087575776,26274.26704016631,26445.101852013337,6116404
2025-06-05,26342.6015625,26479.267864729616,25966.76537052043,26308.4349869426,6363484
2025-06-06,26103.43359375,26274.26647147534,26000.9338671148,26274.26647147534,5124214
2025-06-09,25966.765625,26137.600434885306,25898.432473215515,26103.43385899306,5139656
2025-06-10,25864.265625,26103.4335841516,25864.265625,25966.76535159752,6828642
2025-06-11,25966.765625,25966.765625,25659.26451154573,25966.765625,9122310
2025-06-12,26308.435546875,26342.602123159584,25898.43277061178,26000.93442988964,11970044
2025-06-13,27265.10546875,27845.94112632183,26069.26757732848,26240.100458717778,34621218
2025-06-16,27538.439453125,27538.439453125,27265.104917999328,27299.271493587028,8915755
2025-06-17,27572.607421875,27640.940576503075,27196.773140996436,27640.940576503075,11484546
2025-06-18,27435.939453125,27606.774271806345,27299.27314251927,27470.10603077643,8215813
2025-06-19,27811.775390625,28050.941431798557,27367.606024740064,27470.10575667159,14752426
2025-06-20,28221.775390625,28563.443083765025,27777.6079686702,27880.10769748497,18119790
2025-06-23,28255.94140625,28255.94140625,27709.272335903173,27982.606871076587,7404883
2025-06-24,28392.611328125,28563.444216256183,28255.943087195865,28392.611328125,14303453
2025-06-25,28495.109375,28700.11075905205,28358.44114215728,28495.109375,12516578
2025-06-26,28631.77734375,28631.77734375,28221.776482208465,28563.44418856377,8824178
2025-06-27,28665.9453125,28802.611620301468,28392.61076647292,28700.111889450367,8648099
2025-06-30,28631.77734375,28700.112429360408,28392.61130059821,28700.112429360408,9384185
2025-07-01,28631.77734375,28700.112429360408,28392.61130059821,28495.11103337755,6008668
2025-07-02,28631.77734375,28768.445584546636,28563.44418856377,28597.61076615689,6256569
2025-07-03,29041.779296875,29212.61217990624,28563.44336353928,28597.609940145525,15617836
2025-07-04,29178.4453125,29246.77846503147,28836.777619418543,29178.4453125,7994342
2025-07-07,30340.1171875,30340.1171875,29349.280666224324,29383.447243120987,18073968
2025-07-08,30340.1171875,30476.7854255108,30100.94921879921,30408.45034129333,7425024
2025-07-09,30750.119140625,30886.785444520643,30271.78321614207,30340.11636808989,11520753
2025-07-10,30750.119140625,30750.119140625,30271.78321614207,30681.784058253088,9542127
2025-07-11,30476.78515625,30715.951192413624,30442.618579655194,30715.951192413624,8433359
2025-07-14,30271.783203125,30442.61801334518,29861.78236119029,30408.449506961875,17635911
2025-07-15,30169.283203125,30647.617192663653,30135.114697049885,30271.782930078123,10638529
2025-07-16,30715.951171875,30715.951171875,29998.449203015636,30169.284016299545,8414249
2025-07-17,30750.119140625,30852.61886854673,30476.784602409625,30681.784058253088,11017264
2025-07-18,30784.287109375,31125.954814996298,30442.619403753702,30750.12053185529,12067792
2025-07-21,30886.78515625,31262.619418879392,30545.117469275632,31160.119691914304,9624464
2025-07-22,31160.12109375,31160.12109375,30545.118843443524,30886.786545788884,7112174
2025-07-23,31194.287109375,31330.953415683176,30613.451446716987,31228.453685952045,9300398
2025-07-24,31228.453125,31399.287935240667,30886.78543494275,31194.28654903668,7407270
2025-07-25,31160.12109375,31570.1219504796,31057.62136217364,31296.78740251848,8697227
2025-07-28,31160.12109375,31433.45564171112,31023.452854557363,31091.78793936576,15996243
2025-07-29,29930.115234375,31467.620790341785,29930.115234375,31296.78598171256,21450820
2025-07-30,31570.12109375,32014.29044604229,29964.28235717779,30066.782085972576,32581432
2025-07-31,31365.12109375,32458.459237016603,30784.285446442627,32458.459237016603,29533332
2025-08-01,30271.783203125,31433.4545074348,30169.283475247343,31433.4545074348,23618959
2025-08-04,31194.287109375,31262.62026252909,29793.447817595537,30066.78236063602,14345159
2025-08-05,31775.123046875,33312.630588685584,31160.120802320424,31399.288770852567,35240075
2025-08-06,32458.4609375,32629.29189439604,31809.29017441066,32253.459542291566,15198467
2025-08-07,32697.62890625,32800.12670820566,32082.62472069848,32800.12670820566,13536281
2025-08-08,32595.126953125,32800.12641605876,31980.12470347541,32765.96176932729,18108233
2025-08-11,32458.4609375,32697.628910172472,32219.291034403348,32663.460402284258,13081591
2025-08-12,32800.125,33107.626111549245,32116.789625540358,32458.45924319425,20904949
2025-08-13,33893.46484375,33893.46484375,32219.29096887198,32868.45980021679,25816287
2025-08-14,34303.46875,34918.47102397018,33893.46594707039,34303.46875,27090016
2025-08-15,33483.4609375,34781.80241773852,33346.79463247959,34713.465404380106,22943982
2025-08-18,33141.796875,33756.79913998738,32936.79354610526,33517.63116350913,18386506
2025-08-19,33893.46484375,34030.131153328206,33380.96425240757,33415.128899377945,17003053
2025-08-20,34576.80078125,35533.47268462388,33551.79572204205,33927.633870402075,23141792
2025-08-21,35396.8046875,36011.80692157112,34850.13560600921,35055.135063750175,25889113
2025-08-22,34781.8046875,36490.14133343272,34098.46539610875,35191.803629316586,35340932
2025-08-25,33551.79296875,35260.133306959084,33346.79351807022,35191.80015673249,22915329
2025-08-26,34986.80078125,34986.80078125,33141.794138622245,33175.95878338494,14709338
2025-08-27,34918.46875,36353.47267553021,34713.46543146124,35533.47098391983,26869714
2025-08-28,35260.13671875,35396.80689327556,34440.13497583896,34986.8040913958,16491259
2025-08-29,35055.13671875,35465.13951443693,34781.80409552431,35465.13951443693,17822699
2025-09-03,34576.80078125,34986.80357710286,34440.13446958185,34918.47042126879,14812972
2025-09-04,34850.13671875,35396.80581769556,34440.133929328746,34576.80023885305,13235219
2025-09-05,34371.80078125,35260.13565417906,34371.80078125,34986.8030350773,16276368
2025-09-08,33825.1328125,34235.13561570165,33517.631675310884,34166.802458642785,21385602
2025-09-09,33893.46484375,34030.131153328206,33380.96425240757,33825.1316889609,11059828
2025-09-10,34508.46484375,35123.467057530856,33893.462629969144,33893.462629969144,17448501
2025-09-11,34576.80078125,34576.80078125,33380.964762881056,34303.468157913696,10084347
2025-09-12,34440.1328125,35123.46819881059,34440.1328125,34645.13227013871,11805756
2025-09-15,35260.13671875,35260.13671875,34132.63383964126,34576.80128951606,18671085
2025-09-16,35875.13671875,36285.13949465944,35396.80465117857,35533.47095619898,27259013
2025-09-17,35123.46875,35875.13730065269,35123.46875,35875.13730065269,11405273
2025-09-18,34986.80078125,35260.13338274385,34576.798018161135,35191.800232370384,12025075
2025-09-19,34986.80078125,35123.467081996925,34371.79856704075,34918.46763087654,11808058
2025-09-22,33688.46484375,34781.803024688685,33517.63002906928,34645.13285643514,17058132
2025-09-23,34166.80078125,34166.80078125,33756.79799817712,33825.13115188122,6257963
2025-09-24,34508.46484375,34508.46484375,33688.46317899155,33961.795780295004,7613052
2025-09-25,34371.80078125,34713.4665551272,34235.13447169912,34508.46709080088,6836538
2025-09-26,34645.1328125,35260.13505589206,34132.63222995604,34371.80019803609,15047058
2025-09-29,34850.13671875,34986.803028274306,34440.133929328746,34645.1333936152,6392698
2025-09-30,34713.46484375,34850.135007411365,34166.799632497125,34713.46484375,9612516
2025-10-01,35191.80078125,35465.13724785511,34440.1322545702,34850.135024053794,11292108
2025-10-02,35191.80078125,35806.80300505132,34986.80132693228,35396.80409641587,12347845
2025-10-03,34713.46484375,35123.4676130378,34371.79908671696,35055.13446163119,11042870
2025-10-06,35806.8046875,36011.80801229834,34850.13666155167,35055.13612550167,14011456
2025-10-07,35260.13671875,36080.1423225095,35260.13671875,36080.1423225095,11086729
2025-10-08,36148.47265625,36490.13841375957,35533.47043188462,35670.136734888445,17492616
2025-10-09,37583.4765625,37583.4765625,35943.47320462625,36148.47265914843,34702940
2025-10-10,37720.1484375,38608.48330824269,37515.14511282989,38061.81421053629,19649228
2025-10-13,38266.8125,38471.815818378825,37310.14450400893,37378.477656519135,19231507
2025-10-14,37610.62109375,38647.67578125,37610.62109375,38647.67578125,20005635
2025-10-15,37887.16796875,38163.71875,37403.20703125,37679.7578125,11750284
2025-10-16,37195.796875,38025.44140625,36988.38671875,37956.3046875,16042788
2025-10-17,36089.6015625,37472.34375,36089.6015625,37126.66015625,25828118
2025-10-20,33808.07421875,36919.24609375,33738.9375,36504.42578125,36496345
2025-10-21,34534.015625,34845.1328125,33808.07421875,33877.2109375,20119047
2025-10-22,34914.26953125,34914.26953125,33531.52734375,34914.26953125,17043350
2025-10-23,34361.171875,34845.1328125,34292.03515625,34568.5859375,12361361
2025-10-24,34430.30859375,34499.4453125,33185.83984375,34119.19140625,17020902
2025-10-27,33600.6640625,34464.87890625,33600.6640625,34430.30859375,7946190
2025-10-28,33877.2109375,33877.2109375,33012.99609375,33566.09375,9161104
2025-10-29,34326.60546875,34775.99609375,33911.78125,34015.48828125,10820898
2025-10-30,34015.48828125,34464.87890625,33946.34765625,34430.30859375,7064300
2025-10-31,33877.2109375,34914.26953125,33877.2109375,34464.87890625,14427083
2025-11-03,33531.52734375,34292.03515625,33531.52734375,34084.625,8375354
2025-11-04,34534.015625,34568.5859375,33082.13671875,33358.68359375,12654803
2025-11-05,35467.3671875,35674.77734375,34222.8984375,34430.30859375,15435329
2025-11-06,35329.09375,35398.23046875,34637.72265625,35398.23046875,12337441
2025-11-07,33877.2109375,35398.23046875,33496.95703125,34914.26953125,19046253
2025-11-10,33185.83984375,33877.2109375,32943.859375,33669.80078125,11837720
2025-11-11,33531.52734375,33531.52734375,32494.46875,33289.546875,12843592
2025-11-12,34015.48828125,34222.8984375,33254.9765625,33531.52734375,9738139
2025-11-13,33773.5078125,33980.91796875,33462.390625,33980.91796875,8205032
2025-11-14,33566.09375,33600.6640625,33220.41015625,33531.52734375,9579526
2025-11-17,33773.5078125,33842.64453125,33427.8203125,33704.37109375,7825225
2025-11-18,34153.76171875,34257.46875,33773.5078125,33808.07421875,8781866
2025-11-19,34119.19140625,34153.76171875,33704.37109375,34153.76171875,7831848
2025-11-20,33946.34765625,34084.625,33635.23046875,34084.625,6711369
2025-11-21,33946.34765625,34015.48828125,33393.25390625,33600.6640625,9596204
2025-11-24,33738.9375,34015.48828125,33704.37109375,33946.34765625,6241557
2025-11-25,33289.546875,33842.64453125,33289.546875,33669.80078125,8249808
2025-11-26,33808.07421875,33808.07421875,33116.703125,33393.25390625,10341031
2025-11-27,33773.5078125,34292.03515625,33738.9375,33877.2109375,11131613
2025-11-28,33877.2109375,33877.2109375,33324.11328125,33635.23046875,6870397
2025-12-01,33462.390625,33842.64453125,33462.390625,33808.07421875,5717779
2025-12-02,33911.78125,34015.48828125,33462.390625,33842.64453125,13055878
2025-12-03,35951.328125,36227.875,34222.8984375,34222.8984375,33005748
2025-12-04,35951.328125,36366.15234375,35743.9140625,36089.6015625,11046684
2025-12-05,35605.640625,36089.6015625,35398.23046875,36020.46484375,9785052
2025-12-08,35329.09375,35536.50390625,34983.40625,35536.50390625,9195965
2025-12-09,34637.72265625,35190.8203125,34534.015625,35190.8203125,13890518
2025-12-10,34914.26953125,35121.6796875,34637.72265625,34845.1328125,7928735
2025-12-11,34637.72265625,35052.54296875,34568.5859375,35052.54296875,6708951
2025-12-12,34222.8984375,34983.40625,34222.8984375,34775.99609375,13052806
2025-12-15,34361.171875,34395.7421875,33911.78125,34292.03515625,9451816
2025-12-16,35259.95703125,35259.95703125,33911.78125,34568.5859375,22011647
2025-12-17,34700.0,35550.0,34350.0,35500.0,10879670
2025-12-18,34350.0,34750.0,33950.0,34700.0,5829595
2025-12-19,34450.0,34600.0,34050.0,34350.0,8136052
