Date,Close,High,Low,Open,Volume
2020-12-21,8373.232421875,8390.01245778847,8054.412656010183,8054.412656010183,17589748
2020-12-22,8255.7724609375,8390.012752968141,8155.093158405672,8390.012752968141,11643621
2020-12-23,8054.4130859375,8255.772611156164,8054.4130859375,8222.212537537858,17788519
2020-12-24,7785.93212890625,8071.192741175974,7551.011624684124,8054.412705160108,18541574
2020-12-25,8054.4130859375,8087.973159555805,7769.152460181902,7802.712533800208,14201748
2020-12-28,8004.07275390625,8205.433190041142,7903.392535838803,8121.53300831827,15857689
2020-12-29,7936.95263671875,8020.852818739621,7903.392563910401,8004.072782335447,9857085
2020-12-30,7920.17236328125,8020.852578693159,7920.172363281249,7936.952399183235,52669363
2020-12-31,7970.5126953125,8037.632840809496,7920.172586189753,7953.732658938251,7235871
2021-01-04,8087.97314453125,8121.533218087213,8020.852997419323,8104.753181309231,19096890
2021-01-05,8306.1123046875,8356.452412588313,8087.972753608431,8087.972753608431,20223298
2021-01-06,8608.1533203125,8759.173650474948,8322.892696672323,8322.892696672323,31686745
2021-01-07,8994.09375,9044.433857736642,8708.83313949236,8725.613175404576,25276185
2021-01-08,9094.7744140625,9229.01470798146,8994.09419362328,9128.33448754224,19364509
2021-01-11,9010.8740234375,9212.2344596919,8893.413768955766,9128.334277919234,18927146
2021-01-12,8977.314453125,9027.654565005778,8826.294117482665,8960.534415831407,14267157
2021-01-13,9010.8740234375,9061.2141325011,8960.5339143739,8977.313950728434,20103052
2021-01-14,8994.09375,9061.213893648855,8893.413534526715,9061.213893648855,10486651
2021-01-15,9363.2548828125,9396.814955865402,9044.43418880994,9061.21422533639,20423801
2021-01-18,9145.1142578125,9363.25472907465,9061.214076557828,9363.25472907465,14402227
2021-01-19,8507.47265625,9061.213837949192,8507.47265625,9061.213837949192,18399482
2021-01-20,8557.8134765625,8675.273737010672,8054.413276847241,8507.473364941854,18625131
2021-01-21,8658.4931640625,8826.293525748728,8390.012585364537,8624.933091725256,13184936
2021-01-22,8759.173828125,8876.634087300297,8624.933531924662,8658.493605974747,12408364
2021-01-25,8608.1533203125,8759.173650474948,8557.813210258351,8759.173650474948,9222939
2021-01-26,8222.2119140625,8524.252553724058,8054.412475186067,8524.252553724058,10542859
2021-01-27,7819.4921875,8306.112314632725,7718.811971577825,8071.192727305439,13068044
2021-01-28,7282.53125,7483.891687763753,7282.53125,7282.53125,12608869
2021-01-29,7483.8916015625,7785.932254729154,6779.130535752544,6779.130535752544,15087912
2021-02-01,7450.33154296875,7769.152233020697,7316.091252420561,7517.451688242844,9622554
2021-02-02,7785.93212890625,7886.612345001447,7366.431228509597,7450.331408588928,10767413
2021-02-03,8054.4130859375,8087.973159555805,7785.932496991055,7853.052644227666,12577271
2021-02-04,7903.392578125,8104.753015337248,7836.272432387584,8054.412906034187,14048198
2021-02-05,8087.97314453125,8087.97314453125,7903.392739973453,7920.172776751435,9228811
2021-02-08,7869.83251953125,8087.972993573533,7668.472081953757,8071.192957108742,10957572
2021-02-09,8087.97314453125,8087.97314453125,7819.492556083545,7920.172776751435,8825565
2021-02-17,8524.2529296875,8524.2529296875,8087.9729029808195,8155.093048088176,11755953
2021-02-18,8557.8134765625,8658.49369980379,8390.013104493682,8524.253402148737,15054635
2021-02-19,8574.5927734375,8641.712916469862,8356.452308582326,8423.572451614686,12442593
2021-02-22,8658.4931640625,8792.733453411482,8574.592983219387,8574.592983219387,18510756
2021-02-23,8708.8330078125,8809.513221763473,8557.81268688604,8591.372758203031,12894386
2021-02-24,8541.033203125,8775.953717523837,8457.133019411129,8725.613607295514,12412558
2021-02-25,8557.8134765625,8624.933625390026,8322.892955666157,8608.153588183144,13789247
2021-02-26,8440.3525390625,8524.252718366766,8373.232395619087,8390.01243147994,12104391
2021-03-01,8658.4931640625,8658.4931640625,8490.692802376274,8490.692802376274,9149393
2021-03-02,8960.5341796875,9061.214400795752,8692.05359006549,8759.173737470994,23929419
2021-03-03,9044.4345703125,9161.894830952237,8893.414235204269,8977.314421375508,15943624
2021-03-04,8792.7333984375,9061.213975456869,8658.493109927816,9027.653903329448,12398855
2021-03-05,8675.2734375,8826.293767148012,8591.373254362215,8792.733693892898,14165226
2021-03-08,8708.8330078125,8826.293257421969,8675.272936495508,8792.733186104977,8251735
2021-03-09,8708.8330078125,8759.173114787985,8473.912508593563,8675.272936495508,7127007
2021-03-10,8759.173828125,8792.733902175085,8591.373457874577,8708.833717049873,7848767
2021-03-11,8859.853515625,8926.973659674786,8759.17329955032,8893.413587649893,10127866
2021-03-12,8943.75390625,9010.874051879997,8876.633760620005,8893.413797027502,11329776
2021-03-15,8943.75390625,8994.094015472496,8910.193833435002,8943.75390625,7943845
2021-03-16,8994.09375,9027.653821824428,8893.413534526715,8994.09375,12722124
2021-03-17,9229.0146484375,9262.574721700716,9027.654208858205,9027.654208858205,21806922
2021-03-18,9229.0146484375,9329.694868227149,9061.214282121418,9329.694868227149,20237837
2021-03-19,9111.5546875,9195.454873378889,9044.43453879689,9161.894799027332,13800992
2021-03-22,9044.4345703125,9111.554719249492,8960.53438414126,9111.554719249492,11082853
2021-03-23,8893.4140625,9044.434394675516,8826.293914866437,9044.434394675516,11037550
2021-03-24,8557.8134765625,8826.294071872606,8390.013104493682,8759.17392304508,14927957
2021-03-25,8591.373046875,8692.05326420885,8524.252901985767,8557.812974430382,11550695
2021-03-26,8641.712890625,8708.833033456625,8322.892212174784,8557.81271208547,11207014
2021-03-29,8725.61328125,8792.733425713053,8624.933064555422,8725.61328125,8806829
2021-03-30,8792.7333984375,8843.073506628632,8675.273145991527,8759.17332631008,11443033
2021-03-31,8859.853515625,8994.093803724572,8826.293443600107,8926.973659674786,10860534
2021-04-01,8994.09375,9027.653821824428,8859.853462702287,8926.973606351145,10826417
2021-04-02,9145.1142578125,9195.454366565304,9061.214076557828,9077.99411280876,17396934
2021-04-05,9279.3544921875,9497.494962141833,9245.794419886834,9497.494962141833,16495361
2021-04-06,9262.57421875,9329.69436163186,9128.33393298628,9279.354254470463,15546530
2021-04-07,9312.9150390625,9329.695076067925,9195.45478002454,9279.354965051654,12118653
2021-04-08,9413.5947265625,9463.934834720303,9363.254618404697,9396.814690509898,17236977
2021-04-09,9396.814453125,9447.154560011097,9363.2543818676,9447.154560011097,10879271
2021-04-12,9363.2548828125,9430.375028918304,9061.21422533639,9430.375028918304,27405395
2021-04-13,9279.3544921875,9497.494962141833,9229.0143837365,9497.494962141833,16344913
2021-04-14,9363.2548828125,9363.2548828125,9178.674481021544,9279.354700180247,8261521
2021-04-15,9178.6748046875,9363.255212987282,9178.6748046875,9363.255212987282,13022463
2021-04-16,8943.75390625,9195.454452362485,8893.413797027502,9128.334306732486,12974083
2021-04-19,9161.89453125,9161.89453125,8943.754054340548,9161.89453125,10332845
2021-04-20,9128.333984375,9262.574270894436,9077.993876930212,9245.794235079507,9704767
2021-04-22,8826.2939453125,9128.334610705411,8826.2939453125,9128.334610705411,11969602
2021-04-23,9027.654296875,9044.434333670208,8725.613634561252,8826.293855332502,11902487
2021-04-26,8893.4140625,9094.774505400688,8759.173767232875,9027.654357767124,11062157
2021-04-27,8994.09375,9044.433857736642,8725.613175404576,8893.413534526715,17494249
2021-04-28,9010.8740234375,9044.434096146566,8960.5339143739,8994.093987082966,8202797
2021-04-29,9145.1142578125,9212.23440281624,9010.873967805024,9010.873967805024,13525541
2021-05-04,9128.333984375,9161.89405600486,8926.973554595845,8943.753590410775,14760732
2021-05-05,9749.1943359375,9765.974371654152,9161.894002345762,9161.894002345762,57087737
2021-05-06,9665.2958984375,9883.435464873395,9598.175749844551,9833.095353428684,15220184
2021-05-07,10068.015625,10235.815992340637,9531.05536600113,9531.05536600113,44026878
2021-05-10,10336.49609375,10487.516422618008,10000.895362932206,10000.895362932206,25462709
2021-05-11,10068.015625,10403.616359681271,10068.015625,10336.496212745018,15037578
2021-05-12,10135.1357421875,10168.69581555712,9900.215228600153,10000.895448709014,26044369
2021-05-13,10168.6953125,10420.395850320245,10101.575169081269,10135.135240790634,25327921
2021-05-14,10470.736328125,10571.416546813109,10235.815817852752,10336.49603654086,21132142
2021-05-17,10453.9560546875,10705.656595701754,10336.49580221418,10554.6362710932,23551901
2021-05-18,10269.3759765625,10470.736415621335,10235.815903386028,10453.9563790331,20637449
2021-05-19,10554.63671875,10588.196792308629,10252.596056722356,10269.37609350167,19845679
2021-05-20,10739.216796875,10839.897014490434,10403.61607149022,10554.636397913371,27316748
2021-05-21,10705.6572265625,10940.577745352486,10638.53707833679,10739.217300675356,16066110
2021-05-24,10655.31640625,10772.776657827662,10604.976298431002,10705.656514068998,15319460
2021-05-25,10907.017578125,10907.017578125,10571.416839861517,10571.416839861517,16651124
2021-05-26,11007.697265625,11091.597446120906,10873.45697683155,11007.697265625,12355231
2021-05-27,10739.216796875,11209.056895922551,10705.656724336524,11074.81752225978,18419313
2021-05-28,11024.4775390625,11074.81764844378,10705.656846314389,10806.337065076948,19452039
2021-05-31,11343.296875,11376.856946618132,10873.456788837251,11074.817218546052,28312282
2021-06-01,11511.09765625,11746.01816621284,11410.417437694496,11410.417437694496,14507932
2021-06-02,11410.4169921875,11544.657278353576,11242.616634479906,11410.4169921875,13906417
2021-06-03,12014.4990234375,12148.739317910871,11511.097919162352,11594.99810320821,28452383
2021-06-04,11897.0380859375,12081.61848029086,11746.017763284754,12048.058408590248,26535702
2021-06-07,11628.5576171875,12048.058517227775,11410.417149166557,11980.938373221332,19431906
2021-06-08,10839.8974609375,11628.55828158202,10839.8974609375,11628.55828158202,18167914
2021-06-09,11209.056640625,11360.076963608512,10403.615834537391,10839.896767600869,15775559
2021-06-10,10974.1376953125,11410.417737352702,10907.017547846135,11175.498137711596,11309923
2021-06-11,11561.4375,11662.117716243214,10974.137155072382,11007.697227153452,17405602
2021-06-14,11443.9775390625,11611.777903739798,11410.41746612704,11578.21783080434,12779731
2021-06-15,11662.1181640625,11947.378787705466,11410.417613789296,11443.977687159057,15668733
2021-06-16,11343.296875,11662.117555372262,11108.377290164184,11477.537161472532,10757625
2021-06-17,11276.1767578125,11360.076937051648,10974.137029042686,10974.137029042686,12293151
2021-06-18,11494.3173828125,11594.997599291988,11343.297058093269,11443.977274572757,10734694
2021-06-21,11292.95703125,11427.197320856883,11242.616922647418,11393.637248455165,8154978
2021-06-22,11527.8779296875,11611.77811354206,11276.177378123812,11343.297525207465,13560217
2021-06-23,11494.3173828125,11645.337707531731,11494.3173828125,11645.337707531731,8553470
2021-06-24,11494.3173828125,11662.117743611649,11427.19723849284,11494.3173828125,8055703
2021-06-25,11846.6982421875,11846.6982421875,11494.317481484317,11561.43762638016,13972694
2021-06-28,12081.619140625,12115.179214159874,11980.93892002038,12064.839103857565,26700972
2021-06-29,12048.05859375,12148.738810399129,11913.818304884497,12031.278557641812,13177664
2021-06-30,11913.818359375,12081.618721224351,11913.818359375,12048.05864885448,9541732
2021-07-01,12232.6396484375,12232.6396484375,11846.698797205074,11846.698797205074,19984481
2021-07-02,12484.33984375,12517.899916802902,12249.419332379694,12249.419332379694,13020505
2021-07-05,12551.4599609375,12685.70025283982,12249.419304157283,12685.70025283982,13646069
2021-07-06,11746.0185546875,12719.259783087438,11678.898406763976,12618.58047769333,16306043
2021-07-07,12249.4189453125,12249.4189453125,11611.777577456094,11913.818225388077,17049337
2021-07-08,12064.8388671875,12316.53941376156,12014.498757872689,12215.859195131936,10067742
2021-07-09,11746.0185546875,12115.179368266889,11712.458480725738,11813.138702611026,9298442
2021-07-12,11343.296875,11813.13787765386,10923.796896264454,11678.897591181329,17742016
2021-07-13,11393.6376953125,11477.53787960736,11007.69776404732,11443.977805889415,8124497
2021-07-14,10957.357421875,11410.417491000162,10772.777020327614,11393.637454495854,7932660
2021-07-15,11141.9375,11259.396835629455,10839.896851689937,10839.896851689937,8013480
2021-07-16,11225.8369140625,11343.29716775748,11125.1576131008,11343.29716775748,8060459
2021-07-19,10705.6572265625,11024.477930634624,10470.736707772516,11024.477930634624,9476577
2021-07-20,11209.056640625,11242.616712399113,10504.296049859731,10705.656480504416,6508994
2021-07-21,10806.3369140625,11242.616939445605,10755.996805384702,11175.497711033013,7380969
2021-07-22,10873.45703125,10940.577175982642,10739.216741784718,10739.216741784718,6745572
2021-07-23,10856.6767578125,11141.937366692338,10823.116686179575,10839.89672199604,11521335
2021-07-26,10907.017578125,10940.57765195135,10638.536987514211,10856.677467385478,4080843
2021-07-27,10907.017578125,11041.257873430392,10806.337356645956,10940.57765195135,9818300
2021-07-28,11041.2578125,11074.817886141149,10923.797554755976,11007.697738858851,9134851
2021-07-29,11209.056640625,11225.836676512055,11074.817270019665,11175.497485342004,5718161
2021-07-30,11309.7373046875,11376.857450898877,11175.497928755904,11242.617158476123,9309349
2021-08-02,11477.537109375,11561.437288039502,11209.056537648594,11309.736752045996,10373393
2021-08-03,11712.4580078125,11712.4580078125,11427.197390655469,11477.537499565531,9525235
2021-08-04,11762.7978515625,11846.698031187974,11678.897671937026,11746.017815637406,8746147
2021-08-05,11913.818359375,11930.598395559937,11611.777708046164,11662.11781660097,9423722
2021-08-06,11746.0185546875,11947.378998458076,11695.678443744857,11913.818924496314,6743894
2021-08-09,11913.818359375,11913.818359375,11611.777708046164,11712.457925155775,6467885
2021-08-10,11930.5986328125,12081.618961480115,11829.918413700756,12048.058888442867,8640160
2021-08-11,11897.0380859375,12031.278372739942,11880.258050087195,11947.378193488415,5877277
2021-08-12,11762.7978515625,11913.818174888354,11746.017815637406,11846.698031187974,5751996
2021-08-13,11662.1181640625,11863.478604281065,11494.317797213698,11746.0183474869,7735232
2021-08-16,11997.71875,11997.71875,11611.77791100088,11662.118020435546,9192176
2021-08-17,11997.71875,12249.41929717334,11913.818567608889,12064.838895912892,6387069
2021-08-18,11947.37890625,12064.839164209629,11913.81883254725,11997.719016804123,4628667
2021-08-19,12081.619140625,12081.619140625,11796.35851557858,11947.378846485508,6793670
2021-08-20,11578.2177734375,11980.938646667644,11410.417409591606,11779.578210052572,8755095
2021-08-23,11276.1767578125,11511.097259682114,11209.056614421184,11511.097259682114,7468451
2021-08-24,11309.7373046875,11460.757633663095,11158.717892203062,11276.177231581813,7109670
2021-08-25,11343.296875,11410.417018236263,11292.9567675728,11410.417018236263,9842630
2021-08-26,11263.5927734375,11704.068499208504,11263.5927734375,11431.393137206562,6266933
2021-08-27,11116.767578125,11242.617396692343,10781.166839957186,11200.667762666952,5752612
2021-08-30,11200.6669921875,11221.641807757363,11095.791997847067,11158.717361047771,5153103
2021-08-31,10886.0419921875,11221.642735000423,10886.0419921875,11200.667917697412,4360433
2021-09-01,10760.19140625,11032.866761260822,10739.216590439426,10865.06640179399,6977677
2021-09-06,11053.841796875,11158.71771099555,10760.191620214424,10781.16643644208,9118184
2021-09-07,11200.6669921875,11200.6669921875,11053.841450216229,11158.717361047771,4367592
2021-09-08,11221.642578125,11326.517579665118,11158.718127095632,11326.517579665118,5189298
2021-09-09,11074.8173828125,11221.642010951262,10948.966654132271,11158.717563102276,4398017
2021-09-10,10865.06640625,11074.817313915126,10865.06640625,11032.866765785651,5827780
2021-09-13,10571.4169921875,10886.04200147464,10571.4169921875,10886.04200147464,6892219
2021-09-14,10403.6162109375,10676.291574844716,10403.6162109375,10529.46602639808,4734260
2021-09-15,10382.6416015625,10487.516602620291,10361.666784649176,10403.616418475824,4333138
2021-09-16,10529.4658203125,10571.416368972394,10403.616007315088,10487.516188143742,3800474
2021-09-17,10676.2919921875,10676.2919921875,10571.416989122195,10571.416989122195,6960899
2021-09-20,10781.1669921875,10907.017729023031,10781.1669921875,10823.117543296406,4166694
2021-09-21,10718.2421875,10760.191820737064,10613.366271425024,10760.191820737064,4183475
2021-09-22,10676.2919921875,10718.242543308334,10529.466438001364,10718.242543308334,3376310
2021-09-23,10655.31640625,10760.191401750131,10571.416226551672,10697.266037853604,3796446
2021-09-24,10697.2666015625,10760.191968774976,10613.36641744292,10676.291784655396,3599130
2021-09-27,10697.2666015625,10886.04178670876,10697.2666015625,10739.217151867875,4842314
2021-09-28,10676.2919921875,10739.217360623155,10592.39180643702,10697.266809502324,6784836
2021-09-29,10655.31640625,10760.191401750131,10571.416226551672,10697.266037853604,4598466
2021-09-30,10655.31640625,10697.266037853604,10571.416226551672,10592.391042353473,5485719
2021-10-01,10424.5908203125,10676.291362723923,10403.61600423433,10634.341730567588,6544228
2021-10-04,10109.9658203125,10445.566543217226,10088.990087762606,10361.666362491043,5276770
2021-10-05,10277.7666015625,10319.716235393464,10068.015682934158,10130.941050171778,2572052
2021-10-06,10172.890625,10382.641542411788,10151.915808206171,10361.666725617955,2732232
2021-10-07,10109.9658203125,10235.815633156206,10088.990087762606,10235.815633156206,3263333
2021-10-08,10214.8408203125,10214.8408203125,10088.99009093805,10151.915455625274,3116800
2021-10-11,10760.19140625,10781.166222060574,10277.766060151198,10277.766060151198,8288648
2021-10-12,10718.2421875,10802.142370465286,10634.342004534714,10760.191820737064,5607199
2021-10-13,10781.1669921875,10948.967363640752,10718.24254026092,10781.1669921875,6391097
2021-10-14,10886.0419921875,10948.96736058772,10655.317168872003,10739.217354575236,5791986
2021-10-15,10760.19140625,10907.01694990626,10739.216590439426,10886.041217604565,6246351
2021-10-18,10781.1669921875,10844.092360605266,10718.24254026092,10781.1669921875,8547934
2021-10-19,10676.2919921875,10844.09236368846,10613.366623751845,10823.117546373638,6107201
2021-10-20,10508.4912109375,10781.166574871557,10508.4912109375,10655.316759398587,5576325
2021-10-21,10319.7158203125,10613.36599479154,10319.7158203125,10529.46581401308,6231812
2021-10-22,10298.7412109375,10529.466025340584,10298.7412109375,10487.516392354986,5541201
2021-10-25,10277.7666015625,10445.566969868703,10256.790868155847,10445.566969868703,4955740
2021-10-26,10361.6669921875,10361.6669921875,10193.866620537618,10298.741623695996,4515019
2021-10-27,10571.4169921875,10697.266812604115,10319.716434863076,10361.666985996071,7064927
2021-10-28,10718.2421875,10739.217004118533,10592.391454806491,10655.316821153248,22317585
2021-10-29,10592.3916015625,10718.242335999652,10592.3916015625,10718.242335999652,6582597
2021-11-01,10613.3662109375,10697.266393424625,10592.391394438508,10676.29157692563,6993784
2021-11-02,10739.216796875,10739.216796875,10613.36606661014,10613.36606661014,12141695
2021-11-03,11410.4169921875,11473.342355450626,10739.216477848237,10760.191293438907,31277181
2021-11-04,11347.4931640625,11494.317797692953,11305.54261410297,11473.342980958769,12345948
2021-11-05,11200.6669921875,11368.467349728637,11116.766813416933,11347.492534158771,7223988
2021-11-08,11326.517578125,11410.41776264392,11095.792758066347,11242.61739360608,11862499
2021-11-09,11620.16796875,11704.068148117747,11410.417062085064,11410.417062085064,17391623
2021-11-10,11746.0185546875,11871.8692902897,11641.143552679789,11662.118369783091,10874797
2021-11-11,11620.16796875,11787.9683274855,11410.417062085064,11746.017779556068,12418656
2021-11-12,11746.0185546875,11808.9439224886,11515.293733568766,11620.16873557648,9715505
2021-11-15,12102.59375,12354.294297196922,11829.918386326122,11913.818568725095,20329003
2021-11-16,11704.068359375,12249.419076863342,11704.068359375,12144.544079883452,16662757
2021-11-17,11662.1181640625,11746.0183474869,11494.317797213698,11746.0183474869,9967407
2021-11-18,11850.8935546875,12165.519477148517,11704.068918498046,11704.068918498046,17408847
2021-11-19,12668.919921875,12668.919921875,11997.718477964852,12018.693293964265,46818008
2021-11-22,13549.87109375,13549.87109375,12920.620168075331,12920.620168075331,29512291
2021-11-23,13340.12109375,13549.871096859297,13172.320724666091,13549.871096859297,13468999
2021-11-24,14053.271484375,14242.046660803511,13361.095226476373,13382.070958905972,26795044
2021-11-25,13633.7705078125,14053.27140671952,13633.7705078125,14011.32177507438,19348684
2021-11-26,13151.345703125,13927.422168945812,13151.345703125,13759.62180247152,17810194
2021-11-29,13214.2705078125,13612.795673875517,12752.819061383265,13004.51960039254,26322782
2021-11-30,12794.76953125,13549.87022717082,12794.76953125,13549.87022717082,18178743
2021-12-01,13424.0205078125,13424.0205078125,12815.744433918491,12836.719249727324,15190711
2021-12-02,13214.2705078125,13633.770489670173,13214.2705078125,13591.820858080857,14244397
2021-12-03,13004.51953125,13528.895422275207,13004.51953125,13382.070796002108,22423648
2021-12-06,12207.46875,13088.42020702477,12102.593751114411,12920.61984221137,20274416
2021-12-07,12585.01953125,12773.794705074904,12186.493451459888,12333.31899398642,9466061
2021-12-08,12710.8701171875,13088.420487873473,12438.1947476375,12668.92048332958,17159405
2021-12-09,12899.64453125,12962.569894765693,12501.119367463218,12501.119367463218,8203190
2021-12-10,12878.669921875,13172.320095500272,12815.744557351323,12836.719373362172,9355771
2021-12-13,12605.9951171875,13025.496038260368,12585.02030025665,12878.670486762072,13873251
2021-12-14,12417.2197265625,12794.770091041331,12417.2197265625,12585.020092217794,11513503
2021-12-15,12605.9951171875,12941.595854045794,12270.394380329208,12375.26938147463,10887995
2021-12-16,12459.1689453125,12794.7696654603,12375.26876527555,12752.81911719626,10104097
2021-12-17,12375.26953125,12668.920637800593,12333.31989688059,12543.06990171,15372032
2021-12-20,12417.2197265625,12585.020092217794,12207.468811247803,12375.2691769031,12189123
2021-12-21,12333.3193359375,12501.119698765617,12291.3687869849,12417.21951735156,7120408
2021-12-22,11704.068359375,12459.169070823124,11662.117810688364,12459.169070823124,23466386
2021-12-23,11263.5927734375,11892.84367932591,11158.717775204625,11746.018131905195,17085581
2021-12-24,12039.66796875,12039.66796875,11410.417080710307,11515.29299245952,8079194
2021-12-27,12060.64453125,12396.244355880395,12039.668797561517,12312.345087091182,10731843
2021-12-28,12794.76953125,12899.644526073324,12018.69310317162,12081.61846666206,19667925
2021-12-29,12836.7197265625,13172.320457934602,12794.770093386564,12794.770093386564,15061405
2021-12-30,12836.7197265625,13067.44545850361,12752.819543719475,12836.7197265625,9039661
2021-12-31,12941.595703125,13382.07143599203,12668.920336730282,12836.719786711434,16610409
2022-01-04,13046.470703125,13319.14606952134,13004.520153261092,13067.445519811374,15234335
2022-01-05,12794.76953125,13109.39451571997,12794.76953125,13004.519520896649,15304807
2022-01-06,12794.76953125,13025.495253054203,12564.043809445797,12626.969172936237,15653130
2022-01-07,12710.8701171875,12941.595852879578,12689.89530025854,12794.770301394514,9166956
2022-01-10,12417.2197265625,12836.71972420958,12417.2197265625,12626.96972538604,13453562
2022-01-11,12291.369140625,12585.020242268534,12165.519323128605,12375.269324452986,11224463
2022-01-12,12983.544921875,13088.41991844828,12165.518848814068,12249.419029370918,13367655
2022-01-13,12920.6201171875,13633.771224576123,12920.6201171875,13130.371035913737,23790996
2022-01-14,12836.7197265625,13004.520092248553,12668.920277367604,12710.86991054354,6609218
2022-01-17,12165.51953125,13214.271388795742,12165.51953125,12920.620282128575,17324508
2022-01-18,12396.244140625,12543.069691438925,11955.768404674396,12270.394323135326,10735423
2022-01-19,12144.5439453125,12501.119480987678,12039.668033003582,12396.24356867876,9298051
2022-01-20,12123.568359375,12354.294086153574,11913.818365206214,12039.668178409258,9450178
2022-01-21,12249.4189453125,12585.019665236923,12081.618585350288,12165.518765331391,9003196
2022-01-24,12165.51953125,12501.120272303227,12039.66879510945,12249.419716513306,10360922
2022-01-25,12605.9951171875,12605.9951171875,12144.544562252931,12165.519379183785,9636085
2022-01-26,12878.669921875,13214.2706440131,12626.969380271425,12752.819192827646,21073081
2022-01-27,12920.6201171875,13214.271220105997,12794.770299144697,12878.670483336957,11853999
2022-01-28,12962.5703125,13130.370676288669,12899.64494695646,12962.5703125,9917295
2022-02-07,13046.470703125,13382.07143607162,13046.470703125,13172.320519734403,12602103
2022-02-08,13172.3203125,13340.12067633338,12962.570315953848,13067.445314226925,19627881
2022-02-09,13256.220703125,13633.771069448752,13214.271069751763,13298.171252989394,17365448
2022-02-10,13214.2705078125,13277.19495519648,12983.544784597883,13130.37032814274,24232387
2022-02-11,13088.419921875,13277.195099054552,13046.47028983116,13172.320102453816,23920708
2022-02-14,12249.4189453125,12920.619468670226,12249.4189453125,12794.769656944129,35460208
2022-02-15,12375.26953125,12459.16971648,12102.594158375294,12249.419711650591,12383086
2022-02-16,12270.39453125,12522.095086989531,12207.469163192322,12501.120269800702,9620426
2022-02-17,12480.14453125,12480.14453125,12249.419709280526,12333.319894494294,7002287
2022-02-18,12375.26953125,12417.22008211059,12249.419711650591,12333.31989688059,8376345
2022-02-21,12417.2197265625,12438.194543146625,12102.593811836035,12291.368994075452,13795847
2022-02-22,12396.244140625,12438.194690782337,12144.544505645654,12228.444689469155,10398284
2022-02-23,12438.1943359375,12543.069333602149,12375.268970742256,12417.2195197028,10805446
2022-02-24,12081.619140625,12396.24414264606,11746.018405276269,12375.269325809557,33147662
2022-02-25,12270.39453125,12396.244350874176,12207.469163192322,12249.419714061169,12567427
2022-02-28,12081.619140625,12312.344875300045,12018.693773624322,12291.369141972376,11217528
2022-03-01,11976.744140625,12123.568774979953,11892.843956783096,12081.619141304584,15217781
2022-03-02,11473.3427734375,11913.818499344186,11452.367957082692,11850.893133788615,25677363
2022-03-03,11850.8935546875,11850.8935546875,11452.368363827469,11620.168733607854,9171876
2022-03-04,11746.0185546875,11955.768558702928,11746.0185546875,11955.768558702928,8217730
2022-03-07,11494.3173828125,11620.168111657424,11389.442386435816,11620.168111657424,15652235
2022-03-08,11473.3427734375,11578.217771702684,11452.367957082692,11494.317589792308,10771217
2022-03-09,11326.517578125,11536.26849766789,11326.517578125,11452.368313148969,9621767
2022-03-10,11305.5419921875,11557.242528625206,11305.5419921875,11557.242528625206,9096262
2022-03-11,11452.3681640625,11494.317797530275,11284.567797209076,11305.542613942964,6994233
2022-03-14,11368.4677734375,11473.34277168668,11305.542407891537,11431.393138983469,5275651
2022-03-15,11410.4169921875,11515.29290312308,11368.467361006158,11389.442176596827,4528442
2022-03-16,11389.4423828125,11494.31737915582,11326.517018410055,11494.31737915582,8815275
2022-03-17,11536.2685546875,11662.118373842326,11431.393552643283,11515.293737576892,7461351
2022-03-18,11578.2177734375,11808.94350284839,11578.2177734375,11683.092771718397,5216144
2022-03-21,11871.869140625,11871.869140625,11578.21803891595,11578.21803891595,7626900
2022-03-22,11871.869140625,11955.76840798054,11808.94377361718,11934.793591141652,6936067
2022-03-23,11746.0185546875,11955.768558702928,11746.0185546875,11913.818924496314,5987961
2022-03-24,11787.96875,11871.868932374971,11662.118018191966,11746.01820056694,5846126
2022-03-25,11725.04296875,11829.917963880856,11725.04296875,11787.96833242496,6384833
2022-03-28,11494.3173828125,11829.918104410794,11452.36775085828,11620.168111657424,8018361
2022-03-29,11557.2431640625,11620.16853075445,11431.393347169762,11515.293530595309,4185264
2022-03-30,11871.869140625,11913.81877430277,11578.21803891595,11620.168589084886,13066535
2022-03-31,11892.84375,12039.668381802088,11808.943567616889,12018.693565329097,5733596
2022-04-01,12354.2939453125,12354.2939453125,11746.01786936811,11787.968417618304,17092739
2022-04-04,12207.46875,12543.069479626798,12165.519117042226,12543.069479626798,11568763
2022-04-05,12060.64453125,12375.269538683093,12060.64453125,12207.469168122305,5777668
2022-04-06,12165.51953125,12270.394533706338,11976.744343530356,11997.719160723387,10515511
2022-04-07,12123.568359375,12375.268902272224,12123.568359375,12228.444272950528,15436127
2022-04-08,11850.8935546875,12270.394479138464,11850.8935546875,12165.519477148517,5554623
2022-04-12,11662.1181640625,11871.869080869084,11578.2179806381,11850.893347644613,6993338
2022-04-13,11746.0185546875,11850.893556695211,11536.268550672074,11662.118369783091,7684393
2022-04-14,11452.3681640625,11787.96889776935,11452.3681640625,11746.018347810412,8464936
2022-04-15,11032.8671875,11536.268285348686,11011.892370879094,11452.368102373905,13188461
2022-04-18,10907.017578125,11200.667765859962,10739.21720899326,11032.86739672822,8204531
2022-04-19,10865.06640625,11116.766945553478,10844.091590430824,11074.817313915126,6979915
2022-04-20,10802.142578125,10990.917764303107,10781.166844612077,10865.067029190252,7387299
2022-04-21,10445.56640625,10823.11675632163,10109.96568774583,10781.166208263048,62570513
2022-04-22,10550.44140625,10781.16621295366,10361.666231132054,10550.44140625,7479694
2022-04-25,9879.240234375,10655.316687981594,9816.314868814696,10550.441689708518,10591982
2022-04-26,10277.7666015625,10319.716235393464,9522.664944184571,9648.515678659813,60152332
2022-04-27,10487.5166015625,10571.416785698504,10047.040863971262,10193.866415332064,5685946
2022-04-28,10571.4169921875,10676.291995283213,10487.516806412692,10487.516806412692,6357314
2022-04-29,10613.3662109375,10676.29157692563,10487.51639545239,10634.341943927644,5029340
2022-05-04,10403.6162109375,10613.36620886885,10403.6162109375,10592.391392373946,5008088
2022-05-05,10550.44140625,10571.416222042855,10277.766051469507,10487.516042380312,3295994
2022-05-06,10088.990234375,10403.61614579308,10068.015418011431,10193.866149175125,4962674
2022-05-09,9648.515625,10047.04081014248,9564.615441313505,9879.24044276949,32354594
2022-05-10,10088.990234375,10151.915599956848,9396.814878939282,9480.715060884697,41898957
2022-05-11,10172.890625,10277.766541951476,9963.140624079377,10109.966174618512,3296443
2022-05-12,9627.5400390625,10088.990598155287,9564.615587702923,10068.015781035429,6520179
2022-05-13,9312.9150390625,9774.365598466033,9019.263933222011,9606.565228411806,11025358
2022-05-16,9438.7646484375,9627.53983142731,9229.01464878019,9606.565014759812,5643888
2022-05-17,10068.015625,10068.015625,9249.989521582773,9606.565073058831,5626661
2022-05-18,10068.015625,10214.841175545847,9900.215257659363,10068.015625,6370737
2022-05-19,10193.8662109375,10235.815843918796,9753.390482178129,9921.190847085618,6956200
2022-05-20,10214.8408203125,10361.666365752311,10068.015274872689,10193.866004247137,5305406
2022-05-23,10151.916015625,10340.691203608752,9921.191193196497,10319.716386386375,5336951
2022-05-24,10319.7158203125,10319.7158203125,10005.09082976163,10109.96582661192,5257754
2022-05-25,10760.19140625,10760.19140625,10319.715691772346,10319.715691772346,7603855
2022-05-26,10718.2421875,10823.11718708382,10613.366271425024,10613.366271425024,4203832
2022-05-27,10823.1171875,10844.09200411934,10613.36627183314,10697.266454801653,3742084
2022-05-30,10844.091796875,10948.966794458558,10781.16643172841,10948.966794458558,5733596
2022-05-31,10948.966796875,10948.966796875,10781.16643410782,10844.091799268295,6058879
2022-06-01,10969.94140625,11095.792134197924,10739.216599164003,10948.966590422386,5618383
2022-06-02,10907.017578125,10990.917762690871,10844.092210577805,10969.942029181022,34176753
2022-06-03,10655.31640625,10907.016945344987,10571.416226551672,10865.066397250264,38020405
2022-06-06,10613.3662109375,10802.142308901892,10487.51639545239,10571.416577939512,4253944
2022-06-07,10613.3662109375,10718.242126414769,10403.616212965268,10613.3662109375,28158366
2022-06-08,10886.0419921875,11011.89272898794,10508.491614768554,10697.266803478027,35398462
2022-06-09,10823.1171875,10907.017370468511,10781.166637770164,10802.14237088066,2629547
2022-06-10,10865.06640625,11074.817313915126,10697.266046714349,10823.116774611648,9334516
2022-06-13,10298.7412109375,10739.21693974202,10277.7663944447,10487.516392354986,5854626
2022-06-14,10445.56640625,10613.365849010965,10109.96568774583,10109.96568774583,6799600
2022-06-15,10277.7666015625,10487.516603699672,10047.040866018677,10487.516603699672,7751956
2022-06-16,10466.5419921875,10697.266815768076,10235.81625211574,10319.716437915362,5446124
2022-06-17,10319.7158203125,10382.641185019129,10026.065645833462,10235.81563953404,5089520
2022-06-20,9963.140625,10319.716176492706,9816.315074447297,10319.716176492706,4998693
2022-06-21,9900.21484375,10068.015204075218,9732.414483424782,9732.414483424782,26204436
2022-06-22,9900.21484375,10109.965752402086,9900.21484375,9900.21484375,11604108
2022-06-23,9858.265625,9942.165808678235,9753.390624524998,9900.215258593536,3627766
2022-06-24,9648.515625,10068.015626941313,9648.515625,10068.015626941313,7423766
2022-06-27,9795.33984375,9837.290392060082,9648.515215892528,9690.464847711484,4361774
2022-06-28,10172.890625,10319.716175539135,9732.41488987376,9774.365439952584,5301156
2022-06-29,10235.8154296875,10361.666156520663,9900.214713453885,9900.214713453885,4673185
2022-06-30,10068.015625,10424.59117647606,10068.015625,10319.716176010954,8585072
2022-07-01,10277.7666015625,10277.7666015625,9837.290863881502,10026.06604910319,6573648
2022-07-04,10298.7412109375,10403.616209892642,10256.790661460753,10361.666576907046,2748339
2022-07-05,10382.6416015625,10466.541785706968,10256.790867100211,10256.790867100211,7098259
2022-07-06,10005.0908203125,10340.69062661825,9858.26527496608,10277.766178462183,12327156
2022-07-07,10068.015625,10151.915808670316,9984.115441329684,10005.091174615634,4066024
2022-07-08,9942.166015625,10130.941203707604,9942.166015625,10088.9906527497,4341192
2022-07-11,9606.564453125,9921.190350707946,9606.564453125,9837.2901724519,4113676
2022-07-12,9858.265625,9858.265625,9648.515624049996,9648.515624049996,3586378
2022-07-13,9942.166015625,10068.01583551634,9816.315279242475,9858.265830200378,3474072
2022-07-14,9942.166015625,9963.140832858358,9753.390827542396,9942.166015625,6685506
2022-07-15,9900.21484375,10047.040388157347,9879.24002783213,9942.165392076868,4108082
2022-07-18,9858.265625,10047.040809153235,9858.265625,10047.040809153235,7048147
2022-07-19,9816.314453125,9879.239816020616,9753.390006720492,9858.265000552448,20176652
2022-07-20,10005.0908203125,10047.040452416544,9921.19063961328,9984.115087769344,7297813
2022-07-21,10088.990234375,10235.815781902258,10068.015418011431,10068.015418011431,7580367
2022-07-22,9984.115234375,10151.915598237403,9984.115234375,10088.990232666216,10930467
2022-07-25,9900.21484375,9984.11502391261,9879.24002783213,9879.24002783213,14439588
2022-07-26,9900.21484375,9963.140207994738,9858.26521191426,9900.21484375,8271646
2022-07-27,10026.0654296875,10026.0654296875,9837.290256128445,9900.214702987389,2182341
2022-07-28,10235.8154296875,10277.76597746226,10047.04025592887,10130.940434987277,9389998
2022-07-29,10130.9404296875,10340.690418978227,10130.9404296875,10340.690418978227,5788855
2022-08-01,10361.6669921875,10403.616626854377,10151.916069379551,10151.916069379551,12200367
2022-08-02,10424.5908203125,10508.491001116308,10319.715823430524,10319.715823430524,14324486
2022-08-03,10424.5908203125,10445.566552881804,10319.715823430524,10403.61600423433,15639065
2022-08-04,10445.56640625,10634.341581285817,10361.666226623956,10487.51603781746,11218872
2022-08-05,10361.6669921875,10403.616626854377,10277.76680636256,10403.616626854377,18033238
2022-08-08,10487.5166015625,10529.466235384918,10361.666783604076,10445.566967740082,6826445
2022-08-09,10550.44140625,10571.416222042855,10445.5664107946,10487.516042380312,17794757
2022-08-10,10508.4912109375,10571.41657691956,10445.566761446593,10550.441760422593,22471749
2022-08-11,10613.3662109375,10739.21694291376,10592.391394438508,10613.3662109375,14775720
2022-08-12,10655.31640625,10676.291222051805,10592.391042353473,10655.31640625,6390648
2022-08-15,11032.8671875,11032.8671875,10676.29163897997,10739.217005333843,13264300
2022-08-16,11053.841796875,11074.817529593794,10907.017166790283,11032.866980647346,23006427
2022-08-17,11221.642578125,11242.617395134788,11053.84220906434,11053.84220906434,15217447
2022-08-18,11242.6171875,11284.567737235986,11116.767371274356,11263.592920613572,21103728
2022-08-19,11011.892578125,11200.667764248252,11011.892578125,11074.817945663142,14181806
2022-08-22,10676.2919921875,10969.942184068588,10676.2919921875,10969.942184068588,11795833
2022-08-23,10781.1669921875,10802.142725987547,10508.491617698764,10676.291989152014,5567376
2022-08-24,10865.06640625,10948.966586017828,10781.166226482175,10907.016954379476,15967450
2022-08-25,11095.7919921875,11095.7919921875,10781.166092835572,10781.166092835572,13755019
2022-08-26,11032.8671875,11200.667553449564,11032.8671875,11200.667553449564,9225343
2022-08-29,10886.0419921875,10907.017725981696,10613.366617774796,10865.067174884489,11060703
2022-08-30,11032.8671875,11053.842004120906,10865.066821550436,10907.017371283408,5796909
2022-08-31,11200.6669921875,11200.6669921875,10907.016824736069,10969.94127144566,10737476
2022-09-05,11074.8173828125,11200.6671950016,10927.99183818261,11137.741830661487,4096224
2022-09-06,11200.6669921875,11263.592355388204,10990.917003506636,11074.817182277204,16514212
2022-09-07,10948.966796875,11431.39306895343,10948.966796875,11221.642157248883,10403205
2022-09-08,10697.2666015625,11326.517524213756,10697.2666015625,11326.517524213756,4299134
2022-09-09,10823.1171875,10907.017370468511,10487.51645562595,10907.017370468511,15912708
2022-09-12,10760.19140625,11074.817309373091,10760.19140625,11074.817309373091,2383236
2022-09-13,10865.06640625,10907.016954379476,10697.266046714349,10907.016954379476,2150572
2022-09-14,10571.4169921875,10676.291995283213,10529.4664410545,10571.4169921875,4324638
2022-09-15,10550.44140625,10823.116761030493,10508.490858173169,10823.116761030493,15707106
2022-09-16,10487.5166015625,10697.266603656928,10487.5166015625,10613.366419520922,12500983
2022-09-19,10277.7666015625,10613.36642168374,10193.866417409396,10613.36642168374,11415557
2022-09-20,10403.6162109375,10445.56676041846,10151.915663525187,10445.56676041846,10229826
2022-09-21,10361.6669921875,10466.54199534588,10214.841437871057,10466.54199534588,11649300
2022-09-22,10361.6669921875,10361.6669921875,10193.866620537618,10298.741623695996,1702025
2022-09-23,10193.8662109375,10403.616208826286,10193.8662109375,10277.766393391244,1865560
2022-09-26,9837.291015625,10130.941206444926,9774.365647416736,10130.941206444926,16337866
2022-09-27,10120.453125,10225.328120714046,9858.265177469326,9858.265177469326,4283162
2022-09-28,10041.796875,10094.234834675215,9858.26584911912,9858.26584911912,1551152
2022-09-29,10041.796875,10146.67279435043,10015.57881165358,10041.796875,2476438
2022-09-30,10041.796875,10172.890857696852,9727.171866422266,9727.171866422266,4135152
2022-10-03,9648.515625,10041.79664769719,9596.077666511754,9753.390625485328,2480196
2022-10-04,9700.9521484375,9963.140093881277,9596.077153558212,9674.7331705949,5420709
2022-10-05,9700.9521484375,9989.35907172388,9700.9521484375,9963.140093881277,2802704
2022-10-06,9517.421875,9963.140866944104,9438.764935369029,9622.296878016778,2503105
2022-10-07,9150.357421875,9438.76434964231,8914.388450607612,9202.795378374922,10594259
2022-10-10,8861.951171875,9045.482181698497,8573.544251876814,9019.263204154824,5909304
2022-10-11,8494.888671875,8914.388668146985,8337.57571502743,8757.076627790568,12893515
2022-10-12,8809.513671875,8914.388670976283,8416.231737876828,8547.325715876219,4281730
2022-10-13,8809.513671875,9097.920606771891,8730.857651671828,9071.701627873785,2692994
2022-10-14,8914.388671875,9150.357648999465,8835.732651663897,9045.482649887608,8303057
2022-10-17,8652.2001953125,8861.951097408242,8468.66918703121,8809.513142761532,2605656
2022-10-18,8809.513671875,8888.169692078174,8652.2007149775,8888.169692078174,2119567
2022-10-19,8757.076171875,8993.045136615638,8704.638216825479,8914.388204041355,2789818
2022-10-20,8809.513671875,8914.388670976283,8154.043781878046,8914.388670976283,4678691
2022-10-21,8652.2001953125,8914.388135563855,8494.888164354566,8914.388135563855,3260336
2022-10-24,8363.794921875,8704.638907258584,8258.919003457426,8652.200948049796,4332022
2022-10-25,8390.0126953125,8652.200649321712,8075.387700396132,8337.575654405344,10371081
2022-10-26,8363.794921875,8442.450944197004,8180.262981135423,8390.012984988216,2594738
2022-10-27,8704.638671875,8704.638671875,8206.481738826977,8363.794695708235,3893361
2022-10-28,8652.2001953125,8809.513142761532,8547.325202510177,8730.857127282565,2496662
2022-10-31,8599.763671875,8704.638670954362,8390.012757225122,8547.325714089742,2877157
2022-11-01,8704.638671875,8940.60764895131,8599.763672784546,8652.200714084196,6252393
2022-11-02,8625.982421875,8730.857418171478,8521.106509087394,8704.638439974577,3213266
2022-11-03,8390.0126953125,8625.982587113707,8390.0126953125,8442.4506527108,3708661
2022-11-04,8075.3876953125,8390.012690030804,7813.199741468341,8232.700650917224,16089421
2022-11-07,7524.79296875,8232.700825759945,7524.79296875,8232.700825759945,10432110
2022-11-08,7603.44921875,7603.44921875,7000.417296897509,7000.417296897509,17286208
2022-11-09,7760.76171875,7865.636716106286,7551.011724037427,7551.011724037427,12079370
2022-11-10,7655.88671875,7734.543654108406,7288.823769884181,7603.449220089965,8439613
2022-11-11,7760.76171875,7839.418654135567,7655.886721393713,7655.886721393713,3947410
2022-11-14,7655.88671875,7708.324675655605,7236.386271224146,7236.386271224146,13811463
2022-11-15,7341.26123046875,7655.886679042727,7157.729756987727,7603.449180654659,10371081
2022-11-16,7813.19970703125,7813.19970703125,6843.104373732722,7131.510846742786,27521271
2022-11-17,8022.94970703125,8154.043683448167,7708.324713525335,7708.324713525335,14498716
2022-11-18,7865.63671875,8022.949673082873,7551.011726575392,8022.949673082873,5946351
2022-11-21,7760.76171875,8022.949670386285,7682.105699855569,8022.949670386285,10789697
2022-11-22,7682.10595703125,7970.512896784458,7655.8869776916545,7865.636979426079,4708579
2022-11-23,7682.10595703125,7865.636979426079,7655.8869776916545,7865.636979426079,3238501
2022-11-24,7760.76171875,7813.199675673712,7551.011724037427,7813.199675673712,2501136
2022-11-25,7839.4189453125,7839.4189453125,7734.543944060876,7839.4189453125,1692361
2022-11-28,8101.6064453125,8154.0434847065135,7865.636560320522,7865.636560320522,3944368
2022-11-29,8101.6064453125,8258.91847998566,7865.636560320522,8127.824506763947,3336220
2022-11-30,8154.0439453125,8258.91894651583,7944.293942905841,8127.824965888874,3641547
2022-12-01,8363.794921875,8468.669923801397,8206.481960739817,8390.012984988216,5806574
2022-12-02,8652.2001953125,8652.2001953125,8442.450209707855,8442.450209707855,4074481
2022-12-05,8888.169921875,8993.045840178922,8730.85787740147,8966.826860602941,6999602
2022-12-06,8599.763671875,9150.35764616444,8599.763671875,9150.35764616444,9772419
2022-12-07,8337.5751953125,8652.200172904637,8311.356218057048,8573.544157629376,2809684
2022-12-08,8652.2001953125,8783.294165438178,8494.888164354566,8547.325202510177,9524542
2022-12-09,8809.513671875,8914.388670976283,8652.2007149775,8914.388670976283,5152430
2022-12-12,8494.888671875,8993.045604816347,8494.888671875,8993.045604816347,7741442
2022-12-13,8625.982421875,8809.513436271054,8442.450490987818,8809.513436271054,10314525
2022-12-14,8625.982421875,8730.857418171478,8599.763443678099,8730.857418171478,5148672
2022-12-15,8783.294921875,8809.513901456392,8625.982877369004,8757.076858784785,9615460
2022-12-16,9071.701171875,9150.357188124444,8783.294251475192,8783.294251475192,10755692
2022-12-19,9097.9208984375,9386.327842580282,9097.9208984375,9176.576921162266,8629323
2022-12-20,8730.857421875,9176.57638544688,8573.54446911799,9124.139345521962,11355428
2022-12-21,8809.513671875,8914.388670976283,8652.2007149775,8914.388670976283,4150186
2022-12-22,8835.732421875,8993.045374697158,8757.076403709487,8914.388440040515,4732382
2022-12-23,8914.388671875,8914.388671875,8783.294693862392,8861.951630564648,6751368
2022-12-26,8521.1064453125,9019.263361360738,8468.669405802282,8914.388365849181,10497435
2022-12-27,8573.544921875,8652.200944161657,8494.888899588344,8599.763901467612,4021505
2022-12-28,8494.888671875,8652.200712231419,8390.012756315851,8599.763670942995,2828476
2022-12-29,8337.5751953125,8599.763134884828,8337.5751953125,8363.794172567952,3581591
2022-12-30,8363.794921875,8363.794921875,8206.481960739817,8337.575942270607,11564825
2023-01-03,8652.2001953125,8652.2001953125,8337.575216905534,8442.450209707855,7081750
2023-01-04,8573.544921875,8809.513905226147,8573.544921875,8809.513905226147,4572202
2023-01-05,8599.763671875,8652.200713169104,8547.325714089742,8599.763671875,5346973
2023-01-06,8625.982421875,8861.951392664858,8573.544465481196,8599.763443678099,15533713
2023-01-09,8783.294921875,8835.732881037784,8678.419920040611,8704.638899622001,2718945
2023-01-10,8783.294921875,8835.732881037784,8652.200940459219,8835.732881037784,3970140
2023-01-11,8757.076171875,8861.951165482938,8704.638216825479,8783.294232908656,7840235
2023-01-12,8704.638671875,8861.951628756258,8704.638671875,8757.076629665804,6585819
2023-01-13,8730.857421875,8888.169458140883,8704.638443666976,8809.51344000794,3765754
2023-01-16,8861.951171875,8914.38821047124,8757.076178191415,8835.732194331327,5063481
2023-01-17,9045.482421875,9045.482421875,8914.388447166924,8966.826403646606,3479935
2023-01-18,9150.357421875,9307.670374883635,9045.482425366286,9124.139360116167,4340791
2023-01-19,9176.576171875,9333.889120970774,9124.13913317048,9229.014127070626,8099565
2023-01-27,9281.451171875,9438.764121074162,9255.233110751064,9412.545143459116,2768520
2023-01-30,9569.8583984375,9596.077376890302,9281.45146843895,9386.32738225016,7268061
2023-01-31,9779.609375,9779.609375,9464.98346444362,9569.858462465363,13073024
2023-02-01,9963.140625,10225.328584420588,9805.827666049414,9805.827666049414,9703335
2023-02-02,9622.296875,9989.359843689235,9622.296875,9963.140863820465,4498108
2023-02-03,9727.171875,9727.171875,9333.889926562637,9700.952895139271,19145193
2023-02-06,9700.9521484375,9700.9521484375,9464.983180836323,9596.077153558212,3954927
2023-02-07,9438.7646484375,9753.390564414623,9438.7646484375,9700.952606254716,4003250
2023-02-08,9596.0771484375,9648.515104094718,9281.451247476414,9333.889203133633,25456826
2023-02-09,9543.6396484375,9674.733627348463,9333.889648776423,9596.077606598348,4098105
2023-02-10,9517.421875,9596.077898139789,9386.32789210623,9438.764935369029,2856575
2023-02-13,9464.9833984375,9464.9833984375,9150.357490075232,9438.76441999212,4267413
2023-02-14,9255.2333984375,9543.63941169438,9255.2333984375,9438.764414465411,2660958
2023-02-15,9333.8896484375,9464.983627343703,9229.014648610771,9255.233627690242,3242081
2023-02-16,9700.9521484375,9700.9521484375,9307.670230271837,9307.670230271837,5318158
2023-02-17,9674.7333984375,9674.7333984375,9491.20238219932,9569.858401088375,3574611
2023-02-20,9858.265625,9858.265625,9596.077665566912,9674.733686800371,5023570
2023-02-21,9963.140625,9963.140625,9753.390624059995,9858.265624529997,6251141
2023-02-22,9700.9521484375,9963.140093881277,9700.9521484375,9910.702138196077,3422485
2023-02-23,9464.9833984375,9622.296352618634,9229.014425411367,9622.296352618634,5362365
2023-02-24,9176.576171875,9543.639108771067,9176.576171875,9360.108098568588,2824897
2023-02-27,8861.951171875,9176.576152925752,8861.951171875,9176.576152925752,13031144
2023-02-28,8940.607421875,9150.357414728613,8914.388443645516,8914.388443645516,7657146
2023-03-01,9281.451171875,9333.88912710509,8730.857224414598,8940.607212352741,9384407
2023-03-02,9438.7646484375,9438.7646484375,9202.795669700236,9229.01464878019,3364856
2023-03-03,9333.8896484375,9464.983627343703,9124.13964878404,9438.76464826423,2219434
2023-03-06,9438.7646484375,9569.858627346108,9176.576690620284,9360.108627688798,5569077
2023-03-07,9700.9521484375,9753.390104122702,9386.32716379964,9386.32716379964,11790151
2023-03-08,9753.390625,9753.390625,9438.764707068509,9438.764707068509,6133342
2023-03-09,9700.9521484375,9805.827143316788,9543.639197873012,9700.9521484375,2143729
2023-03-10,9700.9521484375,9700.9521484375,9464.983180836323,9543.639197873012,3501233
2023-03-13,9674.7333984375,9753.390333817695,9491.20238219932,9543.639422628314,4919766
2023-03-14,9464.9833984375,9674.733393018254,9464.9833984375,9517.421355328255,3191432
2023-03-15,9700.9521484375,9805.827143316788,9569.858175715612,9569.858175715612,4936948
2023-03-16,9360.1083984375,9805.827365915358,9229.014422739694,9700.95236865534,3791526
2023-03-17,9700.9521484375,9700.9521484375,9386.32716379964,9543.639197873012,5351626
2023-03-20,9333.8896484375,9517.421585502649,9229.014648610771,9491.202606423174,5205585
2023-03-21,9124.1396484375,9438.76464790574,9097.920669359024,9438.76464790574,9134562
2023-03-22,9255.2333984375,9333.889417236442,9124.139422778504,9281.45146037639,6024741
2023-03-23,9255.2333984375,9307.670438806415,9176.57646314742,9255.2333984375,3293088
2023-03-24,9464.9833984375,9543.639417282498,9281.451465810987,9281.451465810987,2465163
2023-03-27,9543.6396484375,9569.858627517924,9386.327606937271,9543.6396484375,2263998
2023-03-28,9517.421875,9596.077898139789,9412.545955492034,9543.639938385804,4274035
2023-03-29,9491.2021484375,9622.296121017933,9464.98317062319,9543.639187575003,2729066
2023-03-30,9805.8271484375,9910.702143371554,9596.077158569393,9596.077158569393,15251294
2023-03-31,10094.234375,10172.890394439768,9805.827442902277,9805.827442902277,12203577
2023-04-03,10146.671875,10225.32789089492,9963.139949257044,10199.108913432912,7073876
2023-04-04,10041.796875,10120.453814512824,9989.359831815971,10068.015854837608,4822584
2023-04-05,10330.203125,10330.203125,10068.015177251764,10120.45313339786,18927026
2023-04-06,10303.984375,10539.954266389375,10251.547334184364,10330.20335365339,11565541
2023-04-07,10199.109375,10303.984373103114,10068.015398248324,10225.328353648563,4810056
2023-04-10,10330.203125,10356.422103073048,10225.32812919893,10225.32812919893,9612417
2023-04-11,10251.546875,10330.202890945891,10120.452904096112,10277.765852479,15323241
2023-04-12,10303.984375,10330.20335365339,10251.547334184364,10251.547334184364,6465012
2023-04-13,10330.203125,10330.203125,10120.45313339786,10303.98414692695,4948939
2023-04-14,10225.328125,10356.422098820283,10225.328125,10356.422098820283,4269560
2023-04-17,10120.453125,10225.328120714046,10120.453125,10146.672103051293,2518496
2023-04-18,10146.671875,10172.889935970905,10015.577904181062,10120.45289753799,11759604
2023-04-19,9989.359375,10146.672330340498,9989.359375,10146.672330340498,5826439
2023-04-20,10068.015625,10120.453583478136,9963.140624534894,9989.35960377396,1676074
2023-04-21,9858.265625,10068.015625950004,9858.265625,10068.015625950004,3094608
2023-04-24,9832.046875,10068.01586069334,9779.609831785472,10015.578817478812,10424593
2023-04-25,9622.296875,9884.484840705338,9596.07789513123,9832.046880967797,4808983
2023-04-26,9910.7021484375,9910.7021484375,9596.077163474514,9622.296141344208,15102510
2023-04-27,9963.140625,9989.359604240291,9779.609603300289,9910.702666519415,25096769
2023-04-28,9858.265625,10015.578583958086,9858.265625,9963.140625475002,12450190
2023-05-04,9858.265625,9936.92164623346,9805.827666516916,9805.827666516916,15097378
2023-05-05,9989.359375,9989.359375,9779.609378873432,9858.26539829811,13471058
2023-05-08,10068.015625,10172.890625465106,9989.35960377396,10015.57858301303,7004792
2023-05-09,9989.359375,10172.89039248796,9989.359375,10120.453351701892,4221775
2023-05-10,10041.796875,10068.015854837608,9963.140851978364,10068.015854837608,16190362
2023-05-11,10068.015625,10120.453583478136,10015.57858301303,10068.015625,9254115
2023-05-12,10172.890625,10172.890625,10068.015624539688,10172.890625,11757936
2023-05-15,10172.890625,10303.98460469818,10172.890625,10172.890625,23748000
2023-05-16,10225.328125,10251.54710306228,10172.890168875436,10225.328125,30481292
2023-05-17,10277.7666015625,10277.7666015625,10199.109663392685,10225.328642782622,52410040
2023-05-18,10172.890625,10277.766541951476,10146.672562253296,10277.766541951476,25920901
2023-05-19,10172.890625,10251.547562713607,10094.234603777555,10251.547562713607,9510045
2023-05-22,10199.109375,10225.328353648563,10120.45335554545,10120.45335554545,15776041
2023-05-23,10225.328125,10251.54710306228,10146.67210730428,10225.328125,16430900
2023-05-24,10225.328125,10277.766081124564,10172.890168875436,10225.328125,3051297
2023-05-25,10225.328125,10225.328125,10146.67210730428,10225.328125,4777125
2023-05-26,10225.328125,10251.54710306228,10172.890168875436,10251.54710306228,2270084
2023-05-29,9858.265625,9910.70266699192,9753.390624524998,9753.390624524998,4114749
2023-05-30,9858.265625,9910.70266699192,9753.390624524998,9910.70266699192,4257569
2023-05-31,9648.515625,9805.82766748241,9622.296645755878,9779.609604729452,4623925
2023-06-01,9753.390625,9753.390625,9491.202665554143,9648.51562451989,10206247
2023-06-02,9989.359375,10015.578353638608,9779.609378873432,9805.827441020896,10106739
2023-06-05,9989.359375,10120.453351701892,9936.921417722786,10068.015394424678,9713359
2023-06-06,10068.015625,10068.015625,9910.70266605676,9963.140624534894,7299023
2023-06-07,9963.140625,10068.01562547,9936.921645759709,10068.01562547,4199477
2023-06-08,9805.8271484375,10015.578054796724,9805.8271484375,10015.578054796724,7575714
2023-06-09,9700.9521484375,9832.046121159388,9648.515109243415,9779.609081965304,5534178
2023-06-12,9648.515625,9805.82766748241,9622.296645755878,9805.82766748241,5893554
2023-06-13,9753.390625,9753.390625,9648.51562451989,9674.733687271544,5954405
2023-06-14,9779.609375,9884.484373021744,9700.952439115334,9700.952439115334,8468785
2023-06-15,9779.609375,9805.82743713708,9700.952439115334,9779.609375,3078142
2023-06-16,9753.390625,9936.9216467174,9753.390625,9779.609604242818,8073077
2023-06-19,9622.296875,9753.39085785267,9622.296875,9700.952898115129,26367258
2023-06-20,9805.8271484375,9805.8271484375,9543.639202856806,9622.296136425684,33613178
2023-06-21,9779.609375,9779.609375,9648.515398350031,9727.171417743555,22066019
2023-06-22,9805.8271484375,9884.484082006378,9753.39010921603,9805.8271484375,21937696
2023-06-23,9779.609375,9884.484373021744,9727.171417743555,9805.82743713708,13689046
2023-06-26,9858.265625,9910.70266699192,9753.390624524998,9779.60960376654,12535570
2023-06-27,9805.8271484375,9858.265104150085,9779.609087072324,9832.046126293792,5745186
2023-06-28,9832.046875,9858.265854852856,9753.390851932616,9805.827895147144,7158709
2023-06-29,9622.296875,9858.265860836567,9596.07789513123,9832.046880967797,34024046
2023-06-30,9753.390625,9832.046646237291,9596.077666034253,9700.952666514362,5446124
2023-07-03,9674.7333984375,9832.046352706751,9674.7333984375,9779.60931227776,3310269
2023-07-04,9727.171875,9805.827898090998,9674.733915278544,9700.952895139271,5948644
2023-07-05,9674.7333984375,9779.60931227776,9674.7333984375,9779.60931227776,16163516
2023-07-06,9543.6396484375,9700.952606428888,9491.20260676781,9674.733627348463,25850242
2023-07-07,9622.296875,9648.515854868772,9517.421872016102,9543.639935393689,11138692
2023-07-10,9622.296875,9700.952898115129,9569.858915262455,9648.515854868772,10975470
2023-07-11,9753.390625,9753.390625,9622.296645277072,9622.296645277072,10230587
2023-07-12,9727.171875,9779.609834721456,9674.733915278544,9779.609834721456,11031096
2023-07-13,9753.390625,9779.609604242818,9674.733687271544,9727.171645757182,3009238
2023-07-14,9910.7021484375,9910.7021484375,9727.17113633187,9805.827153449838,15733625
2023-07-17,9910.7021484375,9963.14010417689,9858.265109189228,9963.14010417689,16219176
2023-07-18,9910.7021484375,9936.921126307196,9858.265109189228,9936.921126307196,6043534
2023-07-19,10161.0927734375,10191.244416675872,10070.63784372238,10191.244416675872,15753911
2023-07-20,10251.546875,10251.546875,10161.091952592118,10221.395234197373,11072010
2023-07-21,10372.154296875,10372.154296875,10130.94115048502,10251.547723680009,25300475
2023-07-24,10402.3056640625,10432.457306560924,10311.850736567229,10432.457306560924,3621987
2023-07-25,10372.154296875,10432.457583472496,10281.699366978755,10342.002653576252,7025232
2023-07-26,10372.154296875,10372.154296875,10281.699366978755,10372.154296875,12186030
2023-07-27,10372.154296875,10703.821456670044,10311.851010277504,10372.154296875,11434645
2023-07-28,10402.3056640625,10432.457306560924,10342.00237906565,10402.3056640625,7530567
2023-07-31,10462.6083984375,10492.760039349116,10372.153475702651,10372.153475702651,4674975
2023-08-01,10583.21484375,10643.51813012114,10492.760830684463,10613.36648693557,18725814
2023-08-02,10492.7607421875,10583.214754490138,10462.609099256231,10583.214754490138,2308174
2023-08-03,10372.154296875,10583.214883475051,10372.154296875,10492.76087006999,26590631
2023-08-04,10342.001953125,10462.608518151454,10342.001953125,10402.305235638229,7058795
2023-08-07,10462.6083984375,10553.062404681245,10402.305116614269,10432.456757525884,6893915
2023-08-08,10462.6083984375,10553.062404681245,10432.456757525884,10492.760039349116,5727480
2023-08-09,10432.45703125,10492.760314655454,10342.00210614182,10492.760314655454,8117457
2023-08-10,10372.154296875,10522.912513368738,10342.002653576252,10462.609226771245,4350015
2023-08-11,10281.69921875,10402.305790206234,10221.395933021882,10402.305790206234,4251650
2023-08-14,10342.001953125,10342.001953125,10251.54702935516,10281.698670611771,3878672
2023-08-15,10281.69921875,10402.305790206234,10251.54757588594,10372.154147342177,3356982
2023-08-16,10342.001953125,10372.153594381614,10251.54702935516,10311.850311868388,4264274
2023-08-17,10342.001953125,10402.305235638229,10251.54702935516,10342.001953125,9663310
2023-08-18,9769.12109375,10311.850654396876,9738.96945149184,10311.850654396876,10241266
2023-08-21,9769.12109375,9950.03094729896,9648.515441208508,9648.515441208508,8351834
2023-08-22,9889.7275390625,9889.7275390625,9558.060394863034,9769.120971538645,5068873
2023-08-23,9708.8173828125,9889.727228415712,9678.66665836974,9799.272305614106,3031804
2023-08-24,9769.12109375,9889.72766278264,9678.667083466667,9708.81780923368,11133014
2023-08-25,9799.2724609375,9859.575743761076,9708.817536702138,9708.817536702138,2744043
2023-08-28,9829.4248046875,9829.4248046875,9738.969873988895,9738.969873988895,15399432
2023-08-29,9769.12109375,9829.42437826632,9708.81780923368,9769.12109375,4598807
2023-08-30,9859.576171875,9859.576171875,9769.121243711985,9799.27288643299,3719667
2023-08-31,10161.0927734375,10161.0927734375,9829.4246978154,9829.4246978154,47685975
2023-09-05,10311.8505859375,10342.002227995485,10100.789091531598,10191.244017705556,15523125
2023-09-06,10372.154296875,10372.154296875,10221.396080381262,10311.851010277504,5742529
2023-09-07,10432.45703125,10462.608672952729,10342.00210614182,10372.153747844546,6963115
2023-09-08,10462.6083984375,10462.6083984375,10311.85019387942,10372.153475702651,13348190
2023-09-11,10311.8505859375,10553.062805910246,10311.8505859375,10522.912080343402,16851586
2023-09-12,10492.7607421875,10492.7607421875,10251.54759873735,10342.002527531156,10467816
2023-09-13,10522.912109375,10553.062835025028,10402.305540810316,10492.76046723383,37631317
2023-09-14,10553.0625,10613.365782367911,10432.45685175529,10522.91177530716,45962551
2023-09-15,10854.5791015625,10854.5791015625,10553.062684452854,10583.21432616382,23550407
2023-09-18,10613.3662109375,10884.730992550858,10553.062926134531,10854.579350149375,28544820
2023-09-19,10673.6689453125,10673.6689453125,10462.608375877397,10643.5173044659,42440066
2023-09-20,10764.1240234375,10854.578947284745,10613.365817025426,10673.669099590255,39413257
2023-09-21,10583.21484375,10764.124702863424,10583.21484375,10764.124702863424,13608890
2023-09-22,10583.21484375,10613.36648693557,10311.85097157104,10522.912473870034,21970627
2023-09-25,10492.7607421875,10613.366397421409,10402.305813393694,10522.912385118769,31927099
2023-09-26,10492.7607421875,10553.06311155887,10311.850884599888,10432.457456324964,27420875
2023-09-27,10492.7607421875,10492.7607421875,10311.850884599888,10402.305813393694,29167799
2023-09-28,10432.45703125,10492.760314655454,10191.243897628185,10462.608672952729,21741698
2023-09-29,10462.6083984375,10492.760039349116,10372.153475702651,10462.6083984375,17980947
2023-10-02,10311.8505859375,10522.912080343402,10311.8505859375,10462.608796227429,15769785
2023-10-03,10311.8505859375,10311.8505859375,10100.789091531598,10311.8505859375,15670805
2023-10-04,10311.8505859375,10311.8505859375,10161.09237564757,10281.698943879514,15217305
2023-10-05,10221.3955078125,10342.00207425151,10161.092224592996,10311.850432641755,14504062
2023-10-06,10311.8505859375,10311.8505859375,10161.09237564757,10221.395659763542,11843290
2023-10-09,10281.69921875,10342.002504478118,10191.244290157823,10281.69921875,13168463
2023-10-10,10492.7607421875,10553.06311155887,10311.850884599888,10342.002527531156,13390388
2023-10-11,10613.3662109375,10613.3662109375,10402.305630618264,10522.912200224198,13939288
2023-10-12,10553.0625,10673.669064735825,10492.760134123202,10643.517423551866,10332609
2023-10-13,10613.3662109375,10613.3662109375,10432.457273019749,10522.912200224198,15223530
2023-10-16,10492.7607421875,10643.518040352676,10462.609099256231,10583.214754490138,11937601
2023-10-17,10583.21484375,10733.973059677854,10553.06320056443,10673.669773306712,14509976
2023-10-18,10583.21484375,10643.51813012114,10462.609187498894,10613.36648693557,26483528
2023-10-19,10553.0625,10583.214141183957,10462.608492939247,10553.0625,12343167
2023-10-20,10703.8212890625,10703.8212890625,10492.760705767372,10553.063074929434,13989556
2023-10-23,10553.0625,10703.820705919778,10372.15356938738,10703.820705919778,13150254
2023-10-24,10583.21484375,10613.36648693557,10402.305901127753,10553.06320056443,18488606
2023-10-25,10553.0625,10613.365782367911,10432.45685175529,10583.214141183957,23599741
2023-10-26,10251.546875,10492.760001421017,9980.182107776354,10462.60836061839,14968301
2023-10-27,10402.3056640625,10462.608949059348,10161.092524075106,10281.699094068805,27403289
2023-10-30,10372.154296875,10522.912513368738,10311.851010277504,10372.154296875,15253878
2023-10-31,10372.154296875,10522.912513368738,10251.547723680009,10522.912513368738,16754443
2023-11-01,10402.3056640625,10402.3056640625,10281.699094068805,10372.154021564076,11791777
2023-11-02,10613.3662109375,10613.3662109375,10342.002345815294,10432.457273019749,24963976
2023-11-03,11065.640625,11065.640625,10583.214356252982,10613.36599804967,25661034
2023-11-06,11005.337890625,11095.792820529194,10914.882960720804,11065.641177227795,20017807
2023-11-07,10854.5791015625,11005.337310117322,10854.5791015625,11005.337310117322,32536834
2023-11-08,11337.005859375,11337.005859375,10824.427928114565,10854.579571129883,17910915
2023-11-09,11306.853515625,11397.307522573965,11276.701874478307,11397.307522573965,15693994
2023-11-10,11367.1572265625,11367.1572265625,11095.792446009378,11276.702299711458,17451812
2023-11-13,11337.005859375,11397.308228914468,11095.792715252444,11367.15750239032,22818488
2023-11-14,11306.853515625,11427.459163720654,11186.246951038233,11367.156797918384,17187089
2023-11-15,11397.3076171875,11548.065824172463,11397.3076171875,11457.610899981484,16414085
2023-11-16,11427.4599609375,11487.763247437835,11306.854304428,11487.763247437835,12348459
2023-11-17,11156.095703125,11457.611208728717,11005.33749207757,11427.45956651923,18893861
2023-11-20,11276.7021484375,11337.005432195909,10945.034087766257,10975.18572964546,23965778
2023-11-21,11276.7021484375,11337.005432195909,11156.095580920684,11306.853790316703,28524589
2023-11-22,11216.3994140625,11337.00598748667,11125.944483994372,11306.854344130628,10751404
2023-11-23,10884.73046875,11246.55016015613,10884.73046875,11246.55016015613,32330471
2023-11-24,11035.4892578125,11095.792542906476,10884.73104507756,10914.88268762455,16891707
2023-11-27,10914.8828125,11095.792669851688,10764.12459804026,11095.792669851688,9830086
2023-11-28,10884.73046875,10945.033750651022,10733.972263997446,10914.882109700511,9156684
2023-11-29,10884.73046875,11095.791955403576,10824.427186848978,10914.882109700511,14149075
2023-11-30,10854.5791015625,10945.034026695394,10794.27581814057,10854.5791015625,9344060
2023-12-01,10975.185546875,10975.185546875,10764.124057235393,10884.73062274374,10646822
2023-12-04,11156.095703125,11216.398987543973,10914.88256544911,11005.33749207757,10956678
2023-12-05,11125.9443359375,11156.095978892305,10945.034478208676,11156.095978892305,14836433
2023-12-06,11216.3994140625,11337.00598748667,11125.944483994372,11216.3994140625,12513736
2023-12-07,11276.7021484375,11337.005432195909,11035.489013403869,11276.7021484375,14434497
2023-12-08,11306.853515625,11337.005156771693,11216.398592184923,11276.701874478307,15503816
2023-12-11,11306.853515625,11367.156797918384,11156.09530989154,11337.005156771693,14097562
2023-12-12,11337.005859375,11337.005859375,11216.39928731372,11337.005859375,11354618
2023-12-13,11367.1572265625,11397.307952355031,11246.55065742778,11337.00558427882,19844281
2023-12-14,11397.3076171875,11457.610899981484,11306.853609487644,11367.156892281628,10440926
2023-12-15,11457.611328125,11487.762970648688,11337.005674521406,11397.308043077626,11371582
2023-12-18,11095.7919921875,11487.762409352465,10975.18542798563,11487.762409352465,58830029
2023-12-19,11427.4599609375,11427.4599609375,10945.034585425976,11095.79280167682,18291425
2023-12-20,11337.005859375,11427.459871929788,11095.792715252444,11427.459871929788,52564913
2023-12-21,11306.853515625,11367.156797918384,11065.640386451463,11246.550233331616,17748750
2023-12-22,11427.4599609375,11427.4599609375,11186.247731427327,11306.854304428,16994421
2023-12-25,11548.06640625,11548.06640625,11367.157465240494,11427.459834582884,15452926
2023-12-26,11578.2177734375,11578.2177734375,11427.459562443832,11578.2177734375,21477442
2023-12-27,11638.521484375,11638.521484375,11548.06655446372,11578.21819776748,16351678
2023-12-28,11668.6728515625,11668.6728515625,11457.611353430531,11578.217923791655,19178972
2023-12-29,12241.552734375,12241.552734375,11548.06589451129,11698.824102414515,32062885
2024-01-02,12000.3408203125,12211.40140019904,11879.73425095382,12060.64410499184,10453065
2024-01-03,12060.64453125,12060.64453125,11940.037957628734,12000.341244439369,14297388
2024-01-04,12301.8564453125,12392.311373199853,12030.492578141602,12090.795863399837,17439518
2024-01-05,12362.1591796875,12362.1591796875,12181.250248465629,12301.855897116504,10169044
2024-01-08,12392.3115234375,12512.918095416138,12332.00823744818,12392.3115234375,8952500
2024-01-09,12392.3115234375,12422.46316643216,12301.856594453522,12392.3115234375,12073775
2024-01-10,12482.7666015625,12482.7666015625,12301.856741433076,12392.311671497788,9917705
2024-01-11,12543.0693359375,12573.220977964676,12452.614409855976,12482.76605188315,8551447
2024-01-12,12603.373046875,12603.373046875,12362.15990248758,12543.069760778146,15849622
2024-01-15,12663.67578125,12663.67578125,12452.614289106385,12633.524139515195,11458204
2024-01-16,12663.67578125,12693.827422984805,12543.06921431079,12633.524139515195,23628174
2024-01-17,12573.220703125,12663.675627229257,12392.310854916484,12663.675627229257,11067018
2024-01-18,12543.0693359375,12603.37261999185,12482.76605188315,12573.220977964676,8902855
2024-01-19,12633.5244140625,12633.5244140625,12512.917844502312,12543.069486892358,11325983
2024-01-22,12784.2822265625,12784.2822265625,12543.069094978928,12663.675660770714,22708615
2024-01-23,12663.67578125,12814.433989924011,12543.06921431079,12784.28234818921,12269089
2024-01-24,12754.130859375,12754.130859375,12573.221006797095,12663.675933086048,10954499
2024-01-25,12693.8271484375,12754.13043060284,12603.372225189489,12754.13043060284,16216126
2024-01-26,12844.5859375,12874.73757995274,12693.8277252363,12693.8277252363,23476328
2024-01-29,12904.888671875,12904.888671875,12814.433748375644,12844.585389542097,9205707
2024-01-30,13176.2529296875,13236.556213868487,12904.889067364198,12935.040709454692,15171551
2024-01-31,13146.1015625,13266.708133384023,12965.192622665129,13176.253205221006,13936020
2024-02-01,13146.1015625,13206.404847942013,13085.79827705799,13146.1015625,9759743
2024-02-02,13477.76953125,13477.76953125,13146.101463808853,13146.101463808853,14497215
2024-02-05,13658.6796875,13688.831330659732,13387.314899062409,13477.769828541605,17390028
2024-02-06,13869.7412109375,13899.891937652405,13628.528065288869,13658.679708494948,12043895
2024-02-07,14201.408203125,14201.408203125,13839.589405387507,13899.891774601118,9286790
2024-02-15,14261.7109375,14352.165862560354,14020.49780400572,14261.7109375,10704249
2024-02-16,14050.6494140625,14261.710905394864,13990.34613082468,14231.559263775956,9511516
2024-02-19,14080.8017578125,14080.8017578125,13839.589529324448,14050.650114690096,18006782
2024-02-20,14231.5595703125,14261.71121258085,13869.740779583426,14050.64971670239,12000319
2024-02-21,14171.255859375,14322.014066180574,13990.34601120831,14201.407500736115,9682862
2024-02-22,13809.4375,14171.256290858852,13809.4375,14171.256290858852,15642792
2024-02-23,13568.224609375,13899.891764007323,13568.224609375,13809.437752010264,13058745
2024-02-26,13688.8310546875,13809.437624894954,13538.072841928182,13568.224484480046,9489417
2024-02-27,13688.8310546875,13869.74090999868,13598.37612703191,13688.8310546875,12223956
2024-02-28,13990.3466796875,13990.3466796875,13688.83116816062,13688.83116816062,12219911
2024-02-29,14050.6494140625,14110.952697300318,13960.194489205773,13990.34613082468,10464426
2024-03-01,14050.6494140625,14080.80105568141,13839.588839221264,14050.6494140625,9501868
2024-03-04,14050.6494140625,14080.80105568141,13930.042847586865,14050.6494140625,10299461
2024-03-05,14171.255859375,14171.255859375,13869.74036225497,14050.64929393054,13346346
2024-03-06,14141.1044921875,14171.256134133208,13839.588989221562,14080.801208296083,7053839
2024-03-07,13960.1943359375,14110.95254237688,13930.042694649625,13930.042694649625,10174024
2024-03-08,13869.7412109375,13960.19522406456,13718.982994907105,13960.19522406456,10942827
2024-03-11,13930.04296875,13960.194610631168,13718.982392072963,13869.7406014788,14103476
2024-03-12,13839.5888671875,13899.891234056046,13538.072450389122,13899.891234056046,11542928
2024-03-13,13930.04296875,13990.346252512334,13628.527466429465,13839.588959597637,13584456
2024-03-14,13839.5888671875,13960.19451741572,13718.98230046815,13960.19451741572,12788762
2024-03-15,13869.7412109375,13930.04358085848,13658.679708494948,13749.134638113184,9665745
2024-03-18,13447.6181640625,13899.891894250291,13447.6181640625,13869.741167629536,15088447
2024-03-19,13477.76953125,13477.76953125,12995.344167826755,13447.61788875535,13971970
2024-03-20,13628.52734375,13749.13391018901,13146.101077993962,13507.92077731099,10580058
2024-03-21,14412.4697265625,14412.4697265625,13598.376284713431,13658.679570516411,23856216
2024-03-22,14352.166015625,14442.620941650048,14261.71108959995,14412.469299641698,10389569
2024-03-25,14201.408203125,14352.16641738694,14080.801631715449,14352.16641738694,20543051
2024-03-26,14593.37890625,14593.37890625,14110.952642230195,14171.25592523267,19688498
2024-03-27,14563.2275390625,14774.288117055588,14442.620970785796,14653.682465270029,9468718
2024-03-28,14623.53125,14623.53125,14472.773035254124,14472.773035254124,8410137
2024-03-29,14533.076171875,14653.682742432882,14352.166316038178,14653.682742432882,12456620
2024-04-01,14472.7724609375,14563.227386195542,14261.710968668734,14533.075744442862,10873883
2024-04-02,14412.4697265625,14442.62136946399,14171.256583350578,14291.86315495654,8987672
2024-04-03,14110.953125,14412.469550327984,14080.801482467205,14382.317907795186,13418713
2024-04-04,14080.8017578125,14352.166545914131,14080.8017578125,14110.953400934904,9505758
2024-04-05,14080.8017578125,14291.863259669326,13990.34682844529,14050.650114690096,10166243
2024-04-08,14412.4697265625,14472.77301236548,14050.650011744618,14080.801654646108,28429033
2024-04-09,14442.62109375,14502.924378401773,14291.862882120568,14412.469451424113,15628786
2024-04-10,14442.62109375,14502.924378401773,14231.559597468797,14472.772736075884,16754443
2024-04-11,14472.7724609375,14472.7724609375,14171.256043410693,14291.862610421416,8917328
2024-04-12,14653.6826171875,14713.985901951028,14261.711266224576,14472.77276289692,13262151
2024-04-15,14171.255859375,14683.833762513954,14050.64929393054,14623.530479791723,22807314
2024-04-16,14171.255859375,14261.710783458346,13869.74036225497,14171.255859375,25299899
2024-04-17,13869.7412109375,14201.408369713192,13507.921492464551,14201.408369713192,25340751
2024-04-19,13417.4658203125,13718.98223568712,13206.404329550269,13688.830594149656,28093188
2024-04-22,13507.9208984375,13658.67910783812,13387.314330917005,13447.617614677252,16608931
2024-04-23,13387.314453125,13538.07266390184,13025.49566375173,13387.314453125,13595973
2024-04-24,13507.9208984375,13628.527465957995,13387.314330917005,13447.617614677252,25336549
2024-04-25,13568.224609375,13658.679537863223,13417.46639522796,13507.921323716184,20912512
2024-04-26,14231.5595703125,14231.5595703125,13477.769430094855,13568.22435689991,21222834
2024-05-02,14261.7109375,14261.7109375,14080.80108737929,14231.559295813217,9530191
2024-05-03,14744.13671875,14744.13671875,14261.711354158431,14261.711354158431,18118834
2024-05-06,14653.6826171875,14774.288270223404,14382.317835751628,14774.288270223404,19115475
2024-05-07,14653.6826171875,14713.985901951028,14382.317835751628,14713.985901951028,25749430
2024-05-08,14533.076171875,14653.682742432882,14382.317958677648,14623.53109979341,21795888
2024-05-09,14291.86328125,14593.379712929323,14201.408351746202,14533.07642659346,12294300
2024-05-10,14291.86328125,14352.166567585866,14110.953422242406,14322.014924417932,12875882
2024-05-13,14020.498046875,14322.014468965848,14020.498046875,14291.862826756764,10938158
2024-05-14,14050.6494140625,14291.862547013774,14050.6494140625,14050.6494140625,16429492
2024-05-15,14171.255859375,14231.55914209723,14050.64929393054,14080.800935291654,11685484
2024-05-16,14593.37890625,14623.530547751236,14201.407566733908,14231.559208235143,17365283
2024-05-17,14653.6826171875,14804.439912605169,14502.924405278683,14623.530974805735,26911349
2024-05-20,14985.349609375,15136.1078196991,14683.83410521794,14683.83410521794,42166005
2024-05-21,14894.89453125,15015.501098279072,14713.985597197525,14985.349456521804,12504242
2024-05-22,14683.833984375,14925.046202417325,14683.833984375,14925.046202417325,8891961
2024-05-23,14894.89453125,14894.89453125,14472.77246313938,14713.985597197525,12175712
2024-05-24,14593.37890625,14925.046046272491,14472.772340245048,14774.287838766302,11354618
2024-05-27,14352.166015625,14653.682435708495,14291.8627316083,14593.379151691795,25121938
2024-05-28,14563.2275390625,14563.2275390625,14201.40783423239,14412.46932871662,12312353
2024-05-29,14141.1044921875,14563.227479427404,14141.1044921875,14563.227479427404,35207099
2024-05-30,13930.04296875,14080.801178155836,13749.134033954131,14050.64953627467,13548973
2024-05-31,14020.498046875,14050.649689084084,13930.043120247745,13960.19476245683,6764837
2024-06-03,14472.7724609375,14472.7724609375,14050.64947639997,14080.80111815265,10401553
2024-06-04,14442.62109375,14563.227663053543,14352.16616677234,14533.076020727658,8214357
2024-06-05,14291.86328125,14563.228069761391,14291.86328125,14472.773140257596,9283832
2024-06-06,14291.86328125,14442.621497089662,14171.25670857827,14291.86328125,15187892
2024-06-07,14291.86328125,14382.318210753798,14201.408351746202,14322.014924417932,8852120
2024-06-10,14412.4697265625,14412.4697265625,14261.71151205505,14322.01479785803,10210597
2024-06-11,14201.408203125,14472.772988796492,14171.256560272612,14442.621345944104,17244983
2024-06-12,14472.7724609375,14472.7724609375,14110.95275990533,14231.559326916054,12492259
2024-06-13,14533.076171875,14623.53109979341,14412.469601317118,14593.37945715394,21822625
2024-06-14,14442.62109375,14623.530947705318,14442.62109375,14593.37930537943,18305899
2024-06-17,14201.408203125,14472.772988796492,14050.64998886306,14442.621345944104,18480669
2024-06-18,14291.86328125,14322.014924417932,14171.25670857827,14231.559994914136,13156168
2024-06-19,14291.86328125,14322.014924417932,14050.65013590654,14322.014924417932,20405429
2024-06-20,14231.5595703125,14322.014497117554,14050.64971670239,14261.71121258085,18877520
2024-06-21,13960.1943359375,14231.559107528385,13960.1943359375,14231.559107528385,21814688
2024-06-24,13477.76953125,14020.498179662543,13477.76953125,13960.194894673245,27713456
2024-06-25,13628.52734375,13688.830626969504,13447.617494091486,13477.76913570124,30699023
2024-06-26,13688.8310546875,13688.8310546875,13568.224484480046,13628.527769583772,17350810
2024-06-27,13839.5888671875,14020.497800775398,13568.224092068958,13688.83065878831,14715872
2024-06-28,13869.7412109375,13869.7412109375,13688.831351701028,13839.58956773142,11328006
2024-07-01,13930.04296875,13960.194610631168,13749.134033954131,13869.7406014788,8535262
2024-07-02,14533.076171875,14593.37945715394,13960.194961725065,13960.194961725065,27364849
2024-07-03,14774.2880859375,14774.2880859375,14593.379150394623,14593.379150394623,20855085
2024-07-04,14804.439453125,14834.591094570957,14653.682162386334,14834.591094570957,24052151
2024-07-05,14713.9853515625,14834.59100008705,14593.378786546831,14834.59100008705,13353971
2024-07-08,14713.9853515625,14774.287717579216,14593.378786546831,14774.287717579216,41525441
2024-07-09,15226.5625,15256.7141415779,14653.682226510997,14653.682226510997,59728158
2024-07-10,15045.6533203125,15317.018106593829,14955.19839155206,15226.563177833385,13373580
2024-07-11,15256.71484375,15317.018129681192,15045.653342990836,15045.653342990836,51042871
2024-07-12,15517.7734375,15742.66796875,15389.26171875,15710.5400390625,16320552
2024-07-15,15678.4130859375,15710.5400390625,15485.6455078125,15549.9013671875,48444241
2024-07-16,15903.3076171875,15935.435546875,15646.28515625,15710.5400390625,19798838
2024-07-17,16192.458984375,16320.970703125,15806.923828125,15935.435546875,29483880
2024-07-18,16128.203125,16256.71484375,15806.923828125,16224.5869140625,58774050
2024-07-19,16031.8193359375,16192.458984375,15871.1796875,16160.3310546875,11847492
2024-07-22,16256.71484375,16256.71484375,15806.923828125,15967.5634765625,20056247
2024-07-23,16096.0751953125,16320.970703125,15935.435546875,16288.8427734375,13415444
2024-07-24,16096.0751953125,16128.203125,15806.923828125,15967.5634765625,14102699
2024-07-25,16096.0751953125,16096.0751953125,15839.0517578125,16031.8193359375,8569655
2024-07-26,16128.203125,16256.71484375,16031.8193359375,16096.0751953125,12086848
2024-07-29,16224.5869140625,16224.5869140625,16096.0751953125,16160.3310546875,7815326
2024-07-30,16256.71484375,16256.71484375,16096.0751953125,16224.5869140625,24856904
2024-07-31,16899.2734375,16899.2734375,16288.8427734375,16320.970703125,15733679
2024-08-01,16577.994140625,17156.294921875,16513.73828125,16931.400390625,12872147
2024-08-02,16770.76171875,16770.76171875,15999.69140625,16449.482421875,16101272
2024-08-05,15742.66796875,16706.505859375,15614.1572265625,16513.73828125,24245908
2024-08-06,15967.5634765625,16256.71484375,15646.28515625,16063.947265625,21836009
2024-08-07,15967.5634765625,16063.947265625,15582.029296875,15999.69140625,9906655
2024-08-08,16031.8193359375,16385.2265625,15774.7958984375,15774.7958984375,43531641
2024-08-09,16385.2265625,16481.609375,16096.0751953125,16256.71484375,18331889
2024-08-12,16417.353515625,16706.505859375,16192.458984375,16449.482421875,38483847
2024-08-13,16674.376953125,16770.76171875,16320.970703125,16481.609375,35746506
2024-08-14,16642.25,16835.017578125,16545.865234375,16835.017578125,23018937
2024-08-15,16802.888671875,17220.55078125,16642.25,16642.25,19591853
2024-08-16,17381.19140625,17381.19140625,16674.376953125,16963.529296875,22553921
2024-08-19,17349.0625,17606.0859375,17252.6796875,17445.447265625,21894836
2024-08-20,17220.55078125,17445.447265625,17156.294921875,17316.935546875,11006323
2024-08-21,17413.318359375,17509.703125,17156.294921875,17220.55078125,13333585
2024-08-22,17413.318359375,17477.57421875,17188.423828125,17413.318359375,8748028
2024-08-23,17413.318359375,17445.447265625,17252.6796875,17413.318359375,17561997
2024-08-26,17413.318359375,17477.57421875,17252.6796875,17445.447265625,11072465
2024-08-27,17413.318359375,17477.57421875,17316.935546875,17445.447265625,8162688
2024-08-28,17381.19140625,17509.703125,17316.935546875,17477.57421875,10581458
2024-08-29,17573.958984375,17766.7265625,17381.19140625,17413.318359375,13308528
2024-08-30,17798.853515625,17798.853515625,17541.830078125,17638.21484375,22866422
2024-09-04,17413.318359375,17670.341796875,17252.6796875,17638.21484375,13457620
2024-09-05,17316.935546875,17477.57421875,17156.294921875,17477.57421875,9993963
2024-09-06,17188.423828125,17349.0625,17156.294921875,17316.935546875,12294612
2024-09-09,17027.78515625,17220.55078125,16802.888671875,17220.55078125,9829464
2024-09-10,16899.2734375,17092.0390625,16770.76171875,17092.0390625,9777951
2024-09-11,16931.400390625,16963.529296875,16674.376953125,16899.2734375,12410866
2024-09-12,16835.017578125,16995.65625,16802.888671875,16995.65625,9072024
2024-09-13,16963.529296875,17027.78515625,16802.888671875,16899.2734375,8610274
2024-09-16,16835.017578125,16963.529296875,16738.6328125,16963.529296875,16427780
2024-09-17,17092.0390625,17092.0390625,16706.505859375,16867.14453125,12022731
2024-09-18,17156.294921875,17188.423828125,16995.65625,17059.912109375,12857362
2024-09-19,17252.6796875,17284.806640625,17092.0390625,17156.294921875,18535761
2024-09-20,17381.19140625,17477.57421875,17252.6796875,17284.806640625,18235244
2024-09-23,17349.0625,17445.447265625,17220.55078125,17413.318359375,16096292
2024-09-24,17349.0625,17381.19140625,17220.55078125,17349.0625,17427067
2024-09-25,17509.703125,17573.958984375,17349.0625,17413.318359375,18267459
2024-09-26,18184.388671875,18248.64453125,17477.57421875,17509.703125,30640818
2024-09-27,18184.388671875,18377.15625,18055.876953125,18248.64453125,16411906
2024-09-30,18120.1328125,18248.64453125,17830.982421875,18248.64453125,14620319
2024-10-01,17991.62109375,18152.259765625,17895.23828125,18120.1328125,16703553
2024-10-02,17702.470703125,17991.62109375,17638.21484375,17927.365234375,14240584
2024-10-03,17766.7265625,17991.62109375,17670.341796875,17734.59765625,15336361
2024-10-04,17541.830078125,17798.853515625,17541.830078125,17798.853515625,13527497
2024-10-07,17252.6796875,17541.830078125,17156.294921875,17541.830078125,22341644
2024-10-08,17477.57421875,17670.341796875,17124.16796875,17284.806640625,19963181
2024-10-09,17349.0625,17509.703125,17284.806640625,17509.703125,27413094
2024-10-10,17638.21484375,17702.470703125,17413.318359375,17413.318359375,21030634
2024-10-11,17573.958984375,17638.21484375,17413.318359375,17638.21484375,11519428
2024-10-14,17349.0625,17638.21484375,17349.0625,17606.0859375,20762642
2024-10-15,17445.447265625,17477.57421875,17316.935546875,17381.19140625,12464557
2024-10-16,17381.19140625,17381.19140625,17124.16796875,17381.19140625,28390126
2024-10-17,17092.0390625,17349.0625,17092.0390625,17349.0625,24556697
2024-10-18,17349.0625,17349.0625,17124.16796875,17156.294921875,16243205
2024-10-21,17316.935546875,17381.19140625,17252.6796875,17349.0625,11172534
2024-10-22,17349.0625,17349.0625,17156.294921875,17316.935546875,17699261
2024-10-23,17316.935546875,17349.0625,17092.0390625,17349.0625,11146388
2024-10-24,17284.806640625,17316.935546875,17092.0390625,17316.935546875,10916992
2024-10-25,17284.806640625,17284.806640625,17124.16796875,17284.806640625,8989540
2024-10-28,17124.16796875,17284.806640625,17027.78515625,17252.6796875,16201341
2024-10-29,17541.830078125,17606.0859375,17156.294921875,17188.423828125,12760250
2024-10-30,17477.57421875,17573.958984375,17381.19140625,17541.830078125,11724235
2024-10-31,17284.806640625,17477.57421875,17284.806640625,17477.57421875,14101141
2024-11-01,17059.912109375,17316.935546875,17059.912109375,17284.806640625,15614468
2024-11-04,16738.6328125,17092.0390625,16738.6328125,17092.0390625,12558404
2024-11-05,16738.6328125,16867.14453125,16642.25,16706.505859375,8840139
2024-11-06,16963.529296875,16963.529296875,16738.6328125,16738.6328125,17694281
2024-11-07,16867.14453125,17027.78515625,16835.017578125,16995.65625,15337761
2024-11-08,16867.14453125,16867.14453125,16642.25,16867.14453125,15832814
2024-11-11,16417.353515625,16867.14453125,16288.8427734375,16867.14453125,16739814
2024-11-12,16577.994140625,16642.25,16256.71484375,16256.71484375,12047163
2024-11-13,16481.609375,16674.376953125,16385.2265625,16513.73828125,11415625
2024-11-14,16224.5869140625,16481.609375,16192.458984375,16481.609375,12067083
2024-11-15,15871.1796875,16224.5869140625,15806.923828125,16224.5869140625,27833134
2024-11-18,15774.7958984375,15999.69140625,15582.029296875,15839.0517578125,27835001
2024-11-19,15839.0517578125,15967.5634765625,15710.5400390625,15806.923828125,26467809
2024-11-20,15839.0517578125,15967.5634765625,15614.1572265625,15806.923828125,17463017
2024-11-21,15935.435546875,15935.435546875,15678.4130859375,15839.0517578125,12609291
2024-11-22,15871.1796875,15999.69140625,15839.0517578125,15935.435546875,15017012
2024-11-25,15871.1796875,15935.435546875,15839.0517578125,15871.1796875,14484453
2024-11-26,16096.0751953125,16192.458984375,15839.0517578125,15871.1796875,15622872
2024-11-27,16160.3310546875,16288.8427734375,16063.947265625,16096.0751953125,13555976
2024-11-28,16256.71484375,16417.353515625,16031.8193359375,16192.458984375,14707312
2024-11-29,16288.8427734375,16385.2265625,16160.3310546875,16288.8427734375,9433858
2024-12-02,16320.970703125,16385.2265625,16224.5869140625,16320.970703125,11458578
2024-12-03,16738.6328125,16802.888671875,16449.482421875,16642.25,25110733
2024-12-04,16642.25,16802.888671875,16577.994140625,16738.6328125,15338228
2024-12-05,17156.294921875,17156.294921875,16642.25,16674.376953125,18098602
2024-12-06,17252.6796875,17284.806640625,17059.912109375,17188.423828125,11837688
2024-12-09,17349.0625,17413.318359375,17156.294921875,17284.806640625,21090239
2024-12-10,17991.62109375,17991.62109375,17316.935546875,17349.0625,37642055
2024-12-11,18197.240234375,18274.345703125,17965.91796875,18197.240234375,27434752
2024-12-12,18428.560546875,18467.11328125,18235.79296875,18235.79296875,18020036
2024-12-13,18274.345703125,18505.66796875,18004.47265625,18467.11328125,19089978
2024-12-16,18312.900390625,18312.900390625,18120.1328125,18235.79296875,12476048
2024-12-17,18351.453125,18428.560546875,18235.79296875,18390.0078125,17505556
2024-12-18,18351.453125,18505.66796875,18235.79296875,18351.453125,15136768
2024-12-19,18120.1328125,18197.240234375,17888.8125,18197.240234375,18061277
2024-12-20,18043.025390625,18197.240234375,17850.2578125,18120.1328125,11777408
2024-12-23,18043.025390625,18120.1328125,17927.365234375,18120.1328125,11579633
2024-12-24,18043.025390625,18043.025390625,17773.150390625,18043.025390625,10919379
2024-12-25,18428.560546875,18467.11328125,18043.025390625,18081.580078125,15058305
2024-12-26,18621.328125,18621.328125,18274.345703125,18428.560546875,19243920
2024-12-27,19238.18359375,19238.18359375,18582.7734375,18621.328125,23131638
2024-12-30,20549.001953125,20549.001953125,18814.095703125,19238.18359375,20360292
2024-12-31,19662.271484375,20317.6796875,19469.50390625,20317.6796875,14064232
2025-01-02,19353.84375,19662.271484375,18852.6484375,19623.71875,20939358
2025-01-03,18852.6484375,19276.736328125,18698.435546875,19276.736328125,12388377
2025-01-06,18891.201171875,18968.30859375,18621.328125,18852.6484375,8335824
2025-01-07,18698.435546875,18929.755859375,18582.7734375,18929.755859375,13614207
2025-01-08,17965.91796875,18698.435546875,17927.365234375,18659.880859375,26652073
2025-01-09,17233.40234375,17965.91796875,17194.849609375,17811.705078125,24179273
2025-01-10,16655.1015625,17233.40234375,16655.1015625,17194.849609375,21209891
2025-01-13,16732.20703125,16847.8671875,16346.6728515625,16346.6728515625,21876238
2025-01-14,16308.119140625,16809.314453125,16269.5654296875,16770.76171875,17972310
2025-01-15,16693.654296875,16693.654296875,16308.119140625,16308.119140625,17256421
2025-01-16,16732.20703125,16847.8671875,16539.439453125,16732.20703125,19471500
2025-01-17,17349.0625,17349.0625,16500.88671875,16655.1015625,23141883
2025-01-20,17734.59765625,17811.705078125,16963.529296875,17349.0625,41325121
2025-01-21,17464.72265625,18004.47265625,17233.40234375,17927.365234375,35941767
2025-01-22,16963.529296875,17503.27734375,16963.529296875,17503.27734375,45916744
2025-01-23,17271.95703125,17696.044921875,16886.421875,16924.974609375,32761120
2025-01-24,17464.72265625,17850.2578125,17310.509765625,17310.509765625,16041096
2025-02-03,17271.95703125,17387.6171875,17040.634765625,17349.0625,12227043
2025-02-04,17426.169921875,17580.384765625,17271.95703125,17310.509765625,13010500
2025-02-05,17426.169921875,17580.384765625,17387.6171875,17426.169921875,11739279
2025-02-06,17696.044921875,17773.150390625,17464.72265625,17503.27734375,20282867
2025-02-07,17657.490234375,17811.705078125,17618.9375,17811.705078125,13258597
2025-02-10,17426.169921875,17618.9375,17349.0625,17349.0625,12870565
2025-02-11,17387.6171875,17618.9375,17349.0625,17541.830078125,16918190
2025-02-12,17387.6171875,17580.384765625,17387.6171875,17503.27734375,13788511
2025-02-13,17503.27734375,17503.27734375,17349.0625,17387.6171875,12532722
2025-02-14,17618.9375,17657.490234375,17541.830078125,17618.9375,11404419
2025-02-17,17464.72265625,17696.044921875,17426.169921875,17696.044921875,13688001
2025-02-18,17503.27734375,17580.384765625,17426.169921875,17464.72265625,11421538
2025-02-19,17580.384765625,17618.9375,17426.169921875,17503.27734375,12945137
2025-02-20,17618.9375,17657.490234375,17541.830078125,17618.9375,15488098
2025-02-21,17773.150390625,17888.8125,17580.384765625,17618.9375,16032277
2025-02-24,18081.580078125,18120.1328125,17657.490234375,17734.59765625,23779180
2025-02-25,17888.8125,18120.1328125,17773.150390625,18120.1328125,20972429
2025-02-26,17773.150390625,17965.91796875,17773.150390625,17927.365234375,12697171
2025-02-27,17888.8125,17888.8125,17618.9375,17773.150390625,12786785
2025-02-28,17773.150390625,17888.8125,17580.384765625,17850.2578125,16250286
2025-03-03,17734.59765625,17811.705078125,17618.9375,17773.150390625,12873548
2025-03-04,17696.044921875,17734.59765625,17541.830078125,17657.490234375,14453561
2025-03-05,17657.490234375,17965.91796875,17657.490234375,17657.490234375,17559118
2025-03-06,17773.150390625,17773.150390625,17618.9375,17657.490234375,17833153
2025-03-07,18043.025390625,18197.240234375,17734.59765625,17773.150390625,33332923
2025-03-10,18274.345703125,18428.560546875,18120.1328125,18158.685546875,20558847
2025-03-11,18351.453125,18351.453125,17965.91796875,18120.1328125,12167515
2025-03-12,18235.79296875,18467.11328125,18158.685546875,18428.560546875,12351934
2025-03-13,17850.2578125,18274.345703125,17811.705078125,18274.345703125,17330215
2025-03-14,17888.8125,18004.47265625,17773.150390625,17850.2578125,9490973
2025-03-17,18043.025390625,18158.685546875,17850.2578125,17927.365234375,10880342
2025-03-18,17927.365234375,18120.1328125,17888.8125,18081.580078125,10953876
2025-03-19,17773.150390625,18004.47265625,17734.59765625,17888.8125,17044508
2025-03-20,17811.705078125,18158.685546875,17696.044921875,17927.365234375,14900084
2025-03-21,17734.59765625,17850.2578125,17696.044921875,17811.705078125,11863911
2025-03-24,17464.72265625,17773.150390625,17387.6171875,17734.59765625,17054624
2025-03-25,17541.830078125,17696.044921875,17464.72265625,17503.27734375,35449464
2025-03-26,17541.830078125,17773.150390625,17426.169921875,17580.384765625,24414012
2025-03-27,17464.72265625,17541.830078125,17349.0625,17503.27734375,16837263
2025-03-28,17156.294921875,17464.72265625,17156.294921875,17426.169921875,18331681
2025-03-31,17040.634765625,17117.7421875,16963.529296875,17040.634765625,10861796
2025-04-01,17310.509765625,17310.509765625,17002.08203125,17117.7421875,20531353
2025-04-02,17310.509765625,17503.27734375,17194.849609375,17310.509765625,54310916
2025-04-03,16115.3515625,16924.974609375,16115.3515625,16809.314453125,43007927
2025-04-04,16038.2451171875,16269.5654296875,15035.8544921875,15035.8544921875,51276702
2025-04-08,14920.1943359375,15884.03125,14920.1943359375,15729.8173828125,38463330
2025-04-09,14033.46484375,15151.515625,13879.2509765625,13917.8037109375,46668298
2025-04-10,14997.30078125,14997.30078125,14997.30078125,14997.30078125,23457056
2025-04-11,15961.1376953125,16038.2451171875,15344.2822265625,15961.1376953125,23955947
2025-04-14,16192.458984375,16423.779296875,16153.9052734375,16423.779296875,24720989
2025-04-15,15845.4775390625,16231.0126953125,15806.923828125,15999.69140625,20793327
2025-04-16,15922.5849609375,16076.798828125,15768.37109375,15884.03125,17303758
2025-04-17,15961.1376953125,15961.1376953125,15691.263671875,15884.03125,19015147
2025-04-18,16038.2451171875,16153.9052734375,16038.2451171875,16038.2451171875,16015807
2025-04-21,15729.8173828125,16115.3515625,15729.8173828125,16038.2451171875,19918257
2025-04-22,15652.7099609375,15729.8173828125,14765.98046875,15652.7099609375,23943497
2025-04-23,15691.263671875,15999.69140625,15691.263671875,15806.923828125,16306611
2025-04-24,16385.2265625,16385.2265625,15961.1376953125,16038.2451171875,22518852
2025-04-25,16385.2265625,16423.779296875,16115.3515625,16385.2265625,18893887
2025-04-28,16577.994140625,16577.994140625,16269.5654296875,16500.88671875,12172573
2025-04-29,16539.439453125,16616.546875,16346.6728515625,16539.439453125,16777865
2025-05-05,16346.6728515625,16616.546875,16308.119140625,16577.994140625,17189333
2025-05-06,16385.2265625,16577.994140625,16308.119140625,16385.2265625,10103267
2025-05-07,16153.9052734375,16423.779296875,16115.3515625,16308.119140625,15265874
2025-05-08,16385.2265625,16500.88671875,16153.9052734375,16192.458984375,15341769
2025-05-09,16346.6728515625,16423.779296875,16269.5654296875,16385.2265625,13816692
2025-05-12,16577.994140625,16577.994140625,16308.119140625,16308.119140625,15267560
2025-05-13,16809.314453125,17040.634765625,16655.1015625,16655.1015625,20698524
2025-05-14,17117.7421875,17156.294921875,16847.8671875,16847.8671875,17933520
2025-05-15,17156.294921875,17271.95703125,16924.974609375,17079.189453125,16469229
2025-05-16,16924.974609375,17194.849609375,16924.974609375,17156.294921875,12078870
2025-05-19,16963.529296875,17194.849609375,16693.654296875,16847.8671875,25611401
2025-05-20,17194.849609375,17271.95703125,16963.529296875,16963.529296875,19747260
2025-05-21,17271.95703125,17503.27734375,17117.7421875,17194.849609375,24509205
2025-05-22,17002.08203125,17233.40234375,17002.08203125,17117.7421875,22164915
2025-05-23,17040.634765625,17156.294921875,16963.529296875,17040.634765625,19515517
2025-05-26,17426.169921875,17426.169921875,17079.189453125,17117.7421875,29009992
2025-05-27,17426.169921875,17541.830078125,17349.0625,17426.169921875,12548583
2025-05-28,17156.294921875,17503.27734375,17156.294921875,17464.72265625,17501107
2025-05-29,17002.08203125,17387.6171875,17002.08203125,17194.849609375,17802753
2025-05-30,16732.20703125,17079.189453125,16732.20703125,17040.634765625,38794779
2025-06-02,16655.1015625,16770.76171875,16500.88671875,16616.546875,13867401
2025-06-03,16847.8671875,17002.08203125,16655.1015625,16693.654296875,28168395
2025-06-04,16847.8671875,16963.529296875,16770.76171875,16924.974609375,10168357
2025-06-05,16693.654296875,16886.421875,16616.546875,16847.8671875,15108366
2025-06-06,16809.314453125,16809.314453125,16539.439453125,16616.546875,13178501
2025-06-09,16539.439453125,16809.314453125,16539.439453125,16809.314453125,10041034
2025-06-10,16577.994140625,16770.76171875,16500.88671875,16577.994140625,10985671
2025-06-11,16500.88671875,16616.546875,16462.333984375,16616.546875,11015611
2025-06-12,16770.76171875,16809.314453125,16539.439453125,16577.994140625,12690497
2025-06-13,16655.1015625,16770.76171875,16462.333984375,16655.1015625,16094256
2025-06-16,16770.76171875,16847.8671875,16539.439453125,16616.546875,14379274
2025-06-17,16886.421875,16924.974609375,16732.20703125,16847.8671875,16971648
2025-06-18,16924.974609375,17040.634765625,16809.314453125,16886.421875,22371836
2025-06-19,16963.529296875,17079.189453125,16847.8671875,16963.529296875,10612090
2025-06-20,17079.189453125,17233.40234375,16924.974609375,17002.08203125,23476081
2025-06-23,16924.974609375,17040.634765625,16847.8671875,16963.529296875,19299726
2025-06-24,16924.974609375,17117.7421875,16886.421875,17040.634765625,32821491
2025-06-25,16809.314453125,17002.08203125,16809.314453125,16963.529296875,15229743
2025-06-26,16732.20703125,16886.421875,16655.1015625,16847.8671875,77270106
2025-06-27,16809.314453125,16886.421875,16655.1015625,16770.76171875,13148854
2025-06-30,16809.314453125,16886.421875,16770.76171875,16809.314453125,10847756
2025-07-01,17040.634765625,17194.849609375,16809.314453125,16847.8671875,51827677
2025-07-02,17194.849609375,17349.0625,17002.08203125,17079.189453125,25102977
2025-07-03,17387.6171875,17541.830078125,17117.7421875,17194.849609375,29489703
2025-07-04,17387.6171875,17580.384765625,17271.95703125,17464.72265625,17132412
2025-07-07,17965.91796875,17965.91796875,17426.169921875,17464.72265625,35788565
2025-07-08,18120.1328125,18158.685546875,17927.365234375,18043.025390625,22483499
2025-07-09,18659.880859375,19045.416015625,18120.1328125,18197.240234375,51583406
2025-07-10,18775.541015625,18814.095703125,18544.220703125,18775.541015625,23863971
2025-07-11,18852.6484375,18852.6484375,18467.11328125,18775.541015625,25877836
2025-07-14,18814.095703125,18891.201171875,18544.220703125,18891.201171875,22157627
2025-07-15,18621.328125,19083.96875,18621.328125,18814.095703125,56553230
2025-07-16,18698.435546875,18736.98828125,18582.7734375,18621.328125,26006242
2025-07-17,18775.541015625,18852.6484375,18621.328125,18775.541015625,27719875
2025-07-18,18814.095703125,18891.201171875,18582.7734375,18852.6484375,26913839
2025-07-21,18891.201171875,19006.86328125,18736.98828125,18891.201171875,27285790
2025-07-22,19623.71875,19623.71875,18775.541015625,18891.201171875,43238075
2025-07-23,20433.341796875,20587.5546875,19777.931640625,19816.486328125,46304232
2025-07-24,21281.517578125,21859.8203125,20703.21484375,20934.537109375,96318467
2025-07-25,21782.712890625,21898.373046875,21127.302734375,21281.517578125,34373543
2025-07-28,21936.92578125,22553.78125,21512.837890625,21859.8203125,34428700
2025-07-29,20433.341796875,21898.373046875,20433.341796875,21898.373046875,49085628
2025-07-30,20549.001953125,20664.662109375,19855.0390625,20433.341796875,27362527
2025-07-31,20394.787109375,21320.0703125,20009.251953125,20934.537109375,43031972
2025-08-01,20818.875,20934.537109375,20356.234375,20394.787109375,30515512
2025-08-04,21589.9453125,21589.9453125,20741.76953125,20857.4296875,29582704
2025-08-05,21512.837890625,22438.12109375,20818.875,22129.693359375,46871651
2025-08-06,21782.712890625,22052.587890625,21589.9453125,21975.48046875,22948048
2025-08-07,21975.48046875,22129.693359375,21551.392578125,22129.693359375,42085727
2025-08-08,21628.498046875,22129.693359375,21512.837890625,22052.587890625,33352364
2025-08-11,21512.837890625,21859.8203125,21512.837890625,21859.8203125,38452553
2025-08-12,22283.908203125,22322.4609375,21512.837890625,21589.9453125,40681677
2025-08-13,22322.4609375,22707.99609375,21936.92578125,22669.443359375,39210344
2025-08-14,23864.599609375,23864.599609375,22515.228515625,23054.9765625,85739213
2025-08-15,23903.154296875,24442.90234375,23440.51171875,24404.349609375,48876633
2025-08-18,23517.619140625,24057.3671875,23132.083984375,24057.3671875,37163849
2025-08-19,25059.7578125,25136.865234375,23633.279296875,23826.046875,50134548
2025-08-20,24558.5625,25252.525390625,23864.599609375,25136.865234375,40459726
2025-08-21,25638.060546875,26177.80859375,24674.22265625,24674.22265625,50514280
2025-08-22,24944.09765625,25638.060546875,24288.6875,25638.060546875,40059814
2025-08-25,24134.474609375,25368.185546875,23556.171875,25368.185546875,30628135
2025-08-26,24905.544921875,24905.544921875,23864.599609375,24134.474609375,17129507
2025-08-27,25021.205078125,25445.29296875,24712.77734375,25368.185546875,22074379
2025-08-28,25059.7578125,25098.310546875,24481.455078125,25059.7578125,30288606
2025-08-29,25792.2734375,26062.1484375,25213.97265625,25368.185546875,38193315
2025-09-03,25522.400390625,25869.380859375,25445.29296875,25830.828125,19604822
2025-09-04,25560.953125,25599.505859375,25098.310546875,25560.953125,27350998
2025-09-05,24905.544921875,25869.380859375,24597.115234375,25830.828125,29644254
2025-09-08,23826.046875,24635.669921875,23517.619140625,24597.115234375,40384441
2025-09-09,24327.2421875,24327.2421875,23556.171875,23671.83203125,21091718
2025-09-10,24365.794921875,24404.349609375,23864.599609375,24365.794921875,19419962
2025-09-11,24288.6875,24365.794921875,23517.619140625,24057.3671875,17182018
2025-09-12,24288.6875,24327.2421875,23941.70703125,24288.6875,16429155
2025-09-15,24095.921875,24365.794921875,23941.70703125,24288.6875,22399512
2025-09-16,24134.474609375,24327.2421875,23826.046875,24211.58203125,23869288
2025-09-17,23826.046875,24095.921875,23826.046875,24057.3671875,12286433
2025-09-18,23671.83203125,23864.599609375,23286.298828125,23864.599609375,18289026
2025-09-19,23286.298828125,23594.7265625,23132.083984375,23594.7265625,20619737
2025-09-22,22361.015625,23286.298828125,22361.015625,23286.298828125,26588161
2025-09-23,22129.693359375,22592.3359375,22129.693359375,22399.568359375,15688936
2025-09-24,23671.83203125,23671.83203125,21782.712890625,22206.80078125,32504373
2025-09-25,23903.154296875,24365.794921875,23826.046875,24288.6875,20855812
2025-09-26,23247.744140625,23941.70703125,23247.744140625,23903.154296875,16212391
2025-09-29,23826.046875,23980.259765625,22977.87109375,23247.744140625,17781458
2025-09-30,23903.154296875,23903.154296875,23247.744140625,23671.83203125,19401014
2025-10-01,23826.046875,23980.259765625,23671.83203125,23903.154296875,13942336
2025-10-02,23787.494140625,24134.474609375,23594.7265625,23903.154296875,18381417
2025-10-03,23286.298828125,23787.494140625,23286.298828125,23748.939453125,12419616
2025-10-06,24288.6875,24520.009765625,23401.958984375,23517.619140625,45106519
2025-10-07,24134.474609375,24481.455078125,24018.814453125,24481.455078125,27491349
2025-10-08,24250.134765625,24442.90234375,23903.154296875,24442.90234375,25620324
2025-10-09,24404.349609375,24558.5625,24057.3671875,24250.134765625,24448056
2025-10-10,24558.5625,24635.669921875,24442.90234375,24597.115234375,19836902
2025-10-13,25175.41796875,25175.41796875,24173.02734375,24250.134765625,50458332
2025-10-14,25175.41796875,25792.2734375,24751.330078125,25368.185546875,46720666
2025-10-15,25522.400390625,25907.93359375,25059.7578125,25136.865234375,40438677
2025-10-16,25753.720703125,25753.720703125,25368.185546875,25638.060546875,35981932
2025-10-17,25059.7578125,25869.380859375,25059.7578125,25869.380859375,27930440
2025-10-20,23324.8515625,24828.4375,23324.8515625,24674.22265625,50353997
2025-10-21,24944.09765625,24944.09765625,23440.51171875,23440.51171875,41514080
2025-10-22,25059.7578125,25098.310546875,24442.90234375,25059.7578125,24570133
2025-10-23,25445.29296875,26409.12890625,24982.650390625,25021.205078125,64333917
2025-10-24,25213.97265625,25483.845703125,24674.22265625,25252.525390625,25580561
2025-10-27,23980.259765625,25406.73828125,23980.259765625,25406.73828125,30949934
2025-10-28,24828.4375,24828.4375,23556.171875,23556.171875,27088674
2025-10-29,25753.720703125,26293.46875,24944.09765625,25021.205078125,45073253
2025-10-30,25753.720703125,26486.236328125,25599.505859375,25792.2734375,30857232
2025-10-31,24674.22265625,25869.380859375,24674.22265625,25869.380859375,32404745
2025-11-03,23556.171875,24751.330078125,23517.619140625,24674.22265625,34562800
2025-11-04,23980.259765625,23980.259765625,22553.78125,23556.171875,44811811
2025-11-05,23941.70703125,24520.009765625,23748.939453125,23980.259765625,12305642
2025-11-06,23209.19140625,23980.259765625,23170.63671875,23980.259765625,17737078
2025-11-07,23132.083984375,23247.744140625,22553.78125,23093.53125,29433832
2025-11-10,22823.65625,23170.63671875,22592.3359375,23054.9765625,22014267
2025-11-11,22823.65625,22900.763671875,22399.568359375,22823.65625,20868054
2025-11-12,23132.083984375,23209.19140625,22592.3359375,22900.763671875,24107282
2025-11-13,23093.53125,23247.744140625,22900.763671875,23132.083984375,15672349
2025-11-14,23016.423828125,23132.083984375,22746.548828125,23016.423828125,36679535
2025-11-17,23170.63671875,23517.619140625,22977.87109375,23132.083984375,23542249
2025-11-18,23479.06640625,23517.619140625,23132.083984375,23247.744140625,26245728
2025-11-19,24134.474609375,24288.6875,23132.083984375,23517.619140625,32477242
2025-11-20,24520.009765625,24597.115234375,24057.3671875,24211.58203125,31229416
2025-11-21,24057.3671875,24558.5625,23903.154296875,24404.349609375,63163854
2025-11-24,23980.259765625,24674.22265625,23941.70703125,24134.474609375,23223393
2025-11-25,24520.009765625,24751.330078125,24095.921875,24095.921875,74309218
2025-11-26,24905.544921875,24905.544921875,24365.794921875,24520.009765625,18991972
2025-11-27,24674.22265625,25021.205078125,24365.794921875,25021.205078125,16479319
2025-11-28,24674.22265625,24674.22265625,24250.134765625,24597.115234375,18731515
2025-12-01,24288.6875,24712.77734375,24250.134765625,24712.77734375,9903676
2025-12-02,24674.22265625,24674.22265625,23864.599609375,24288.6875,21445551
2025-12-03,24866.990234375,25059.7578125,24481.455078125,24674.22265625,25425439
2025-12-04,25406.73828125,25522.400390625,24982.650390625,25291.078125,19630449
2025-12-05,25406.73828125,25445.29296875,25021.205078125,25445.29296875,11943012
2025-12-08,25252.525390625,25406.73828125,24982.650390625,25329.6328125,13123240
2025-12-09,24288.6875,25175.41796875,24288.6875,25175.41796875,29694120
2025-12-10,24789.8828125,25445.29296875,24365.794921875,24905.544921875,33302057
2025-12-11,24481.455078125,24866.990234375,24365.794921875,24828.4375,9136670
2025-12-12,23286.298828125,24597.115234375,23286.298828125,24520.009765625,22815207
2025-12-15,23132.083984375,23440.51171875,23054.9765625,23324.8515625,20748130
2025-12-16,24751.330078125,24751.330078125,23016.423828125,23170.63671875,28567270
2025-12-17,24751.330078125,25098.310546875,24442.90234375,24674.22265625,41474044
2025-12-18,25600.0,26000.0,24750.0,25000.0,32982840
2025-12-19,25950.0,26000.0,25450.0,25600.0,21307370
