Date,Close,High,Low,Open,Volume
2020-12-21,7855.1015625,8007.135744151745,7787.531074284919,7871.994767721583,77760463
2020-12-22,7838.208984375,8007.135431585623,7770.638032263365,7905.779936486635,64776254
2020-12-23,7736.85302734375,7888.8872123188285,7736.85302734375,7871.994939796496,39701009
2020-12-24,7703.0673828125,7821.316553653984,7466.569974198036,7787.531076270702,46411932
2020-12-25,7804.42333984375,7821.316077506993,7635.496429745549,7703.066913864296,36503320
2020-12-28,7787.53076171875,7939.564470734105,7719.959809681497,7939.564470734105,47135766
2020-12-29,7753.74560546875,7787.531082880708,7719.960128056793,7787.531082880708,32380728
2020-12-30,7736.85302734375,7821.316722626717,7736.85302734375,7736.85302734375,38173052
2020-12-31,7770.63818359375,7804.423660307528,7753.745445236861,7787.530921950639,40340935
2021-01-04,8091.599609375,8226.740580882464,7804.423528685375,7905.779957117325,122471962
2021-01-05,8497.0234375,8497.0234375,8091.599590837924,8159.169609902626,96562936
2021-01-06,8547.7021484375,8784.199548673554,8446.345719878418,8615.272167741752,63798465
2021-01-07,8750.4150390625,8767.308245555947,8530.809886127694,8615.273119389212,57331035
2021-01-08,8986.9111328125,9240.30172809201,8784.199216429952,8851.770166246944,73138047
2021-01-11,8902.4482421875,9189.624323024294,8851.770494479788,9122.0533707017,66293640
2021-01-12,8834.876953125,8953.125648648278,8682.842782728152,8902.44790287214,48081101
2021-01-13,8784.19921875,8986.911135186088,8750.41374383258,8834.876964591915,53046564
2021-01-14,8919.341796875,8919.341796875,8733.522137228916,8885.556319387666,59781243
2021-01-15,9037.5908203125,9189.625007833669,8970.019862954528,9088.26857179671,60584123
2021-01-18,8851.7705078125,9071.375636657474,8851.7705078125,9037.590160445288,40549197
2021-01-19,8243.6337890625,8851.770493780905,8243.6337890625,8851.770493780905,67748098
2021-01-20,8243.6337890625,8361.882489083471,7736.852579751517,8243.6337890625,67482828
2021-01-21,8716.62890625,8716.62890625,8243.634088958963,8446.346020216764,43083964
2021-01-22,8649.0576171875,8767.3072500084,8547.702122010252,8682.843093269405,35069034
2021-01-25,8513.9169921875,8716.628923854712,8497.02378692527,8581.487947099406,30895987
2021-01-26,8649.0576171875,8649.0576171875,8024.028642343427,8497.023441353162,57287766
2021-01-27,8108.4921875,8530.809255665166,8057.814437902101,8378.775073802966,64473519
2021-01-28,7551.03271484375,7770.637837158495,7551.03271484375,7601.71092765505,73202244
2021-01-29,7922.67236328125,7939.56463510605,7196.286479979419,7196.286479979419,56268542
2021-02-01,7432.7841796875,7939.564452677417,7415.891441716605,7770.638006036932,45968276
2021-02-02,7888.88671875,7905.77992328393,7415.891454361155,7635.496581822996,43183512
2021-02-03,8192.955078125,8226.740554159236,7905.779931436686,8007.135426470931,57828485
2021-02-04,8125.384765625,8226.741201705718,8040.921535425338,8209.8489288932,31361763
2021-02-05,8361.8818359375,8378.774106163128,8125.383521299956,8176.062198113627,34674806
2021-02-08,8074.70654296875,8513.916807289223,8057.814271141878,8378.774900400313,65790533
2021-02-09,8361.8818359375,8361.8818359375,8040.92030403503,8108.491251074329,47889361
2021-02-17,8716.62890625,8716.62890625,8446.346020216764,8497.02376976409,52233787
2021-02-18,8851.7705078125,8885.555984024686,8649.057650539384,8784.199555388128,66081763
2021-02-19,9071.3759765625,9257.19563615796,8716.628929576389,8750.414407054519,85475686
2021-02-22,9020.697265625,9172.731447267286,8885.556289203247,9071.375948218096,56284096
2021-02-23,9257.1953125,9290.97985572842,8986.911502124854,9037.59018310443,103854512
2021-02-24,9122.0537109375,9392.336597240466,9088.268233516066,9341.658847642568,60064329
2021-02-25,9223.4091796875,9274.0869239914,9071.375013707398,9223.4091796875,54447004
2021-02-26,9341.658203125,9392.335949226444,9020.696656300026,9054.482131390469,68310084
2021-03-01,9578.15625,9611.94172739842,9426.122068241357,9476.799817804736,62401701
2021-03-02,9493.693359375,9696.405297878578,9459.907880779649,9679.51302511517,42230125
2021-03-03,9459.9072265625,9595.049131597923,9426.121750303644,9459.9072265625,50816659
2021-03-04,9172.7314453125,9527.47849111457,9088.26821843334,9459.907536383842,73961572
2021-03-05,9240.3017578125,9290.979503804028,9054.482111752312,9155.838536803809,55643602
2021-03-08,9324.765625,9409.229784930249,9206.516920779855,9358.5511023584,41881767
2021-03-09,9223.4091796875,9307.872397883466,9122.052758011298,9189.623705795431,35360039
2021-03-10,9443.0146484375,9493.692394646498,9155.838576093483,9257.19500157992,73020119
2021-03-11,9544.37109375,9628.834323553814,9493.693342481418,9544.37109375,48164810
2021-03-12,9544.37109375,9611.942050820466,9510.585615214766,9595.049778087116,47688004
2021-03-15,9763.9755859375,9763.9755859375,9527.478185045897,9595.049137605916,69494409
2021-03-16,9679.51171875,9848.438155859596,9578.155296643195,9831.545885376,36255110
2021-03-17,9797.7607421875,9797.7607421875,9679.512045604124,9679.512045604124,40115944
2021-03-18,9865.33203125,9916.0097792204,9797.761078577152,9899.117507586425,39180995
2021-03-19,9865.33203125,9916.0097792204,9797.761078577152,9797.761078577152,28240746
2021-03-22,9679.51171875,9882.223629895196,9628.833041162394,9865.3313594116,45726197
2021-03-23,9578.15625,9696.40495436022,9544.370772601578,9679.512682195262,45037287
2021-03-24,9324.765625,9510.585283936942,9257.195603351704,9459.907534433594,46171613
2021-03-25,9307.873046875,9459.907223455686,9290.979842216884,9358.550794712404,37329482
2021-03-26,9290.9794921875,9375.443646159025,9037.589829478236,9223.40947530609,41037882
2021-03-29,9544.37109375,9561.264299551884,9290.980471270022,9341.659155607138,48225048
2021-03-30,9561.263671875,9696.404644075676,9443.014971298731,9544.37046718212,37595599
2021-03-31,9510.5849609375,9645.726865781391,9493.692689366248,9578.155913359446,29792488
2021-04-01,9865.33203125,9865.33203125,9527.478200954236,9544.37047258821,56108758
2021-04-02,10000.4736328125,10034.259111274892,9882.224924728387,10000.4736328125,50594658
2021-04-05,10270.7568359375,10270.7568359375,10068.043977490295,10220.07815479146,75190352
2021-04-06,10608.6103515625,10625.502622730002,10304.54107293142,10372.112023738326,95107914
2021-04-07,10743.751953125,10828.215180075946,10625.503248779974,10642.395520942764,66980287
2021-04-08,10541.0400390625,10743.751970689884,10473.469084163871,10743.751970689884,63705676
2021-04-09,10591.716796875,10625.502271160583,10422.790358515504,10507.253577695252,49082509
2021-04-12,10693.07421875,10726.859696192048,10591.71778642386,10676.181013494725,47375507
2021-04-13,10507.2548828125,10743.752299118756,10439.683925848274,10743.752299118756,64168655
2021-04-14,10557.9326171875,10591.718095615808,10338.327473937765,10405.89843079438,43058229
2021-04-15,10338.3271484375,10557.93228477301,10321.43487628946,10557.93228477301,53813526
2021-04-16,10203.185546875,10355.219719165869,10068.043645697142,10270.75649746393,52492269
2021-04-19,10304.541015625,10405.897441271689,10118.722301542066,10287.64874455144,40128386
2021-04-20,10304.541015625,10473.468391702814,10169.40004783119,10372.111966056123,37417432
2021-04-22,9865.33203125,10304.541357486562,9865.33203125,10270.756814218612,38869345
2021-04-23,10236.9716796875,10236.9716796875,9831.54688318204,9865.332360646536,47836476
2021-04-26,10000.4736328125,10236.971982049254,9966.688154350106,10236.971982049254,41066163
2021-04-27,10000.4736328125,10118.723273965144,9865.332652031457,10000.4736328125,29190681
2021-04-28,10220.078125,10405.897778167371,10000.472995523243,10000.472995523243,49992852
2021-04-29,10253.86328125,10456.576132778911,10253.86328125,10304.541027598008,54312675
2021-05-04,10557.9326171875,10591.718095615808,10000.473622723215,10000.473622723215,89244179
2021-05-05,10709.9658203125,10946.46414759805,10642.394869659489,10659.288073856962,80442772
2021-05-06,10676.1806640625,10845.108045743727,10591.71743975612,10709.966140398745,53909396
2021-05-07,10676.1806640625,10709.966140398745,10541.039691785989,10574.825168122235,70226871
2021-05-10,11216.7470703125,11301.210292494929,10659.288124385272,10676.18039559438,103845123
2021-05-11,11047.8193359375,11284.31765670315,11047.8193359375,11216.746707912964,71789925
2021-05-12,11216.7470703125,11216.7470703125,10963.35647069677,10997.14194618343,59926039
2021-05-13,11132.2841796875,11419.459330274498,11081.6054984139,11081.6054984139,76065063
2021-05-14,11149.1767578125,11284.318667498235,11098.4990082146,11284.318667498235,61834679
2021-05-17,11115.390625,11318.1025445077,11081.605149570642,11318.1025445077,54419291
2021-05-18,11250.533203125,11318.10322497773,11014.034860900678,11098.499021086473,66282894
2021-05-19,11655.95703125,11655.95703125,11284.318646444615,11385.674145451312,84003072
2021-05-20,11655.95703125,11740.421191180249,11571.493804388254,11723.527985966795,51317220
2021-05-21,11706.6357421875,11909.34767376057,11571.493832426451,11622.172515121096,57996754
2021-05-24,11740.4208984375,11824.88412319319,11622.17219716584,11757.313170161246,58966316
2021-05-25,12095.1669921875,12095.1669921875,11740.42088866772,11757.31316037741,65196929
2021-05-26,12669.5185546875,12669.5185546875,12365.450191485028,12416.12887406444,98009758
2021-05-27,12331.6650390625,12753.9830506994,12179.630853455144,12669.518888530903,81104620
2021-05-28,12737.08984375,12737.08984375,12230.309536132914,12365.450516065492,75233904
2021-05-31,12838.4453125,12939.801739624483,12500.591488486842,12838.4453125,88248458
2021-06-01,12906.0166015625,13125.621732876612,12872.231124970443,13041.157574862236,46185753
2021-06-02,13007.3720703125,13074.943023351374,12703.303714706048,12804.66014426436,68306917
2021-06-03,13902.6845703125,13902.6845703125,13463.475251019292,13514.15299818854,86730710
2021-06-04,14037.8271484375,14426.358739241425,13885.792966551748,13919.578443978417,93031288
2021-06-07,13429.6904296875,14020.933952370038,13176.29981535584,14020.933952370038,89638777
2021-06-08,12601.9482421875,13497.261038984432,12534.377289020094,13345.225927823529,86070081
2021-06-09,13024.265625,13108.728852033437,12416.128897449658,12534.37760191017,86613064
2021-06-10,12804.6611328125,13159.408197119605,12737.090174557,13007.373074510451,44984970
2021-06-11,13311.44140625,13497.26106123242,12753.98244130274,12906.016619645769,70752318
2021-06-14,13277.6552734375,13480.367190187484,13142.513373558551,13311.440748407236,70672679
2021-06-15,13277.6552734375,13497.26039420657,13058.05015266843,13277.6552734375,70391179
2021-06-16,13074.943359375,13362.119450636346,13058.051087215392,13260.763018473192,58631365
2021-06-17,13480.3681640625,13514.153641473033,12804.660481988847,12838.445959399382,75364219
2021-06-18,13699.9736328125,13852.00781831127,13666.188154582936,13852.00781831127,73878710
2021-06-21,13733.7578125,13835.114237605325,13547.93816634112,13649.294591446444,53728684
2021-06-22,14189.8603515625,14341.894522961533,13818.221058571877,13852.006533668156,105550712
2021-06-23,14156.076171875,14341.895835374487,14020.934259123182,14274.32487899858,67097933
2021-06-24,14189.8603515625,14443.250948250368,14088.503926273665,14341.894522961533,63694960
2021-06-25,14223.646484375,14257.431961033551,13953.363604175049,14189.861007716445,53034967
2021-06-28,14561.5009765625,14629.07193293609,14358.788107441724,14392.57358562852,52727278
2021-06-29,14679.7490234375,14797.997725238603,14358.787461632946,14595.285798303636,53223033
2021-06-30,14645.962890625,15017.60218424658,14645.962890625,14696.640636821236,73515874
2021-07-01,14679.7490234375,14764.212248571364,14443.251619835291,14662.85675163812,72003724
2021-07-02,14679.7490234375,14797.997725238603,14645.96354677026,14797.997725238603,50228711
2021-07-05,14561.5009765625,14713.535161868818,14274.324878508996,14696.64195624116,72805753
2021-07-06,13547.939453125,14679.749708561,13547.939453125,14629.071957729182,62135865
2021-07-07,14223.646484375,14223.646484375,13345.22595738956,13852.007174199389,88886239
2021-07-08,14223.646484375,14426.358411257845,14054.71910108223,14223.646484375,59327909
2021-07-09,14139.18359375,14392.57327508081,13919.578456808496,14071.612638834382,99991644
2021-07-12,13591.859375,14504.065384761512,13181.36709048814,14412.84487709221,70692679
2021-07-13,13591.859375,13956.742338745698,13363.808105826743,13728.690136503954,29854193
2021-07-14,13158.5615234375,13614.664046528094,12907.705135737671,13591.858920373565,43091695
2021-07-15,13363.80859375,13432.223976999876,12998.92654975066,13044.536805250576,33802966
2021-07-16,13272.587890625,13500.639164823471,13204.17250836546,13455.028909983776,28051792
2021-07-19,12383.1875,13090.146425965946,12360.382373355937,12770.874652949067,45600685
2021-07-20,12725.263671875,12725.263671875,12086.720162360956,12634.043170515852,31897080
2021-07-21,12770.875,13044.536527165556,12725.264745472408,12816.485254527592,25661160
2021-07-22,12930.5107421875,12998.926123192334,12542.82358316011,12770.874853176225,21990582
2021-07-23,12656.8486328125,12953.315270122415,12656.8486328125,12816.484514440916,23271577
2021-07-26,12405.9931640625,12611.239312750176,12223.552143006787,12451.603419326428,33484550
2021-07-27,12497.212890625,12656.848774034595,12451.60263822226,12497.212890625,24438612
2021-07-28,12588.43359375,12702.459226553225,12474.407960946774,12520.018214068064,12907984
2021-07-29,12953.3154296875,12953.3154296875,12679.65391495341,12725.26416740909,34231780
2021-07-30,13181.3662109375,13318.196963311171,12953.31495698138,12998.925207772603,39505329
2021-08-02,13135.7568359375,13272.587597433996,13044.53632827317,13181.367089769665,25871314
2021-08-03,13363.80859375,13409.418849249918,13135.75731625041,13181.367571750328,37335913
2021-08-04,13546.2490234375,13614.6644036959,13432.223389673496,13455.028516426297,34507461
2021-08-05,13683.080078125,13683.080078125,13409.41855120798,13500.63906018032,34918049
2021-08-06,13523.443359375,13728.689491995425,13500.638233528283,13683.079240301997,27039356
2021-08-09,13637.46875,13637.46875,13272.586742836756,13363.807244627566,25839851
2021-08-10,13523.443359375,13774.29974368885,13455.02798183486,13705.88436614871,28908162
2021-08-11,13546.2490234375,13774.300290965506,13455.028516426297,13546.2490234375,40916833
2021-08-12,13455.0283203125,13683.079584516545,13455.0283203125,13591.859078834928,20573213
2021-08-13,13500.638671875,13546.248925049327,13272.58740600336,13455.028418700673,23586850
2021-08-16,14139.18359375,14230.404102965533,13455.028841565005,13500.63909617277,66982717
2021-08-17,14230.404296875,14504.065828250625,14139.18378641646,14344.429934948175,38877925
2021-08-18,14184.7939453125,14298.819582611291,14139.183690392982,14139.183690392982,26101076
2021-08-19,14184.7939453125,14184.7939453125,13819.91190595636,14047.963180553948,44415216
2021-08-20,13637.46875,14139.18244291789,13432.222620970677,14139.18244291789,70501630
2021-08-23,13044.5361328125,13569.054044022969,13021.731006238131,13455.028411151128,46077052
2021-08-24,13021.7314453125,13112.9519546858,12816.485299222575,13044.536572655825,29674245
2021-08-25,13044.5361328125,13044.5361328125,12702.459234196976,12862.095120217557,44385260
2021-08-26,12816.4853515625,13067.341753363518,12770.875096689586,13044.536625927063,30967557
2021-08-27,12770.875,12793.680127263797,12428.798091043054,12656.849363681018,45809017
2021-08-30,12953.3154296875,13181.36669196591,12770.874419864773,12816.484672320456,34021686
2021-08-31,12725.263671875,13090.145677311595,12725.263671875,13044.535426632025,21856302
2021-09-01,12725.263671875,12862.094423913724,12634.043170515852,12725.263671875,26705020
2021-09-06,12907.7060546875,12930.511182465616,12634.044521350112,12748.070160240692,37526753
2021-09-07,13044.5361328125,13158.56176568434,12930.51049994066,12998.925879663764,42858331
2021-09-08,12907.7060546875,13135.757332468656,12862.095799131268,13135.757332468656,19595970
2021-09-09,12953.3154296875,12998.925682143185,12770.874419864773,12862.094924776136,21987230
2021-09-10,12862.095703125,12953.316213556567,12862.095703125,12953.316213556567,17755653
2021-09-13,12725.263671875,12907.704674593298,12656.848295855638,12748.068797214788,29050821
2021-09-14,12588.43359375,12770.87460623516,12588.43359375,12634.04384687129,23188830
2021-09-15,12520.0185546875,12588.433936230744,12405.992918782094,12542.82368186858,25093668
2021-09-16,12679.654296875,12679.654296875,12542.8235353865,12542.8235353865,20469100
2021-09-17,12702.458984375,12770.874362752564,12611.23847987158,12770.874362752564,20354930
2021-09-20,12884.900390625,12998.9260247697,12816.48501013818,12839.29013696712,38197731
2021-09-21,12770.875,12816.485254527592,12611.239109153425,12725.264745472408,23987802
2021-09-22,12770.875,12839.290381791388,12634.04423641722,12770.875,19487876
2021-09-23,12725.263671875,12862.094423913724,12679.653421195426,12770.873922554574,24695858
2021-09-24,13090.146484375,13158.561864612462,12725.264456441868,12770.87470993351,65206713
2021-09-27,12770.875,13226.977545275928,12770.875,13181.367290748336,20044266
2021-09-28,12770.875,12816.485254527592,12679.654490944817,12770.875,15900672
2021-09-29,12679.654296875,12862.095312193002,12656.849169960253,12770.874804534,24460188
2021-09-30,12702.458984375,12839.28974113013,12656.84873212329,12679.653858249145,15464737
2021-10-01,12520.0185546875,12748.069826498311,12428.798045963176,12725.26469931723,37911386
2021-10-04,12360.3828125,12542.82383213433,12269.162302682833,12520.01870468004,25626177
2021-10-05,12497.212890625,12497.212890625,12337.577007215405,12337.577007215405,19823679
2021-10-06,12542.8232421875,12565.62836856916,12383.187357515872,12542.8232421875,21067176
2021-10-07,12611.23828125,12725.26391008342,12565.628029716632,12725.26391008342,13633008
2021-10-08,12634.0439453125,12679.654198789174,12565.62856509749,12611.238818574164,17033144
2021-10-11,13135.7568359375,13135.7568359375,12656.849170699768,12679.654297615847,52807355
2021-10-12,13112.951171875,13295.39217973032,13021.73066794734,13295.39217973032,34353071
2021-10-13,13044.5361328125,13272.58739855618,13044.5361328125,13272.58739855618,22575461
2021-10-14,12998.92578125,13135.756539660277,12998.92578125,13112.951413258565,27880225
2021-10-15,12953.3154296875,13112.951313282389,12930.51030345966,13112.951313282389,17154225
2021-10-18,12953.3154296875,13112.951313282389,12930.51030345966,13112.951313282389,17662642
2021-10-19,12862.095703125,12998.92646877235,12816.485447909216,12998.92646877235,21197266
2021-10-20,12862.095703125,12998.92646877235,12679.654682261866,12998.92646877235,18723470
2021-10-21,12725.263671875,12998.925175952449,12725.263671875,12998.925175952449,21345371
2021-10-22,12725.263671875,12839.289298573936,12702.458546535214,12839.289298573936,15876162
2021-10-25,12588.43359375,12770.87460623516,12588.43359375,12748.069479674516,19595551
2021-10-26,12748.0703125,12748.0703125,12588.434416146543,12634.044672247532,14322211
2021-10-27,12953.3154296875,12953.3154296875,12748.069293636932,12770.874419864773,21382450
2021-10-28,12998.92578125,13067.341160455138,12930.510402044863,13067.341160455138,19072260
2021-10-29,12998.92578125,13044.536034053424,12862.095022839723,12998.92578125,22941639
2021-11-01,12953.3154296875,13090.146187054546,12907.70517723182,13044.535934598864,22315072
2021-11-02,12953.3154296875,12998.925682143185,12884.900051003977,12907.70517723182,21891706
2021-11-03,13295.392578125,13455.028464781875,12953.315678145984,12953.315678145984,58834418
2021-11-04,13181.3662109375,13386.61233949801,13158.561085541887,13341.002088706786,22655064
2021-11-05,13067.3408203125,13204.171575161072,13044.535694504404,13204.171575161072,17415870
2021-11-08,12998.92578125,13135.756539660277,12953.315528446576,13067.341160455138,29251297
2021-11-09,13044.5361328125,13204.172018833076,12998.925879663764,13044.5361328125,25897877
2021-11-10,13044.5361328125,13135.756639109974,13021.731006238131,13135.756639109974,22452075
2021-11-11,12816.4853515625,13044.536625927063,12770.875096689586,13044.536625927063,33514715
2021-11-12,13021.7314453125,13021.7314453125,12770.875044535927,12770.875044535927,21719091
2021-11-15,13044.5361328125,13226.977145407443,12976.120753089395,13090.146385961236,26394774
2021-11-16,13067.3408203125,13204.171575161072,12998.925442888212,13135.756197736786,30219532
2021-11-17,13090.146484375,13090.146484375,12953.315723900076,13067.34135762918,14718345
2021-11-18,12907.7060546875,13090.147076912424,12907.7060546875,13090.147076912424,32958117
2021-11-19,12907.7060546875,13204.172715803004,12770.875288018806,12862.095799131268,38696302
2021-11-22,13318.1982421875,13455.02900770031,12953.316200820009,12976.121328405476,50245155
2021-11-23,13181.3662109375,13409.41746489362,13158.561085541887,13386.61233949801,25044230
2021-11-24,14093.572265625,14093.572265625,13112.950933184136,13181.36630988454,90070997
2021-11-25,14093.572265625,14344.428646859807,14025.156888924595,14276.013270159405,45761779
2021-11-26,13819.912109375,14207.59928189736,13751.495792920176,14184.794154101928,48750989
2021-11-29,13591.859375,13660.274755751978,13409.418359661397,13546.249121165349,39146065
2021-11-30,13226.9775390625,13774.300593136508,13181.367284556334,13751.495465883423,50891833
2021-12-01,13455.0283203125,13455.0283203125,13135.75655042684,13226.977056108455,23568206
2021-12-02,13272.587890625,13546.249419663163,13272.587890625,13523.444292243315,17546798
2021-12-03,12907.7060546875,13409.418865806045,12907.7060546875,13363.808610249813,26064207
2021-12-06,12542.8232421875,13021.730896202384,12314.771978370887,12907.705264294078,34839702
2021-12-07,12839.2900390625,12862.09516571754,12611.23877251208,12634.043899167122,16910595
2021-12-08,12953.3154296875,13090.146187054546,12793.679546092611,12862.094924776136,16062603
2021-12-09,13021.7314453125,13044.536572655825,12816.485299222575,12816.485299222575,10380350
2021-12-10,12930.5107421875,13090.14663119878,12884.900488184276,13067.341504197168,13252376
2021-12-13,12953.3154296875,12998.925682143185,12907.70517723182,12930.51030345966,19020937
2021-12-14,12884.900390625,13044.53627842758,12862.09526379606,12930.51064428288,14136608
2021-12-15,12998.92578125,13067.341160455138,12862.095022839723,12884.900149241435,14789360
2021-12-16,12884.900390625,13135.75678574334,12862.09526379606,13135.75678574334,16741123
2021-12-17,12862.095703125,12953.316213556567,12816.485447909216,12907.705958340784,16424382
2021-12-20,12725.263671875,12884.89954925351,12725.263671875,12862.094423913724,18500788
2021-12-21,12748.0703125,12862.095952752466,12702.460056399012,12816.48569665148,14181018
2021-12-22,12611.23828125,12793.679287383471,12565.628029716632,12748.069035850103,19346475
2021-12-23,12451.603515625,12702.459921516684,12360.38300439166,12679.654793708349,21984716
2021-12-24,12839.2900390625,12839.2900390625,12428.797759271743,12428.797759271743,16216889
2021-12-27,12839.2900390625,12953.315672337709,12725.26440578729,12907.705419027625,9123865
2021-12-28,12907.7060546875,12953.31631024373,12793.680415796922,12930.511182465616,16009814
2021-12-29,12907.7060546875,13158.56246024677,12884.900926909384,12976.121438021846,21087287
2021-12-30,12976.12109375,13112.95185678841,12907.705712230794,13044.536475269206,11806726
2021-12-31,13181.3662109375,13386.61233949801,12998.925207772603,13090.145709355053,27922750
2022-01-04,13272.587890625,13409.418655144083,13249.782763205154,13318.198145464694,21118918
2022-01-05,13090.146484375,13295.392625087385,13067.34135762918,13272.587498341563,21768319
2022-01-06,12930.5107421875,13044.536377195556,12839.290234181057,12998.926123192334,27758514
2022-01-07,13044.5361328125,13158.56176568434,12907.70537336629,12930.51049994066,21633412
2022-01-10,12816.4853515625,13112.952008236432,12816.4853515625,13021.731498490606,27229358
2022-01-11,12725.263671875,12998.925175952449,12725.263671875,12884.89954925351,18884659
2022-01-12,13318.1982421875,13318.1982421875,12793.680307721732,12862.095690478136,32238121
2022-01-13,13546.2490234375,14070.767871820395,13477.833643179098,13546.2490234375,74037930
2022-01-14,13523.443359375,13751.494617842136,13341.00235260129,13455.02798183486,20937296
2022-01-17,13455.0283203125,14025.15741389108,13455.0283203125,13546.248825994118,64360187
2022-01-18,13637.46875,13842.715812097753,13455.027746418376,13546.24824820919,30602469
2022-01-19,13500.638671875,14047.962643035413,13500.638671875,13774.300190920969,26724920
2022-01-20,13774.30078125,13911.132479705691,13341.003357523936,13546.249505604705,35213840
2022-01-21,14504.0654296875,14732.11669956714,13728.690179028235,13774.300433004164,108368168
2022-01-24,14640.896484375,15051.388778366563,14435.650337379218,14526.870847155122,71556381
2022-01-25,14868.947265625,14914.5575190001,14549.6754919993,14595.2857453744,44237783
2022-01-26,15188.2197265625,15461.881259197093,14960.168449367004,15028.583832525654,63148322
2022-01-27,15051.388671875,15211.024562853376,14846.142526331376,15051.388671875,42841153
2022-01-28,15370.66015625,15598.711424661093,15142.60888783891,15188.219141521127,53177931
2022-02-07,15416.2705078125,15735.543218683624,15302.244872882988,15644.321777671525,37812280
2022-02-08,15416.2705078125,15575.906396713815,15188.219237953475,15325.04999986889,39829401
2022-02-09,15188.2197265625,15575.90689779484,15188.2197265625,15416.271003757993,46651457
2022-02-10,15393.46484375,15598.710979462105,15074.19307708673,15142.60845565743,50101450
2022-02-11,15484.685546875,15575.9060528045,15370.659914463124,15393.4650409455,30025131
2022-02-14,14595.2861328125,15416.270715357688,14595.2861328125,15279.439951600154,59718860
2022-02-15,14914.5576171875,15005.778124538234,14572.480714622248,14663.70122197298,43448656
2022-02-16,14891.751953125,15074.19296124485,14709.310945005149,15028.582709214888,20535952
2022-02-17,15142.609375,15142.609375,14868.947844102577,14891.752971677362,19628231
2022-02-18,14891.751953125,15074.19296124485,14846.141701095035,15005.777583199906,32644520
2022-02-21,14891.751953125,15005.777583199906,14526.8699368853,14868.946827110018,39421327
2022-02-22,15689.9326171875,15689.9326171875,14640.895866003146,14823.336877849388,80169735
2022-02-23,15667.126953125,15917.984283814463,15575.90644489919,15781.153521475751,36520182
2022-02-24,15507.4912109375,15872.374180372944,15142.60917457056,15507.4912109375,63292237
2022-02-25,15553.1015625,15917.9845342115,15553.1015625,15712.737454406308,35319210
2022-02-28,15689.9326171875,15872.37362903374,15507.490672272788,15530.295798753568,27504411
2022-03-01,15507.4912109375,15917.984434918812,15439.0758291187,15781.153671281209,36512851
2022-03-02,14823.3369140625,15416.270204011304,14777.726660989514,15416.270204011304,109446172
2022-03-03,15096.9990234375,15188.219533154086,14412.845200563106,15005.778513720914,63836267
2022-03-04,15005.77734375,15188.218348958604,14868.946589843545,15051.38759505215,36022448
2022-03-07,14686.5068359375,14891.752984284323,14595.286325561134,14686.5068359375,42142524
2022-03-08,14139.18359375,14595.28613982766,14139.18359375,14504.06563061213,59223849
2022-03-09,14025.1572265625,14276.013613836358,13797.105032335992,14139.182857141526,50642337
2022-03-10,14161.9892578125,14481.261052167698,14139.184129644273,14276.014898653642,25858285
2022-03-11,14344.4296875,14458.45532360618,14161.988669730112,14161.988669730112,23629585
2022-03-14,14435.6494140625,14595.28529595988,14230.40328019444,14367.23403610648,37373830
2022-03-15,14412.8447265625,14549.675486637374,14298.81909316677,14549.675486637374,18259462
2022-03-16,14640.896484375,14777.727249038857,14549.675974599098,14663.701611818977,23517302
2022-03-17,14709.3115234375,14937.362792555252,14686.506396525723,14800.5320310846,23471634
2022-03-18,14640.896484375,14846.142631370783,14595.28622948705,14823.337503926808,29692262
2022-03-21,14686.5068359375,14732.117091125683,14504.06581518477,14732.117091125683,24913722
2022-03-22,14800.5322265625,14914.55786262737,14686.50659049763,14686.50659049763,24074948
2022-03-23,14663.701171875,14914.55756623248,14663.701171875,14823.337059193396,23398104
2022-03-24,14618.091796875,14754.922565656894,14595.286668744684,14618.091796875,21042667
2022-03-25,14504.0654296875,14686.506445591212,14504.0654296875,14618.09106462732,19662020
2022-03-28,14367.234375,14572.480513709395,14184.79336281387,14504.065134139595,33395309
2022-03-29,14595.2861328125,14595.2861328125,14367.23485988328,14435.650241762049,18592151
2022-03-30,14891.751953125,15233.828843349718,14504.06481087032,14549.675062900282,67674643
2022-03-31,15028.5830078125,15096.998387216763,14891.75224900397,14891.75224900397,40229935
2022-04-01,15188.2197265625,15279.440237440696,14960.168449367004,15051.388960245204,34065449
2022-04-04,15051.388671875,15393.465581114377,15051.388671875,15393.465581114377,25584071
2022-04-05,14891.751953125,15142.608339289793,14891.751953125,15028.582709214888,20925565
2022-04-06,15211.0244140625,15279.439795241153,14823.337254050146,14891.752635228797,35293444
2022-04-07,15370.66015625,15689.932865094012,15279.439648885564,15302.244775726673,50497583
2022-04-08,15142.609375,15507.491416196564,15096.999119850429,15393.465778322638,23941926
2022-04-12,14709.3115234375,15165.414061673006,14686.506396525723,15142.60893476123,33154298
2022-04-13,14868.947265625,14960.1677723752,14686.5062521246,14709.31137881215,28827093
2022-04-14,14732.1171875,15005.778720419332,14732.1171875,14914.55820944622,16563061
2022-04-15,14321.6240234375,14754.92142439898,14276.013770704712,14732.116298032584,36511594
2022-04-18,13819.912109375,14276.01466528366,13751.495792920176,14276.01466528366,39151511
2022-04-19,13363.80859375,14070.768487067247,13363.80859375,13911.132592817536,27549240
2022-04-20,13455.0283203125,13705.884710936947,13295.39243536967,13409.418067471692,27311265
2022-04-21,13683.080078125,13933.937410867436,13272.58778774947,13455.02880569415,26405038
2022-04-22,13683.080078125,14047.963047082862,13591.85956915266,13819.911774652011,23993249
2022-04-25,12816.4853515625,13911.132401580911,12725.264841816674,13774.300703893665,39741061
2022-04-26,13386.61328125,13432.223535249916,12314.772312251918,12770.8748522511,30964248
2022-04-27,13546.2490234375,13569.0541501903,13158.561868639888,13341.002882662293,15442124
2022-04-28,13432.2236328125,13637.469777302902,13409.4185056469,13591.8595229717,14104766
2022-04-29,13591.859375,13637.469628834651,13363.808105826743,13386.61323274407,17883229
2022-05-04,13181.3662109375,13614.66359345413,13181.3662109375,13591.85846805852,16496445
2022-05-05,13226.9775390625,13363.808302581005,12884.900630266246,13363.808302581005,14526457
2022-05-06,12770.875,13135.757036220744,12770.875,12998.926272637964,18543313
2022-05-09,11949.890625,12679.654710051964,11927.085497342125,12588.434199420468,37597558
2022-05-10,12337.578125,12337.578125,11448.1781225669,11767.449918312115,22921109
2022-05-11,12542.8232421875,12542.8232421875,12177.941220080922,12337.577104752549,14002538
2022-05-12,11699.033203125,12451.60235037274,11699.033203125,12314.771596327697,29800774
2022-05-13,10992.0751953125,11949.890551012946,10992.0751953125,11858.670040946236,43891296
2022-05-16,11220.1259765625,11562.202874254226,11174.515723536935,11493.78749471588,15776448
2022-05-17,11995.5009765625,11995.5009765625,11197.321502132663,11242.931757814367,25677290
2022-05-18,12155.1357421875,12542.822879464298,12041.110113576677,12223.551119353991,18405264
2022-05-19,12200.74609375,12337.576849205809,11858.66920511048,11949.889708747683,13229542
2022-05-20,12314.7724609375,12428.798097314011,12132.331442735078,12223.551951836287,12151747
2022-05-23,11995.5009765625,12360.383022016138,11904.28046519909,12314.772766334434,20571328
2022-05-24,12246.3564453125,12246.3564453125,11927.084679981885,12086.720562647191,16395750
2022-05-25,12793.6806640625,12884.901176945126,12314.77297142871,12314.77297142871,23270111
2022-05-26,12611.23828125,12907.704916216891,12611.23828125,12907.704916216891,16111060
2022-05-27,12770.875,12839.290381791388,12565.628854625833,12634.04423641722,17833372
2022-05-30,12816.4853515625,12884.900733871867,12725.264841816674,12884.900733871867,17426764
2022-05-31,12656.8486328125,12770.874262547084,12542.823003077918,12770.874262547084,11192520
2022-06-01,12588.43359375,12770.87460623516,12565.628467189355,12588.43359375,9553307
2022-06-02,12405.9931640625,12702.459823278032,12405.9931640625,12565.629057486249,14659690
2022-06-03,12497.212890625,12497.212890625,12155.13599760444,12428.797512020888,10829064
2022-06-06,12428.7978515625,12565.628612508795,12269.16196379182,12497.213232035649,14542169
2022-06-07,12291.9677734375,12451.603670075983,12041.111364434166,12451.603670075983,13070125
2022-06-08,12748.0703125,12816.48569665148,12291.96775149013,12405.993391742595,25412712
2022-06-09,12679.654296875,12839.29018527825,12542.8235353865,12839.29018527825,11605832
2022-06-10,12542.8232421875,12770.874506004113,12520.01811580584,12542.8232421875,13228704
2022-06-13,11699.033203125,12223.551093631002,11676.228077450824,12223.551093631002,38220984
2022-06-14,11630.6181640625,11813.059174757223,11402.566900694095,11402.566900694095,18738133
2022-06-15,11356.95703125,11630.618556526531,11037.685251760717,11516.592920994644,38367831
2022-06-16,11356.95703125,11585.008302313776,11356.95703125,11402.567285462756,16658796
2022-06-17,10627.1923828125,10992.075361670106,10581.582127088865,10786.82921091375,64904007
2022-06-20,10262.3095703125,10786.828405015322,9965.842930258294,10627.191588840751,20526917
2022-06-21,10239.5048828125,10444.75102702734,10057.063865732642,10262.31000994748,33937244
2022-06-22,10695.607421875,10900.85449908854,10330.725387839366,10330.725387839366,24829928
2022-06-23,10969.26953125,10969.26953125,10604.386575762368,10604.386575762368,12148605
2022-06-24,10809.6337890625,11037.685056083355,10809.6337890625,11037.685056083355,8070998
2022-06-27,10992.0751953125,11037.685450345854,10764.023920145726,10855.244430212437,14981247
2022-06-28,11265.736328125,11493.787595247491,10786.828667167769,10809.633793880015,31011173
2022-06-29,11265.736328125,11448.177341822991,11106.100441139257,11197.320947988252,20863768
2022-06-30,11037.685546875,11356.957334900648,11037.685546875,11288.541951752297,18334248
2022-07-01,11037.685546875,11128.90605773947,10695.607698064716,10832.439397429942,17265461
2022-07-04,11220.1259765625,11242.93110307528,10992.074711434683,11106.10034399859,13994159
2022-07-05,11607.8134765625,11767.449366955463,11174.516059781594,11242.931441378578,49747212
2022-07-06,11356.95703125,11653.42368363291,11334.151904143622,11402.567285462756,27694413
2022-07-07,11448.177734375,11562.203371846124,11174.5162044443,11356.9572243981,13768545
2022-07-08,11425.373046875,11539.398688737285,11379.762790130088,11539.398688737285,12552909
2022-07-11,11128.9052734375,11425.371912853743,11083.295021219616,11356.956534526918,22720005
2022-07-12,11425.373046875,11493.78843199237,11106.101249660604,11174.516634777976,13021105
2022-07-13,11539.3984375,11744.644588383464,11448.17792599624,11539.3984375,22381898
2022-07-14,11630.6181640625,11653.423290399342,11470.982279704616,11470.982279704616,18114499
2022-07-15,11607.8134765625,11721.839112557474,11585.008349363505,11630.618603761495,38346254
2022-07-18,11585.0078125,11721.838569353064,11585.0078125,11630.618064784354,14966793
2022-07-19,11493.7880859375,11585.00859668086,11402.56757519414,11562.20346899502,10787377
2022-07-20,11653.423828125,11699.03408290328,11585.008445957576,11630.61870073586,15254205
2022-07-21,11676.228515625,11744.64389521495,11630.618262565034,11630.618262565034,13995416
2022-07-22,11653.423828125,11813.059719848983,11653.423828125,11676.22895551414,16235218
2022-07-25,11516.5927734375,11653.423534322612,11493.787646623316,11607.81328069424,7907601
2022-07-26,11470.982421875,11607.813181591911,11448.177295255517,11516.59267511397,7810191
2022-07-27,11356.95703125,11448.177539675513,11288.541649930869,11402.567285462756,13629237
2022-07-28,11653.423828125,11744.644337681562,11448.177681622732,11516.593063790157,19845466
2022-07-29,11699.033203125,11744.643454473347,11630.617826102478,11721.838328799176,21783193
2022-08-01,12086.720703125,12086.720703125,11699.03355500336,11721.838681363455,25694887
2022-08-02,12177.94140625,12246.356786440876,11995.50039240766,12063.91577259854,22857846
2022-08-03,12269.162109375,12269.162109375,11949.890330045237,12132.3313468051,22061388
2022-08-04,12291.9677734375,12405.99341389356,12223.552389163864,12291.9677734375,27050249
2022-08-05,12291.9677734375,12291.9677734375,12109.526748707804,12269.162645346289,15694541
2022-08-08,12360.3828125,12405.993067408584,12223.55204777425,12314.772557591416,21045809
2022-08-09,12474.408203125,12588.43383814192,12405.992822114848,12497.213330128385,24051486
2022-08-10,12405.9931640625,12520.01880222232,12360.38290879857,12497.213674590355,13588597
2022-08-11,12223.5517578125,12542.823534598954,12200.746630899182,12520.018407685637,25762760
2022-08-12,12337.578125,12360.383253267515,12177.942227127392,12223.552483662424,14946683
2022-08-15,12474.408203125,12588.43383814192,12428.797949118232,12451.603076121615,18287323
2022-08-16,12428.7978515625,12497.213232035649,12383.187597913737,12451.602978386882,16209662
2022-08-17,12656.8486328125,12702.458884706331,12451.602499290251,12451.602499290251,33108108
2022-08-18,12611.23828125,12702.458784316736,12565.628029716632,12634.043407016685,20352445
2022-08-19,12588.43359375,12634.04384687129,12542.823340628707,12634.04384687129,19220785
2022-08-22,12643.1669921875,12834.729690173312,12588.434126285472,12752.630857854529,19098480
2022-08-23,12697.8984375,12725.264402866072,12478.968848434464,12478.968848434464,11748385
2022-08-24,12752.630859375,12807.363725283552,12670.53296011494,12725.26489295498,12770842
2022-08-25,12944.1943359375,12944.1943359375,12725.264741053676,12807.363572402235,20427657
2022-08-26,12916.828125,13081.024851516197,12916.828125,12998.926021723855,25963969
2022-08-29,12807.36328125,12862.095212192477,12533.701760400669,12615.79965681438,23393426
2022-08-30,12944.1943359375,13081.025099472765,12834.729538495589,12889.461470682292,27030941
2022-08-31,12998.92578125,13108.390574591913,12889.460987908087,12944.193851113278,12565722
2022-09-05,12916.828125,13081.024851516197,12889.461226356896,12971.560056149236,11731626
2022-09-06,12944.1943359375,13081.025099472765,12889.461470682292,12916.828369844148,12026650
2022-09-07,12588.43359375,13026.29183710069,12588.43359375,12971.559906582532,39851886
2022-09-08,12478.96875,12725.264302488822,12451.60278484979,12643.166407038194,13967170
2022-09-09,12424.2373046875,12561.06806884829,12177.941742584377,12561.06806884829,15099431
2022-09-12,12369.50390625,12588.433492702226,12369.50390625,12588.433492702226,5677190
2022-09-13,12342.138671875,12451.603471581517,12314.772705215502,12396.87153826252,9129489
2022-09-14,12260.0400390625,12287.40600408622,12041.110452735806,12068.476417759526,12454974
2022-09-15,12123.2099609375,12342.138626476724,12068.477094751306,12287.406693359047,9695268
2022-09-16,11931.6455078125,12232.672985381554,11904.27954313685,12177.941056030257,13015415
2022-09-19,11493.7880859375,11931.646350891926,11493.7880859375,11876.914417673315,16523049
2022-09-20,11685.3505859375,11685.3505859375,11466.421923729124,11685.3505859375,19630570
2022-09-21,11603.2529296875,11603.2529296875,11466.42216305071,11603.2529296875,9292011
2022-09-22,11630.6181640625,11630.6181640625,11411.688578001444,11493.787406041458,18286206
2022-09-23,11493.7880859375,11685.350785271148,11493.7880859375,11603.252885443237,10332449
2022-09-26,11001.1962890625,11439.054527524071,10891.731496179991,11274.85780473454,21239582
2022-09-27,11055.9287109375,11138.02754251974,10946.464846252518,11138.02754251974,8078575
2022-09-28,10919.09765625,11083.29531504209,10919.09765625,10946.464554761002,6225166
2022-09-29,10837.0,11083.295560575963,10837.0,11055.92866145869,8365568
2022-09-30,10946.46484375,10946.46484375,10563.33851823464,10782.267180623056,16282667
2022-10-03,10234.9443359375,10891.732202772697,10180.212402479783,10891.732202772697,21787382
2022-10-04,10289.6767578125,10508.605415251246,10125.479098397836,10508.605415251246,33633178
2022-10-05,10508.60546875,10645.436230246496,10426.507571693195,10453.873537378797,10490088
2022-10-06,9906.55078125,10481.239809736491,9879.18388169518,10481.239809736491,18613351
2022-10-07,9277.12890625,9742.353136702011,9222.396040093665,9605.522370913946,87133647
2022-10-10,9441.3251953125,9523.424024158212,9058.198882479966,9277.12847068955,29500933
2022-10-11,8784.537109375,9468.690886383049,8784.537109375,9468.690886383049,42643102
2022-10-12,9386.59375,9386.59375,8839.26975118413,8839.26975118413,30045433
2022-10-13,9523.423828125,9605.521722212308,9304.494244421934,9386.593071577698,28923106
2022-10-14,9742.3525390625,10016.014053851006,9632.888679601863,9797.085401861275,30021850
2022-10-17,9578.15625,9742.352979685633,9359.226655040153,9687.621047479925,18597744
2022-10-18,9605.5224609375,9961.28282854808,9550.79052733673,9824.45206147763,22623049
2022-10-19,9578.15625,9742.352979685633,9441.32548641722,9687.621047479925,9758287
2022-10-20,9386.59375,9578.156449784165,9386.59375,9550.7904831105,13465281
2022-10-21,8811.9033203125,9441.325185992351,8811.9033203125,9441.325185992351,38765712
2022-10-24,8538.2421875,9003.467349731724,8456.144288095706,8921.368517258916,35479431
2022-10-25,8976.1015625,9112.932330641266,8483.510423964033,8620.341192105298,29739919
2022-10-26,8976.1015625,9195.030231684905,8894.002728387828,8976.1015625,12734706
2022-10-27,9578.15625,9578.15625,9030.833195668883,9030.833195668883,33769099
2022-10-28,9660.2548828125,9933.916404353,9523.42412204225,9742.35277943356,35125753
2022-10-31,9687.62109375,9797.08589175275,9304.49476727463,9687.62109375,28538458
2022-11-01,9851.8173828125,10070.746969008933,9769.719487790186,9851.8173828125,36726385
2022-11-02,9797.0859375,9961.282668736583,9742.353071708798,9851.81787022269,18317280
2022-11-03,9660.2548828125,9851.817574663455,9632.888917272148,9660.2548828125,18818296
2022-11-04,9797.0859375,9797.0859375,9030.83328097126,9496.057508319667,48705902
2022-11-07,9277.12890625,9714.9871701581,9277.12890625,9632.889270526372,37141163
2022-11-08,9413.958984375,9550.789740167964,9085.564610630816,9167.663437333971,27640191
2022-11-09,9277.12890625,9605.522370913946,9249.76293970609,9468.691605125883,16808750
2022-11-10,8647.70703125,9249.762962010347,8647.70703125,9222.396062331933,35151589
2022-11-11,8757.171875,9140.298208679713,8729.805908251847,8894.002641809288,27813539
2022-11-14,8319.3134765625,8729.805770513647,8264.580610861241,8729.805770513647,24100086
2022-11-15,7744.62353515625,8319.313494372997,7744.62353515625,8209.84869580464,47098513
2022-11-16,8264.580078125,8264.580078125,7224.665960587728,7361.496716417978,46294217
2022-11-17,8592.974609375,8702.43846958973,8264.580229525414,8401.410987862291,27394745
2022-11-18,8592.974609375,8866.636126048756,8209.84829941805,8483.509816091804,24633746
2022-11-21,8592.974609375,8811.903262872924,8538.24174619917,8702.43846958973,24620478
2022-11-22,8647.70703125,9003.46739638423,8538.24223174189,8592.975098030205,36090950
2022-11-23,8592.974609375,8811.903262872924,8592.974609375,8647.706539482364,13671624
2022-11-24,8592.974609375,8675.072504536047,8428.776952915974,8565.607711252851,16395962
2022-11-25,8866.63671875,8866.63671875,8620.341150665996,8647.707117548991,17867762
2022-11-28,9413.958984375,9413.958984375,8976.100752451202,9003.466716996107,27066729
2022-11-29,9413.958984375,9550.789740167964,9195.029401878875,9413.958984375,29013534
2022-11-30,9523.423828125,9605.521722212308,9277.128279726165,9468.690965665006,24036542
2022-12-01,9742.3525390625,10070.746916649785,9550.78985193793,9687.620609332183,48497465
2022-12-02,10289.6767578125,10289.6767578125,9605.52202074453,9742.352781544429,28505708
2022-12-05,10399.140625,10563.338284493648,10262.309864134282,10399.140625,34795990
2022-12-06,9687.62109375,10426.50778046718,9687.62109375,10399.140881165113,38648575
2022-12-07,9468.69140625,9797.085797085025,9441.325440280872,9660.255034170888,22065648
2022-12-08,9906.55078125,10125.479446208965,9605.522350695086,9687.62118322252,24871859
2022-12-09,9961.2822265625,10016.01415685568,9714.986674106249,9961.2822265625,17610795
2022-12-12,9687.62109375,10070.74742022537,9660.25512751644,9961.28262222262,26902633
2022-12-13,9851.8173828125,9851.8173828125,9578.155866601192,9714.986624706846,14843162
2022-12-14,9933.916015625,10070.746771040873,9851.817189148098,10043.380806571387,28332361
2022-12-15,10371.7744140625,10508.605171691042,9851.817348460352,9851.817348460352,42408463
2022-12-16,10289.6767578125,10453.87348415868,10234.943893651453,10234.943893651453,20714126
2022-12-19,10043.380859375,10535.97102162089,10043.380859375,10289.67640703217,25423152
2022-12-20,9632.888671875,10098.112873414904,9523.42387943371,10016.014045816824,32038657
2022-12-21,9687.62109375,9797.08589175275,9359.226699741752,9769.71992551919,17635759
2022-12-22,9851.8173828125,10016.014105925591,9687.620659699409,9797.085452797624,14494197
2022-12-23,9714.9873046875,9824.45210544748,9632.889403918913,9824.45210544748,9659131
2022-12-26,9195.029296875,9714.986349564237,9195.029296875,9687.620385331842,23071171
2022-12-27,9441.3251953125,9468.69116057158,9167.663676584758,9222.395607102915,11707362
2022-12-28,9550.7900390625,9632.888868334963,9331.860449714915,9468.691209790037,8790297
2022-12-29,9523.423828125,9632.888619976531,9468.690965665006,9468.690965665006,7825448
2022-12-30,9359.2265625,9605.522121127431,9359.2265625,9605.522121127431,7295105
2023-01-03,9851.8173828125,9851.8173828125,9413.9591434881,9413.9591434881,14982644
2023-01-04,9824.451171875,9988.647890877846,9824.451171875,9906.549997910644,13581894
2023-01-05,9961.2822265625,9988.64819170909,9742.35263925284,9851.81743290767,13523763
2023-01-06,9988.6484375,10262.309961836836,9851.817675331582,9879.183641151569,19578897
2023-01-09,9988.6484375,10125.479199668418,9961.282471680017,10125.479199668418,10388485
2023-01-10,9961.2822265625,10043.38105507074,9906.55029626932,9961.2822265625,11173526
2023-01-11,9988.6484375,10098.113233848431,9961.282471680017,9988.6484375,11288394
2023-01-12,9988.6484375,10070.747268028448,9933.91650586003,10016.014403319983,13948317
2023-01-13,9988.6484375,10152.846098556896,9988.6484375,10070.747268028448,13964726
2023-01-16,10125.4794921875,10152.846391866591,9961.282759455553,10016.014692676694,13762224
2023-01-17,10618.0703125,10618.0703125,10180.212060348043,10234.943991966353,33258378
2023-01-18,10700.1689453125,10700.1689453125,10508.60532205053,10672.802046940453,17544459
2023-01-19,10727.53515625,10809.633987109057,10618.070359460757,10672.80229132113,19496326
2023-01-27,10782.2666015625,11001.19618526183,10754.900636867198,10891.731393412165,17063170
2023-01-30,10535.9716796875,10837.000108441793,10535.9716796875,10837.000108441793,22463143
2023-01-31,10700.1689453125,10700.1689453125,10262.30976818141,10508.60532205053,26350468
2023-02-01,10344.4091796875,10919.098215699045,10344.4091796875,10782.26744840732,27688023
2023-02-02,10371.7744140625,10453.87324186701,10152.845761697912,10453.87324186701,21599335
2023-02-03,10180.2119140625,10453.873434358627,10180.2119140625,10371.774605042398,21309410
2023-02-06,10234.9443359375,10344.409135921454,10125.479535953547,10180.212402479783,12493625
2023-02-07,10043.380859375,10317.042371645532,10043.380859375,10317.042371645532,17926190
2023-02-08,10070.7470703125,10234.94379507728,9988.648241395873,10125.479000877936,12412625
2023-02-09,10098.11328125,10234.944044060716,10043.381349353112,10070.747315301556,11189587
2023-02-10,10016.0146484375,10180.212313512731,10016.0146484375,10152.846347023033,13091003
2023-02-13,9851.8173828125,9961.282175910716,9714.986624706846,9961.282175910716,20197224
2023-02-14,9769.7197265625,9933.916453688566,9742.35282781775,9851.817623591289,14413021
2023-02-15,9851.8173828125,9988.648140918154,9714.986624706846,9714.986624706846,40781995
2023-02-16,9988.6484375,10043.381302208463,9879.183641151569,9906.550540040043,21098878
2023-02-17,9906.55078125,10070.747513236352,9906.55078125,9988.64868070892,21669529
2023-02-20,10344.4091796875,10344.4091796875,9906.550910967682,9906.550910967682,18140860
2023-02-21,10180.2119140625,10453.873434358627,10180.2119140625,10399.140570458316,15470043
2023-02-22,9988.6484375,10125.479199668418,9988.6484375,10070.747268028448,19857511
2023-02-23,9933.916015625,9961.281980094484,9687.620469262742,9851.817189148098,29430755
2023-02-24,9687.62109375,9988.648588456184,9687.62109375,9933.91665598906,19887188
2023-02-27,9441.3251953125,9578.155954676373,9441.3251953125,9550.789989417292,17914197
2023-02-28,9441.3251953125,9660.254783522085,9386.59326479434,9496.05712583066,15568326
2023-03-01,9660.2548828125,9660.2548828125,9304.494531582455,9386.593361272,11745767
2023-03-02,9523.423828125,9687.620549368072,9496.056930360775,9660.254584672302,6818878
2023-03-03,9386.59375,9578.156449784165,9386.59375,9578.156449784165,11628456
2023-03-06,9468.69140625,9687.621000140018,9468.69140625,9523.424271256754,12898083
2023-03-07,9523.423828125,9632.888619976531,9496.056930360775,9523.423828125,16284676
2023-03-08,9632.888671875,9632.888671875,9413.95908699242,9468.691016678837,13634789
2023-03-09,9742.3525390625,9824.451366726436,9632.888679601863,9660.254644467024,18990003
2023-03-10,9714.9873046875,9742.353271610364,9632.889403918913,9742.353271610364,11774047
2023-03-13,9578.15625,9632.889115274213,9496.057418622931,9496.057418622931,20614272
2023-03-14,9413.958984375,9605.52166925777,9413.958984375,9578.155704712868,23772942
2023-03-15,9742.3525390625,9769.719436996118,9578.155816803088,9632.888679601863,21639277
2023-03-16,9550.7900390625,9687.62079913762,9523.424073661172,9687.62079913762,13790296
2023-03-17,9550.7900390625,9687.62079913762,9550.7900390625,9687.62079913762,9069958
2023-03-20,9468.69140625,9632.88906820176,9468.69140625,9632.88906820176,11176494
2023-03-21,9496.0576171875,9578.156450281273,9413.95971716225,9550.79048360619,14074181
2023-03-22,9523.423828125,9605.521722212308,9496.056930360775,9578.15575751654,13527952
2023-03-23,9523.423828125,9550.78979282077,9468.690965665006,9468.690965665006,11515683
2023-03-24,9714.9873046875,9824.45210544748,9632.889403918913,9687.621337764638,35975035
2023-03-27,9824.451171875,9851.8171361974,9687.620417194554,9742.352345839356,14207379
2023-03-28,9851.8173828125,10016.014105925591,9851.8173828125,9879.183347819937,22028813
2023-03-29,10016.0146484375,10070.747514485416,9906.550782478698,9933.9167489684,21275369
2023-03-30,9988.6484375,10125.479199668418,9988.6484375,10070.747268028448,15673767
2023-03-31,9988.6484375,10070.747268028448,9933.91650586003,10016.014403319983,22944606
2023-04-03,10234.9443359375,10234.9443359375,10070.747602495832,10125.479535953547,35851091
2023-04-04,10262.3095703125,10289.676468156886,10180.211675984718,10262.3095703125,20447383
2023-04-05,10289.6767578125,10317.042723358783,10180.211962558886,10262.309859197734,17265495
2023-04-06,10125.4794921875,10344.409091209112,10125.4794921875,10317.04312459854,21829629
2023-04-07,10180.2119140625,10180.2119140625,10043.381153914435,10125.479050162186,14914736
2023-04-10,10180.2119140625,10399.140570458316,10180.2119140625,10234.943844894333,23874367
2023-04-11,10262.3095703125,10289.676468156886,10098.112848588478,10180.211675984718,11586036
2023-04-12,10234.9443359375,10289.67720246374,10152.84643575093,10289.67720246374,14498212
2023-04-13,10152.845703125,10262.309562141554,10125.478805302404,10234.943597387415,11961536
2023-04-14,10016.0146484375,10234.944246492134,10016.0146484375,10180.212313512731,15982930
2023-04-17,9988.6484375,10043.381302208463,9933.91650586003,9961.282471680017,10645103
2023-04-18,9933.916015625,10070.746771040873,9879.183153617583,10043.380806571387,10926091
2023-04-19,9906.55078125,10016.014647195225,9906.55078125,9988.64868070892,7257224
2023-04-20,9933.916015625,9961.281980094484,9879.183153617583,9906.550051155516,7179016
2023-04-21,9879.18359375,9988.648389573207,9879.18359375,9933.916458195848,12037997
2023-04-24,9988.6484375,10016.014403319983,9851.817675331582,9879.183641151569,9958519
2023-04-25,9988.6484375,10070.747268028448,9933.91650586003,10070.747268028448,12114982
2023-04-26,10043.380859375,10043.380859375,9906.550103239731,9988.647997079825,15683019
2023-04-27,10070.7470703125,10098.113035595215,10016.01420667859,10070.7470703125,6606251
2023-04-28,10098.11328125,10152.846146215385,10043.381349353112,10125.479247198444,12264938
2023-05-04,9961.2822265625,10098.11298536392,9933.91626141591,10043.38105507074,12976385
2023-05-05,9906.55078125,9988.64868070892,9906.55078125,9961.282714222612,19846005
2023-05-08,9988.6484375,10016.014403319983,9933.91650586003,9961.282471680017,11954677
2023-05-09,10016.0146484375,10043.381547995716,9961.2827154581,10016.0146484375,10483975
2023-05-10,10125.4794921875,10125.4794921875,9988.648726066122,10016.014692676694,12007798
2023-05-11,10125.4794921875,10207.578325087734,10098.113525576928,10180.212358477162,13354080
2023-05-12,10207.578125,10207.578125,10070.747361560763,10152.846192851706,12881345
2023-05-15,10317.04296875,10453.873732804424,10234.944137089946,10262.31010328713,31198102
2023-05-16,10289.6767578125,10371.774654451348,10234.943893651453,10317.042723358783,17802473
2023-05-17,10098.11328125,10289.6769090261,10098.11328125,10262.31001000916,16386012
2023-05-18,10180.2119140625,10207.577879478416,10098.11308474627,10152.845948646582,11625488
2023-05-19,10207.578125,10234.944091074149,10152.846192851706,10180.212158925851,7041629
2023-05-22,10317.04296875,10344.408934947183,10207.578170892764,10234.944137089946,14414419
2023-05-23,10262.3095703125,10399.140327260597,10234.943605536571,10344.40839770874,12975961
2023-05-24,10180.2119140625,10317.042674210565,10152.845948646582,10289.676708794646,9680431
2023-05-25,10098.11328125,10180.212112163828,10098.11328125,10180.212112163828,8911178
2023-05-26,10098.11328125,10125.479247198444,10070.747315301556,10125.479247198444,6955915
2023-05-29,10262.3095703125,10262.3095703125,10125.478813364403,10180.211675984718,12482976
2023-05-30,10262.3095703125,10317.042432932813,10207.577640760644,10289.676468156886,11637184
2023-05-31,10180.2119140625,10317.042674210565,10180.2119140625,10289.676708794646,12121442
2023-06-01,10289.6767578125,10289.6767578125,10152.845997012604,10180.211962558886,15425353
2023-06-02,10782.2666015625,10864.365428716865,10426.507194386655,10453.87315908196,61606101
2023-06-05,10837.0,11001.196729361143,10809.634033951226,10891.731932097548,35716148
2023-06-06,11192.7587890625,11192.7587890625,10836.999384497298,10891.731313486269,40200502
2023-06-07,11138.0263671875,11247.491153389794,11083.294440620555,11192.758293754445,24709336
2023-06-08,10946.46484375,11192.759472303404,10946.46484375,11138.027539973427,27440657
2023-06-09,11083.2958984375,11083.2958984375,10946.465130954,11001.197064719989,19796062
2023-06-12,11138.0263671875,11165.392330470972,10946.463691134792,11110.660403904028,16067074
2023-06-13,11110.6611328125,11165.3930629701,11028.562304507632,11165.3930629701,21025559
2023-06-14,10809.6337890625,11055.928410990242,10809.6337890625,11001.196480132628,19447620
2023-06-15,10782.2666015625,10864.365428716865,10754.900636867198,10809.633499326255,16583276
2023-06-16,10782.2666015625,11055.928114652435,10782.2666015625,10864.365428716865,24336454
2023-06-19,10700.1689453125,10836.999704898846,10700.1689453125,10782.26684122322,12282395
2023-06-20,10754.9013671875,10754.9013671875,10645.43656790454,10727.53540063389,11411467
2023-06-21,10864.3662109375,10864.3662109375,10754.901411206509,10782.267377872126,12561009
2023-06-22,10891.7314453125,11138.026994880758,10891.7314453125,11001.196237683776,25852420
2023-06-23,11055.9287109375,11110.661576348495,10973.830812423765,11028.562744766255,21487820
2023-06-26,11055.9287109375,11247.492340273227,10919.09794701277,11055.9287109375,25981776
2023-06-27,11001.1962890625,11110.661081945009,10946.464359155478,11083.295116991498,24684896
2023-06-28,11329.58984375,11384.322707252584,11001.196395008375,11055.92832544249,39226577
2023-06-29,11110.6611328125,11329.589786511366,11110.6611328125,11329.589786511366,26551607
2023-06-30,11055.9287109375,11165.393508690986,11028.562744766255,11110.661576348495,11669829
2023-07-03,11055.9287109375,11138.02754251974,11001.19677859501,11110.661576348495,19325945
2023-07-04,11138.0263671875,11138.0263671875,11001.195617701736,11055.92754426868,13403134
2023-07-05,11165.3935546875,11302.224319175912,11110.661622119538,11220.126420323972,22961541
2023-07-06,11055.9287109375,11247.492340273227,11028.562744766255,11192.759474862232,28258867
2023-07-07,11192.7587890625,11192.7587890625,11001.196104532655,11055.928033521626,20803332
2023-07-10,11356.95703125,11411.688963077908,11247.49223452569,11274.858200439645,29376289
2023-07-11,11603.2529296875,11603.2529296875,11356.957363127576,11356.957363127576,30358769
2023-07-12,11493.7880859375,11657.984818661846,11439.055219650372,11603.252885443237,22930292
2023-07-13,11548.51953125,11630.61836067789,11439.054736368971,11521.153565796863,31321349
2023-07-14,11738.71484375,11801.656846891849,11581.359369361122,11738.71484375,28122012
2023-07-17,11707.2431640625,11864.598623066284,11644.300234006245,11801.655693010029,16707563
2023-07-18,11707.2431640625,11738.7136960222,11612.829702046543,11707.2431640625,11723210
2023-07-19,11581.3583984375,11770.18532510125,11581.3583984375,11707.243327236149,18134635
2023-07-20,11612.8310546875,11644.301590312827,11518.41758167444,11581.359585993634,9792033
2023-07-21,11738.71484375,11738.71484375,11581.359369361122,11675.772840608151,13033179
2023-07-24,11801.65625,11801.65625,11675.772250083131,11738.714250041568,13580018
2023-07-25,11833.1279296875,12021.953932964503,11770.185928595169,11801.656462607089,15365848
2023-07-26,11801.65625,11864.599183026903,11738.714250041568,11833.127716513452,9004853
2023-07-27,11707.2431640625,11833.127158038154,11644.300234006245,11801.655693010029,14363701
2023-07-28,11770.1865234375,11770.1865234375,11675.77305049328,11675.77305049328,10661465
2023-07-31,11864.5986328125,11896.069164798051,11770.185170718987,11864.5986328125,15143417
2023-08-01,11864.5986328125,12179.308618010158,11864.5986328125,11896.069164798051,27358564
2023-08-02,11896.0703125,11927.541780590263,11801.65684129772,11864.599777478254,9346920
2023-08-03,11864.5986328125,12021.953158877111,11833.12716775852,11927.540629852032,19021390
2023-08-04,11959.01171875,12053.4251852402,11833.127718808715,11864.599185328274,22600666
2023-08-07,12179.3095703125,12210.78103782724,11990.483564429567,12053.425566390544,23701732
2023-08-08,12084.896484375,12273.722481671544,12053.425018291346,12273.722481671544,14106767
2023-08-09,12053.42578125,12116.367784332955,11959.012310091306,12084.897249325735,16249141
2023-08-10,11896.0703125,12084.897254904556,11896.0703125,12084.897254904556,14147903
2023-08-11,11896.0703125,11990.48378370228,11738.71483818571,11959.012315612012,13167101
2023-08-14,11927.541015625,12021.953547703672,11801.656084406006,11927.541015625,12282369
2023-08-15,11927.541015625,11959.011548628405,11833.12755047787,11927.541015625,8691472
2023-08-16,11959.01171875,12084.896651759756,11833.127718808715,11896.06971877936,14895349
2023-08-17,11864.5986328125,11959.011161837583,11864.5986328125,11959.011161837583,12012048
2023-08-18,11392.533203125,11833.12815212196,11266.648265505506,11833.12815212196,35029382
2023-08-21,11424.00390625,11549.888845726487,11235.177896638048,11329.590434909764,14864677
2023-08-22,11455.474609375,11518.416608375635,11172.235147337906,11518.416608375635,13746685
2023-08-23,11329.58984375,11518.416776577786,11329.58984375,11518.416776577786,9671818
2023-08-24,11486.9462890625,11549.889227415077,11329.590809318162,11392.533747670735,10162590
2023-08-25,11392.533203125,11455.475205400491,11392.533203125,11455.475205400491,7513834
2023-08-28,11455.474609375,11518.416608375635,11361.061144339816,11486.945142341088,11682855
2023-08-29,11486.9462890625,11549.889227415077,11424.004283778477,11486.9462890625,14575413
2023-08-30,11581.3583984375,11644.300396302604,11486.944935105625,11518.416400572398,11238575
2023-08-31,11644.30078125,11675.772247757184,11581.358781304109,11581.358781304109,11332240
2023-09-05,12053.42578125,12116.367784332955,11675.772829683743,11707.244297759482,33816743
2023-09-06,12116.3671875,12116.3671875,11896.069721026895,12084.89665404297,21638695
2023-09-07,12147.8388671875,12336.66487044849,12053.42539902276,12116.367400109755,34708993
2023-09-08,12021.9541015625,12179.30957303436,12021.9541015625,12147.83903858109,17177277
2023-09-11,11801.65625,12179.30918281907,11801.65625,12179.30918281907,23367333
2023-09-12,12116.3671875,12116.3671875,11801.65625451886,11864.599187569867,16877259
2023-09-13,11990.482421875,12179.308409764995,11896.068961395797,12147.837878317538,23811439
2023-09-14,12053.42578125,12179.309787415912,11959.012310091306,12021.95431317426,25983939
2023-09-15,12210.7802734375,12399.607200568447,12021.95334630655,12084.89627739583,41489960
2023-09-18,12053.42578125,12210.781255491647,11959.012310091306,12210.781255491647,23962510
2023-09-19,11959.01171875,12084.896651759756,11896.06971877936,12053.4251852402,17522941
2023-09-20,12084.896484375,12084.896484375,11927.541020093648,11990.483019192498,17083268
2023-09-21,11927.541015625,12179.309011926069,11864.599016549731,12084.8964798474,19531680
2023-09-22,11770.1865234375,11833.1285277108,11518.41757327576,11801.657059039882,40356864
2023-09-25,11392.533203125,11801.65668444996,11392.533203125,11770.186149846466,21106590
2023-09-26,11486.9462890625,11612.831232699102,11392.533747670735,11424.004283778477,17047291
2023-09-27,11644.30078125,11644.30078125,11424.003314905134,11424.003314905134,13485638
2023-09-28,11644.30078125,11675.772247757184,11455.474781412318,11549.888247865396,17511526
2023-09-29,11644.30078125,11738.714247703076,11644.30078125,11644.30078125,7160450
2023-10-02,11707.2431640625,11770.185161050327,11581.358237018416,11675.771699034372,6929743
2023-10-03,11361.0615234375,11644.300994925774,11329.590056352808,11581.35899382488,24158362
2023-10-04,11424.00390625,11486.945909453983,11298.119899842031,11361.061903046017,11252136
2023-10-05,11361.0615234375,11518.416992723984,11329.590056352808,11455.474991623088,12209539
2023-10-06,11424.00390625,11455.475374386251,11298.119899842031,11361.061903046017,7462968
2023-10-09,11518.4169921875,11518.4169921875,11329.59005582512,11424.00352400631,17984094
2023-10-10,11612.8310546875,11675.773059006697,11549.889050368303,11581.359585993634,12705250
2023-10-11,11644.30078125,11644.30078125,11518.416781358212,11581.358781304109,11223793
2023-10-12,11549.888671875,11675.772676388133,11549.888671875,11644.301208725596,8795929
2023-10-13,11612.8310546875,11644.301590312827,11486.946112980571,11518.41758167444,9865819
2023-10-16,11455.474609375,11612.83007341082,11455.474609375,11612.83007341082,9857602
2023-10-17,11392.533203125,11612.83067762348,11392.533203125,11518.417207675986,9273984
2023-10-18,11172.2353515625,11455.474818777117,11077.821884801471,11392.53281862592,18141496
2023-10-19,11109.29296875,11266.648443458364,11077.82243364944,11172.235905088162,9565721
2023-10-20,11298.119140625,11329.58967357796,11014.87967870609,11109.29221063342,11198808
2023-10-23,11203.7060546875,11329.590056895318,11140.76405358359,11298.119522877609,5933444
2023-10-24,11266.6484375,11329.590440736354,11172.23589917973,11203.706434263646,7845177
2023-10-25,11203.7060546875,11361.061523981518,11203.7060546875,11298.119522877609,8178225
2023-10-26,10826.052734375,11109.29219591875,10731.639269504263,11109.29219591875,24772879
2023-10-27,10983.4091796875,11014.880648479731,10794.582233071193,10857.525170655654,15861430
2023-10-30,10700.1689453125,10983.408412381172,10700.1689453125,10857.524412143644,6849823
2023-10-31,10763.111328125,10888.995332838464,10668.697858055648,10826.053330481733,10003771
2023-11-01,10826.052734375,10888.994733266003,10763.110735483997,10826.052734375,9259497
2023-11-02,11140.7646484375,11172.236117204098,10888.995697510334,10920.467166276932,10515489
2023-11-03,10951.9365234375,11235.176912651776,10951.9365234375,11203.70544727182,20039421
2023-11-06,11298.119140625,11329.58967357796,11046.350211659046,11077.821677680462,13160149
2023-11-07,11203.7060546875,11329.590056895318,11140.76405358359,11298.119522877609,7972384
2023-11-08,11549.888671875,11581.35920646903,11140.764257604556,11203.70625986112,17197725
2023-11-09,11549.888671875,11644.301208725596,11486.945736549926,11581.35920646903,16460433
2023-11-10,11329.58984375,11581.358776497558,11298.11931032435,11455.474776658017,50144169
2023-11-13,11392.533203125,11424.003737728492,11235.177730902013,11329.590267781,11539120
2023-11-14,11612.8310546875,11738.715063325892,11424.004108661378,11424.004108661378,21000619
2023-11-15,11675.7724609375,11801.656463127722,11612.83045984239,11770.185929114412,22482035
2023-11-16,11644.30078125,11675.772247757184,11549.888247865396,11612.83024781129,10734992
2023-11-17,11455.474609375,11707.243538446004,11266.647679304631,11707.243538446004,27806572
2023-11-20,11329.58984375,11486.945310083664,11172.235310484806,11172.235310484806,20154486
2023-11-21,11392.533203125,11486.945740003986,11298.119733177506,11455.475205400491,9274828
2023-11-22,11361.0615234375,11424.003524538395,11298.119522336605,11424.003524538395,12819965
2023-11-23,11266.6484375,11424.003912125145,11266.6484375,11392.533377041227,10667441
2023-11-24,11235.177734375,11329.590271283172,11077.822262103373,11266.64826898822,13515816
2023-11-27,11077.8212890625,11298.118744278843,11046.349824145123,11235.17674751252,10822885
2023-11-28,11235.177734375,11266.64826898822,10983.408792126696,11077.822262103373,12242062
2023-11-29,11235.177734375,11266.64826898822,11140.764264398322,11203.706266693272,8326989
2023-11-30,11203.7060546875,11298.119522877609,11172.23552066979,11235.1775217737,8601898
2023-12-01,11203.7060546875,11235.1775217737,11140.76405358359,11235.1775217737,6694835
2023-12-04,11361.0615234375,11392.532990522192,11203.706054151016,11203.706054151016,26542078
2023-12-05,11361.0615234375,11392.532990522192,11298.119522336605,11361.0615234375,12472798
2023-12-06,11392.533203125,11424.003737728492,11329.590267781,11361.061735453,10933010
2023-12-07,11486.9462890625,11549.889227415077,11361.06227849445,11424.004283778477,28226906
2023-12-08,11455.474609375,11549.888074410184,11424.003143340453,11486.945142341088,12932449
2023-12-11,11424.00390625,11486.945909453983,11361.061903046017,11455.475374386251,28342471
2023-12-12,11486.9462890625,11486.9462890625,11392.533747670735,11424.004283778477,10709793
2023-12-13,11361.0615234375,11549.888459808675,11361.0615234375,11486.94552563929,15397225
2023-12-14,11361.0615234375,11455.474991623088,11329.590056352808,11424.003524538395,15992281
2023-12-15,11361.0615234375,11455.474991623088,11329.590056352808,11361.0615234375,19181812
2023-12-18,11329.58984375,11424.003310163893,11298.11931032435,11361.061310244122,44613716
2023-12-19,11424.00390625,11455.475374386251,11298.119899842031,11329.590434909764,12141616
2023-12-20,11424.00390625,11455.475374386251,11361.061903046017,11424.00390625,19025549
2023-12-21,11424.00390625,11424.00390625,11329.590434909764,11392.533371182268,6769217
2023-12-22,11518.4169921875,11612.83046036869,11392.532989991572,11424.00352400631,14934539
2023-12-25,11581.3583984375,11675.771861769375,11518.416400572398,11549.88786603917,10328016
2023-12-26,11612.8310546875,11644.301590312827,11518.41758167444,11581.359585993634,10380691
2023-12-27,11581.3583984375,11644.300396302604,11549.88786603917,11644.300396302604,8780871
2023-12-28,11675.7724609375,11707.2439280193,11549.888458747278,11581.358992760588,17824507
2023-12-29,11738.71484375,11864.599783102216,11675.772840608151,11707.244308713336,22085700
2024-01-02,11864.5986328125,11959.011161837583,11738.713705665008,11770.185170718987,22945177
2024-01-03,12053.42578125,12084.897249325735,11770.186300842435,11801.656835849655,21031434
2024-01-04,12651.3759765625,12871.673449819822,12053.425558711408,12053.425558711408,75467218
2024-01-05,12903.14453125,12903.14453125,12651.375598030962,12651.375598030962,39257757
2024-01-08,13029.029296875,13123.442769013174,12840.203285667185,12966.087293139062,30583601
2024-01-09,13123.44140625,13154.912871384176,12903.143949516056,13060.499409050077,41138255
2024-01-10,13154.9140625,13312.269536281823,12997.558588718177,13123.44259451623,38989374
2024-01-11,12997.5576171875,13280.797075596023,12903.144153361844,13154.913079207448,47785956
2024-01-12,13438.1533203125,13564.03732403311,12840.202903036849,12903.144904897152,70080747
2024-01-15,13501.0947265625,13784.335122041275,13469.624193554942,13532.566192638518,38915903
2024-01-16,13532.56640625,13532.56640625,13312.268939445865,13501.094939677208,27310945
2024-01-17,13532.56640625,13721.392406481342,13406.681473027298,13595.508406327112,32609797
2024-01-18,13658.451171875,13689.922640211573,13406.682224387994,13469.625161061142,35981609
2024-01-19,13878.748046875,13941.690047739716,13658.450577314252,13721.392578178968,33522449
2024-01-22,13910.2197265625,14193.45920131938,13847.277724735248,14036.103730217004,56851270
2024-01-23,13815.8056640625,14067.574593629515,13784.335131034411,13910.219129283689,36114282
2024-01-24,13784.3359375,13941.690477983544,13721.393001624365,13752.864469562182,30647964
2024-01-25,13784.3359375,13815.806472369302,13658.450998817245,13815.806472369302,22480213
2024-01-26,13847.27734375,13941.689877359018,13784.335343654497,13784.335343654497,14462289
2024-01-29,13941.6904296875,14130.517370523252,13847.277892338136,13847.277892338136,23812866
2024-01-30,13910.2197265625,14004.633195837629,13752.86425546012,13941.690260941876,22140181
2024-01-31,13689.921875,14004.63280850055,13626.979874913586,14004.63280850055,42306811
2024-02-01,13784.3359375,13815.806472369302,13595.508996010123,13658.450998817245,20513037
2024-02-02,13689.921875,13847.277341750276,13689.921875,13784.33534166386,29224384
2024-02-05,14445.228515625,14571.112522538126,13689.922608009194,13689.922608009194,56825419
2024-02-06,14508.169921875,14571.111922740653,14445.227921009347,14476.699387976416,17865797
2024-02-07,14791.41015625,14917.295097551483,14539.642139784102,14539.642139784102,33258317
2024-02-15,15200.5341796875,15232.005647445789,14822.88123193061,14917.29470213696,38060055
2024-02-16,15106.1201171875,15169.06211716768,14917.29411724696,15169.06211716768,24948633
2024-02-19,15074.650390625,15169.062929114609,14854.35291236838,15106.12092576536,32071241
2024-02-20,15011.70703125,15169.061558874826,14885.822102854325,15011.70703125,34722412
2024-02-21,15106.1201171875,15232.005050216332,14917.29411724696,15011.707583751466,39899415
2024-02-22,15074.650390625,15169.062929114609,15011.708387275754,15106.12092576536,23064340
2024-02-23,15043.1787109375,15546.716596789718,14948.765240706643,15106.1207134019,84091476
2024-02-26,15106.1201171875,15137.591583711826,14885.822650722634,15043.17811720732,37014153
2024-02-27,15263.4755859375,15389.360518985017,15011.707585979417,15137.591585958458,38639323
2024-02-28,15357.8896484375,15452.303118619846,15200.53417582309,15326.418180687211,29432805
2024-02-29,15200.5341796875,15452.303122548265,15074.650174791374,15420.831654789978,38153715
2024-03-01,15106.1201171875,15200.533583692006,14980.23611722714,15169.06211716768,41625229
2024-03-04,15232.0048828125,15389.360347567806,14948.764486411868,15169.061950455609,56275447
2024-03-05,15483.7734375,15515.244904811658,15169.062496657394,15232.005431280711,43671190
2024-03-06,15483.7734375,15829.954912585768,15326.417967078696,15483.7734375,45342811
2024-03-07,15357.8896484375,15609.658591234256,15326.418180687211,15546.716588802194,39493638
2024-03-08,14854.3525390625,15420.831488038004,14854.3525390625,15420.831488038004,77726457
2024-03-11,14445.228515625,14854.352937695448,14350.815043905894,14822.881469432905,58308353
2024-03-12,14539.6416015625,14634.054137708026,14319.34412877544,14413.756664920966,37282383
2024-03-13,15011.70703125,15011.70703125,14539.640649170206,14539.640649170206,27392613
2024-03-14,14759.9384765625,15074.64940581759,14728.467010409606,15074.64940581759,31462371
2024-03-15,14980.236328125,15011.707795092394,14571.1119228913,14759.938858558697,38885239
2024-03-18,14602.5830078125,14980.235936198302,14099.045147919123,14948.764470054291,50036923
2024-03-19,14602.5830078125,14696.996473176068,14445.22754322938,14602.5830078125,32325658
2024-03-20,15200.5341796875,15357.889652341912,14539.641754380067,14602.583756828131,60986105
2024-03-21,15578.1865234375,15578.1865234375,15169.062123785145,15294.947056868892,52423219
2024-03-22,15767.013671875,16176.138077115183,15641.128737071913,15735.543137975594,63365418
2024-03-25,15546.7158203125,15955.840215500237,15483.77288792326,15767.013284469447,36080886
2024-03-26,15892.8974609375,15892.8974609375,15483.773061172047,15546.715994265558,26072864
2024-03-27,15924.3671875,15987.310117404082,15735.54213006146,15892.896655616383,22180712
2024-03-28,16050.25390625,16176.137906658092,15861.426972569388,16144.665506953355,24271150
2024-03-29,15987.3115234375,16081.724993528562,15829.955117906724,16081.724993528562,20563435
2024-04-01,15672.599609375,15892.89707058606,15546.71561241681,15861.426537880738,44186308
2024-04-02,15609.658203125,15609.658203125,15232.00526485386,15483.773268322297,51722510
2024-04-03,15232.0048828125,15609.657811611543,15232.0048828125,15609.657811611543,38349901
2024-04-04,14980.236328125,15263.475798557603,14980.236328125,15232.005264658696,50887458
2024-04-05,14696.9970703125,14948.765077420016,14665.525602889811,14822.881073866258,40111024
2024-04-08,14791.41015625,14980.23710166796,14571.112675308072,14728.468152133526,39607656
2024-04-09,15106.1201171875,15106.1201171875,14728.467184237948,14791.409184218128,26280982
2024-04-10,14980.236328125,15326.417799423907,14980.236328125,15294.947265525,60951191
2024-04-11,14948.7646484375,15011.707581476614,14728.467182006018,14791.40918197666,19045738
2024-04-12,15515.244140625,15546.715606386566,14948.764288395969,15011.7072199191,45071241
2024-04-15,14728.466796875,15767.013034973555,14476.698803575851,15389.360111956385,90946126
2024-04-16,15043.1787109375,15043.1787109375,14508.170290387336,14728.467765546991,74947864
2024-04-17,14539.6416015625,15137.592018137164,14539.6416015625,15106.120550709657,47826426
2024-04-19,14287.873046875,14665.526000852744,14224.93104339013,14224.93104339013,47961619
2024-04-22,14224.9306640625,14508.170138725702,14193.459196625034,14350.814667675368,40694240
2024-04-23,13847.27734375,14287.872277487006,13689.921876977,14224.930277391502,48687117
2024-04-24,14193.458984375,14256.400985240194,13815.80604611535,13973.161514812577,29161994
2024-04-25,14004.6328125,14224.930279399605,13941.689879327136,14224.930279399605,19738857
2024-04-26,14004.6328125,14130.51681270878,13847.277345704788,13847.277345704788,21376779
2024-05-02,14099.044921875,14193.458385724873,13973.160925454133,14036.102923664566,17120459
2024-05-03,14099.044921875,14350.81384778518,14036.102923664566,14224.929851364312,18682481
2024-05-06,14413.7568359375,14445.228303738411,14193.459360536652,14193.459360536652,25659361
2024-05-07,14319.34375,14508.169750364725,14256.40081680995,14476.699216838177,16575649
2024-05-08,14193.458984375,14287.872452207035,14036.10351567777,14099.045516542968,36610972
2024-05-09,14256.400390625,14350.813854519176,14067.574395905094,14224.92985803924,25970247
2024-05-10,14224.9306640625,14413.756669481802,14161.988662256066,14319.3441333064,21543607
2024-05-13,14256.400390625,14476.69878406756,14224.92985803924,14224.92985803924,22863357
2024-05-14,14382.28515625,14602.582614113251,14287.871693431907,14413.755688477073,28911447
2024-05-15,14413.7568359375,14508.170306271724,14350.814833404189,14445.228303738411,28387359
2024-05-16,14728.466796875,14822.880260896403,14476.698803575851,14571.111334528809,50466972
2024-05-17,14634.0537109375,14759.938643907872,14571.11171098655,14759.938643907872,23780836
2024-05-20,14759.9384765625,14854.35194195272,14728.467010409606,14854.35194195272,28349409
2024-05-21,14854.3525390625,14854.3525390625,14634.054133273692,14759.939069877082,24898691
2024-05-22,14602.5830078125,14885.822470834735,14602.5830078125,14854.351937759187,31654095
2024-05-23,14836.1875,14868.723394485078,14640.975026969676,14771.116675656558,19856350
2024-05-24,14608.439453125,15161.542919124384,14413.226011183222,14673.51027889668,55587338
2024-05-27,14608.439453125,14706.046174095887,14543.36862735332,14706.046174095887,12134588
2024-05-28,14706.0458984375,14803.652617578791,14543.36835474425,14771.116722989456,20352281
2024-05-29,14510.8330078125,14738.581384653222,14510.8330078125,14706.046453462694,31619029
2024-05-30,14218.013671875,14413.226151084866,14120.406949956696,14380.691220196595,43961280
2024-05-31,14152.9423828125,14315.61992581617,14152.9423828125,14218.013207088625,23367333
2024-06-03,14706.0458984375,14836.18754754141,14283.084091909708,14283.084091909708,37590993
2024-06-04,14640.9755859375,14836.18806642071,14640.9755859375,14803.653135320215,14843914
2024-06-05,14445.76171875,14771.11680800918,14445.76171875,14673.510088306082,20822557
2024-06-06,14543.3681640625,14706.045705622844,14510.832269899747,14575.903093598548,16442217
2024-06-07,14608.439453125,14738.58110466836,14510.832732154113,14673.51027889668,13873761
2024-06-10,14738.5810546875,14901.258600878404,14640.975298674346,14673.510229136486,21452376
2024-06-11,14673.509765625,14771.116483181657,14608.438942129464,14738.580589120536,16140438
2024-06-12,15031.4013671875,15031.4013671875,14575.903654513884,14673.51037613157,39131004
2024-06-13,15324.220703125,15421.827425607087,15063.93643138168,15096.472327084626,61685448
2024-06-14,15031.4013671875,15617.039767640124,15031.4013671875,15617.039767640124,39553008
2024-06-17,15129.0068359375,15226.613555695563,14933.794361048102,15226.613555695563,27637618
2024-06-18,15129.0068359375,15324.220275453625,15129.0068359375,15291.684380658697,18922173
2024-06-19,15161.54296875,15259.149690040367,14998.865421474968,15226.613794734663,20694438
2024-06-20,15129.0068359375,15259.149450490491,15063.936010974368,15226.613555695563,22291540
2024-06-21,15096.4716796875,15194.078397983823,15031.400855698856,15129.006609368467,16187041
2024-06-24,14738.5810546875,15096.47204215818,14673.510229136486,15031.401216607166,48528638
2024-06-25,14706.0458984375,14868.72344213075,14640.975073885544,14771.116722989456,33563951
2024-06-26,14640.9755859375,14738.58134386573,14543.36886338252,14706.046412765238,21588237
2024-06-27,14640.9755859375,14706.046412765238,14575.903794483012,14608.439690210256,10650743
2024-06-28,14445.76171875,14673.510088306082,14445.76171875,14673.510088306082,17489181
2024-07-01,14608.439453125,14608.439453125,14413.226011183222,14478.29780158164,7851855
2024-07-02,14771.1171875,14868.723909710754,14608.439638690996,14640.975534303496,17507549
2024-07-03,14901.2587890625,14933.79468456226,14706.04630994417,14836.187962689724,16845989
2024-07-04,14836.1875,14966.3301133136,14706.045851313116,14901.258324343442,10874496
2024-07-05,14836.1875,14868.723394485078,14706.045851313116,14836.1875,12038954
2024-07-08,14771.1171875,14933.794736309006,14706.046360901748,14836.188014098254,16311669
2024-07-09,15063.9365234375,15063.9365234375,14738.581422926787,14836.188146005354,21679317
2024-07-10,15161.54296875,15356.756411330734,15063.936247459633,15063.936247459633,36754119
2024-07-11,15031.4013671875,15291.684671999004,15031.4013671875,15259.149741210937,13219958
2024-07-12,14966.330078125,15096.471726505895,14901.258289307838,14933.794183716418,12936699
2024-07-15,14998.865234375,15096.471954447794,14933.794409202046,14998.865234375,7789161
2024-07-16,15324.220703125,15584.50497486832,14998.865604602535,15031.401500305485,40532725
2024-07-17,15942.39453125,16365.355375073086,15324.220248257245,15486.89779268973,110944396
2024-07-18,16202.6787109375,16267.750500073194,15682.11018561225,16007.465272783851,61088874
2024-07-19,16528.033203125,16690.709776227974,16137.60730549916,16202.678127665686,75910777
2024-07-22,16397.892578125,16755.78260460155,16040.001587021705,16462.962439709743,59607761
2024-07-23,15551.96875,16495.499094520896,15486.897924598115,16495.499094520896,76880931
2024-07-24,15584.5048828125,15779.71736199683,15389.291439001425,15486.898160906963,41489976
2024-07-25,15584.5048828125,15682.110640091292,15291.684717095886,15519.434056417724,35353916
2024-07-26,15812.2529296875,15844.787859897,15519.433734668368,15551.968664877868,18459487
2024-07-29,15682.1103515625,15909.85968669407,15682.1103515625,15909.85968669407,16156074
2024-07-30,15942.39453125,15942.39453125,15519.433687426916,15682.110267232678,29709840
2024-07-31,15877.32421875,16202.679318113902,15747.18256485514,15942.395045697427,31075433
2024-08-01,15226.61328125,15974.930166405124,15129.006563251209,15877.323448406334,52563027
2024-08-02,15486.8974609375,15486.8974609375,14966.329908680906,14966.329908680906,37344135
2024-08-05,14933.7939453125,15324.21984884912,14836.18722827167,14998.864768464156,47394692
2024-08-06,15226.61328125,15291.684105040293,14966.329986088833,15096.471633669416,29137251
2024-08-07,15194.0791015625,15291.684859751856,15096.47237874639,15226.614032750032,15582877
2024-08-08,14998.865234375,15291.684429966655,14966.330304101886,15161.542779620748,17420719
2024-08-09,15259.1494140625,15291.684344153033,15096.471869729665,15096.471869729665,13002580
2024-08-12,15421.8271484375,15421.8271484375,15194.078776490343,15291.684532591458,16290720
2024-08-13,15356.755859375,15454.361612530462,15226.613247456544,15389.290788884586,11515851
2024-08-14,15226.61328125,15454.361646829377,15226.61328125,15454.361646829377,10602622
2024-08-15,15129.0068359375,15324.220275453625,15129.0068359375,15226.613555695563,18098749
2024-08-16,15649.5751953125,15682.110125128149,15194.078460879744,15226.613390695393,32135301
2024-08-19,15649.5751953125,15779.716843828512,15584.504371054494,15682.110125128149,15119888
2024-08-20,15779.716796875,15942.394339349315,15649.575148746231,15682.11007846507,25047000
2024-08-21,16105.072265625,16137.608160745913,15649.57552169262,15779.717172922805,33348638
2024-08-22,15877.32421875,16202.679318113902,15877.32421875,16170.14342232681,19878058
2024-08-23,15974.9306640625,16040.001489879904,15812.25311720562,15877.323943023024,23710097
2024-08-26,15909.859375,16137.607741042966,15812.252656802526,16072.53691712022,17736919
2024-08-27,15877.32421875,15942.395045697427,15812.253391802573,15844.788322962908,17303226
2024-08-28,16040.0009765625,16072.536870743346,15844.787540730837,15909.85932909253,26058291
2024-08-29,16170.142578125,16397.891907490924,16040.000931024504,16040.000931024504,34546492
2024-08-30,16170.142578125,16267.750260390429,16137.607648663228,16170.142578125,13463598
2024-09-04,15877.32421875,16007.46587264486,15844.788322962908,15909.860114537092,27201497
2024-09-05,15584.5048828125,16072.537527713446,15551.96898730174,15877.32408390237,108435278
2024-09-06,15617.0390625,15649.57495644575,15454.36152202465,15551.9682392352,89647326
2024-09-09,15584.5048828125,15584.5048828125,15454.3622653962,15551.96898730174,15536426
2024-09-10,15454.3623046875,15747.182471148584,15389.291478127288,15649.575748994888,22402340
2024-09-11,15551.96875,15649.575470416194,15291.684483765728,15454.362029583808,15790236
2024-09-12,15617.0390625,15714.645779710549,15584.50413318095,15617.0390625,12740877
2024-09-13,15551.96875,15649.575470416194,15519.433819612424,15649.575470416194,7711895
2024-09-16,15551.96875,15779.717121219965,15519.433819612424,15551.96875,13183983
2024-09-17,15779.716796875,15779.716796875,15486.897606271918,15617.039254400685,13183688
2024-09-18,15877.32421875,16007.46587264486,15714.64666906805,15812.253391802573,25642602
2024-09-19,15877.32421875,15974.93094148452,15844.788322962908,15909.860114537092,13284626
2024-09-20,16105.072265625,16267.750776602832,15974.930614394814,15974.930614394814,50630764
2024-09-23,16137.6083984375,16528.03432250539,16137.6083984375,16137.6083984375,35564766
2024-09-24,16430.427734375,16462.962665613817,16137.608530091882,16202.67935719627,26974708
2024-09-25,16755.783203125,16853.389928242155,16495.499888981623,16528.03482093616,51897535
2024-09-26,16723.248046875,16885.924633719373,16593.106391548798,16755.78297839317,40645057
2024-09-27,16723.248046875,17016.066289045575,16658.176254585134,16723.248046875,28092715
2024-09-30,16723.248046875,16788.317909911337,16560.5695307771,16560.5695307771,22532433
2024-10-01,16690.7109375,17016.066035596203,16690.7109375,16755.78272882064,28490279
2024-10-02,16723.248046875,16820.854770683036,16593.106391548798,16625.641323066964,30618819
2024-10-03,16593.10546875,16983.530413015753,16528.033680078996,16690.710257876373,38457922
2024-10-04,16332.8203125,16593.105539033077,16332.8203125,16593.105539033077,28947197
2024-10-07,16397.892578125,16528.034230547975,16267.750925702025,16462.962439709743,15462651
2024-10-08,16397.892578125,16593.106021386204,16332.82078728677,16397.892578125,18798001
2024-10-09,16658.17578125,16690.7107118437,16430.427408587137,16462.96233918084,22218814
2024-10-10,16593.10546875,16885.92369463596,16593.10546875,16723.247116838585,19283002
2024-10-11,16625.640625,16658.175555152113,16495.498975138104,16593.105694847887,11264320
2024-10-14,16820.853515625,16983.530090331547,16593.1051534838,16690.7099407557,23639510
2024-10-15,16690.7109375,16983.531104562633,16690.7109375,16885.92438220842,23397541
2024-10-16,16593.10546875,16690.710257876373,16528.033680078996,16690.710257876373,16439029
2024-10-17,16853.388671875,16853.388671875,16495.498659294044,16625.64030666408,18099873
2024-10-18,16755.783203125,17048.603378476462,16723.248271170465,16918.45979215122,28049604
2024-10-21,16625.640625,16853.38899457168,16625.640625,16755.782274861896,14285140
2024-10-22,16430.427734375,16690.711042792547,16365.355942643857,16593.1062490761,30856689
2024-10-23,16430.427734375,16495.499526106145,16365.355942643857,16430.427734375,17759841
2024-10-24,16072.537109375,16528.033846909446,16072.537109375,16430.42712754443,29216490
2024-10-25,16040.0009765625,16137.607694478333,15974.930152827514,16137.607694478333,16229393
2024-10-28,16137.6083984375,16170.143329410888,16040.00167626384,16105.072502837364,6039060
2024-10-29,16267.7509765625,16332.820838350684,16170.143289999987,16202.679185520825,12977685
2024-10-30,16267.7509765625,16365.355769244774,16072.537532690969,16267.7509765625,22037261
2024-10-31,16300.28515625,16397.891873687513,16137.60761539638,16267.750226855296,15502119
2024-11-01,16007.4658203125,16300.285987558762,16007.4658203125,16235.214196197314,17950653
2024-11-04,15909.859375,16105.07184676824,15877.323480725272,16072.53691712022,18825477
2024-11-05,15909.859375,16007.465128570766,15877.323480725272,15974.930198922746,14652145
2024-11-06,16170.142578125,16202.678472213476,15942.39421338578,16040.000931024504,13024288
2024-11-07,16137.6083984375,16267.751016211296,16137.6083984375,16267.751016211296,18196721
2024-11-08,15974.9306640625,16202.67903673678,15877.323943023024,16170.14314151471,12681523
2024-11-11,15812.2529296875,16007.46540482468,15584.504559714094,15974.93047461518,26295099
2024-11-12,15682.1103515625,15844.787896869777,15682.1103515625,15812.25296658436,13838725
2024-11-13,15714.646484375,15779.717310557657,15519.434005827028,15682.1105889703,21113254
2024-11-14,15486.8974609375,15682.10993129871,15486.8974609375,15682.10993129871,32149722
2024-11-15,15291.6845703125,15486.89801224974,15291.6845703125,15421.827186479572,30465197
2024-11-18,15226.61328125,15389.290823039084,15031.400809879126,15291.684105040293,24799566
2024-11-19,15063.9365234375,15356.756692673194,15063.9365234375,15291.684900869646,11949544
2024-11-20,15324.220703125,15421.827425607087,15063.93643138168,15063.93643138168,17244008
2024-11-21,15617.0390625,15617.0390625,15226.613158284505,15356.7557694408,9988746
2024-11-22,15617.0390625,15747.181673656298,15551.9682392352,15584.50413318095,13976227
2024-11-25,15584.5048828125,15649.575709207278,15551.96898730174,15617.039813696516,7840774
2024-11-26,15682.1103515625,15747.182141386793,15617.039526364935,15649.575421277084,8147562
2024-11-27,15682.1103515625,15779.717071672212,15551.96870116737,15617.039526364935,6685728
2024-11-28,15617.0390625,15779.716602975348,15617.0390625,15747.181673656298,13530085
2024-11-29,15714.646484375,15714.646484375,15584.504832009688,15649.575658192343,10289307
2024-12-02,15714.646484375,15812.253205962355,15649.575658192343,15747.1823797797,9474503
2024-12-03,15584.5048828125,15747.182431112817,15584.5048828125,15714.646535602054,11260372
2024-12-04,15519.43359375,15617.039348118957,15486.897699209205,15551.96852366408,13024744
2024-12-05,15974.9306640625,16007.465594657831,15486.898023491864,15519.433918713934,16219526
2024-12-06,15844.7880859375,16007.465633185924,15844.7880859375,16007.465633185924,24165224
2024-12-09,15877.32421875,15974.93094148452,15779.71749601548,15877.32421875,10085037
2024-12-10,15779.716796875,15942.394339349315,15779.716796875,15877.323515284932,10425201
2024-12-11,15812.2529296875,15877.323754733226,15682.11031496932,15779.717034851274,10515127
2024-12-12,15812.2529296875,15974.93047461518,15812.2529296875,15877.323754733226,8839261
2024-12-13,15779.716796875,15844.787620939383,15747.181867156163,15779.716796875,7132121
2024-12-16,15682.1103515625,15844.787896869777,15617.039526364935,15779.717071672212,9709715
2024-12-17,15714.646484375,15747.1823797797,15649.575658192343,15649.575658192343,6331794
2024-12-18,15747.1826171875,15747.1826171875,15649.575894128604,15714.646721292283,6346351
2024-12-19,15519.43359375,15649.575242659752,15486.897699209205,15486.897699209205,15980471
2024-12-20,15617.0390625,15617.0390625,15486.8974159704,15519.43330991615,36253376
2024-12-23,15649.5751953125,15714.646019570506,15617.03930087014,15617.03930087014,11359333
2024-12-24,15551.96875,15649.575470416194,15519.433819612424,15649.575470416194,5802628
2024-12-25,15909.859375,16137.607741042966,15584.50429075956,15584.50429075956,24014638
2024-12-26,16202.6787109375,16202.6787109375,15909.859518333746,15942.394448274876,32259230
2024-12-27,16300.28515625,16462.96173247692,16267.750226855296,16300.28515625,28080024
2024-12-30,16137.6083984375,16365.35580913146,16137.6083984375,16365.35580913146,17601194
2024-12-31,16332.8203125,16332.8203125,16137.607839540266,16137.607839540266,17868878
2025-01-02,16397.892578125,16560.569161340347,16300.285856494396,16365.35571807914,20435391
2025-01-03,16072.537109375,16397.89219750724,16072.537109375,16397.89219750724,17048065
2025-01-06,15877.32421875,16202.679318113902,15877.32421875,16072.537664219042,22976174
2025-01-07,16201.052734375,16238.468676395703,15864.31022081539,16238.468676395703,19217048
2025-01-08,16163.63671875,16238.468602450648,16051.388893199024,16051.388893199024,11109919
2025-01-09,16088.8046875,16238.468453528743,16051.388745992816,16163.636570514373,9928160
2025-01-10,15826.89453125,16088.805164945945,15826.89453125,16051.389222328417,13748486
2025-01-13,16088.8046875,16088.8046875,15677.230295547686,15826.89406157643,11908455
2025-01-14,15939.140625,16088.804388244966,15826.893767192983,16013.972506622484,10475547
2025-01-15,15976.556640625,16088.804463584347,15939.140699638549,16051.3885225979,13091216
2025-01-16,16013.97265625,16163.63642089336,15976.55671508916,16088.80453857168,13070409
2025-01-17,16088.8046875,16088.8046875,15976.556862978445,16088.8046875,10514353
2025-01-20,16350.7158203125,16425.54577197855,16088.804237094406,16088.804237094406,12440551
2025-01-21,16350.7158203125,16500.37765289801,16275.883939393045,16425.54577197855,22180910
2025-01-22,16313.30078125,16425.54667957797,16275.884838722845,16425.54667957797,10780611
2025-01-23,16612.625,16650.040939391532,16313.299414121087,16388.129363650805,20116430
2025-01-24,16762.2890625,16799.70500257219,16500.377481994667,16500.377481994667,13928864
2025-02-03,16500.37890625,16650.04267945722,16425.54701964639,16500.37890625,12977058
2025-02-04,16799.705078125,16911.95289884638,16537.79349644178,16612.6253769227,16411956
2025-02-05,16837.12109375,16874.53703415798,16687.457332118072,16837.12109375,34550340
2025-02-06,16911.953125,17173.862780932195,16874.5371842592,16874.5371842592,14662454
2025-02-07,17024.19921875,17211.278924660397,16762.28955972888,16986.78327756792,18794041
2025-02-10,17136.447265625,17398.35885731289,16799.705719851176,16986.783498946206,26214553
2025-02-11,17211.279296875,17211.279296875,17099.031470901267,17211.279296875,10275286
2025-02-12,16986.783203125,17248.694790251757,16986.783203125,17211.278849233648,11036648
2025-02-13,17136.447265625,17136.447265625,16911.953544860273,17099.031323955303,9976697
2025-02-14,17099.03125,17211.279074523613,17061.61530849213,17211.279074523613,10987141
2025-02-17,16949.369140625,17136.44691590212,16911.95319971889,17136.44691590212,12281349
2025-02-18,16986.783203125,17173.862908215542,16911.953250342212,16949.36919136032,16497505
2025-02-19,17099.03125,17173.86313301574,16986.783425476387,17061.61530849213,13663201
2025-02-20,17099.03125,17211.279074523613,17099.03125,17211.279074523613,15340789
2025-02-21,17136.447265625,17323.526973973494,17061.615382285603,17136.447265625,27921194
2025-02-24,17211.279296875,17248.695238866247,17061.615528910024,17061.615528910024,18135757
2025-02-25,17510.607421875,17622.85332237129,17248.695819125383,17248.695819125383,51000061
2025-02-26,17360.943359375,17622.85302850363,17360.943359375,17585.43901513112,11573643
2025-02-27,17360.943359375,17398.35930200102,17173.8636462449,17360.943359375,17894065
2025-02-28,17211.279296875,17323.527122848733,17173.863354883757,17286.11118085749,16186909
2025-03-03,17286.111328125,17286.111328125,17173.86350119498,17211.279443504987,17450400
2025-03-04,17510.607421875,17660.269265621235,17099.032046125605,17248.695819125383,45285253
2025-03-05,17622.8515625,18034.42689714824,17435.773794185974,17510.605673212925,44737598
2025-03-06,18034.427734375,18034.427734375,17585.438368622843,17735.10020437127,40325115
2025-03-07,18333.75390625,18633.08144557825,18034.42829617525,18146.67612342335,67294418
2025-03-10,18333.75390625,18633.08144557825,18296.33796383397,18520.833618330154,25699938
2025-03-11,18558.25,18558.25,18071.84466633241,18109.260609634035,37361557
2025-03-12,18408.5859375,18707.913479209037,18408.5859375,18633.08159378177,44296045
2025-03-13,18184.091796875,18483.41740252236,18109.259913149792,18446.00146065976,33850225
2025-03-14,18184.091796875,18296.337693209334,18071.843971287188,18146.6758550124,26444893
2025-03-17,18184.091796875,18296.337693209334,18034.428029424584,18258.921751346734,35912580
2025-03-18,17884.763671875,18258.921148902424,17884.763671875,18258.921148902424,37154013
2025-03-19,17847.34765625,17959.59547766257,17735.09983483743,17884.76359672086,29340696
2025-03-20,18146.67578125,18221.50573541757,17884.764189276386,17959.59607269742,29650104
2025-03-21,18184.091796875,18333.753635071946,18109.259913149792,18184.091796875,23981100
2025-03-24,18258.921875,18258.921875,17922.18032520955,18184.0919200215,24245628
2025-03-25,18109.259765625,18371.169427276145,18071.8438240672,18333.753485718345,22009548
2025-03-26,17959.595703125,18258.921301396145,17959.595703125,18071.843525946715,24126036
2025-03-27,17884.763671875,18034.427434387333,17884.763671875,17959.595553131167,17194056
2025-03-28,17884.763671875,18034.427434387333,17809.931790618833,17959.595553131167,21455280
2025-03-31,18034.427734375,18034.427734375,17809.932086872202,17847.34802812267,25552692
2025-04-01,18408.5859375,18408.5859375,17959.596554189968,18071.84438233085,20648641
2025-04-02,18221.505859375,18446.001511165297,18221.505859375,18408.585569200248,13937748
2025-04-03,16949.369140625,17735.100041146445,16949.369140625,17660.268159334224,115966092
2025-04-04,16799.705078125,16799.705078125,15789.477585512666,15789.477585512666,99525069
2025-04-08,15639.814453125,16388.13039412941,15639.814453125,15826.894161846152,89448625
2025-04-09,15452.7353515625,16013.972535489394,14554.755664354128,14554.755664354128,80816445
2025-04-10,16500.37890625,16500.37890625,16500.37890625,16500.37890625,5039977
2025-04-11,17548.0234375,17585.439380904263,16762.290555264022,16837.122442072552,104254128
2025-04-14,17548.0234375,17622.853395054975,17323.52777707442,17585.439380904263,41899572
2025-04-15,17211.279296875,17510.606832804955,17136.44741289251,17211.279296875,38956236
2025-04-16,17136.447265625,17398.35885731289,17024.199440615903,17211.279148964397,28943640
2025-04-17,17211.279296875,17211.279296875,16911.953690198527,16986.783644927535,28503420
2025-04-18,17398.359375,17548.02314613203,17248.695603867967,17286.111546650976,42587028
2025-04-21,17173.86328125,17585.43864138904,17061.615455757536,17585.43864138904,49029816
2025-04-22,17286.111328125,17323.527270435006,16126.2209750218,17099.03161657497,59934600
2025-04-23,17510.607421875,17735.101152121126,17286.11176237533,17548.023365124944,44695992
2025-04-24,17398.359375,17510.607203349024,17248.695603867967,17510.607203349024,23890812
2025-04-25,17622.8515625,17772.515320553906,17435.773794185974,17585.437552239877,54000144
2025-04-28,17735.099609375,17847.347429360587,17622.851789389413,17809.931489365394,30453060
2025-04-29,17622.8515625,17772.515320553906,17622.8515625,17735.09938104043,17592696
2025-05-05,17622.8515625,17772.515320553906,17548.0216127264,17735.09938104043,25855816
2025-05-06,17622.8515625,17735.09938104043,17585.437552239877,17660.267502013477,30109424
2025-05-07,17398.359375,17660.26904522753,17360.94343221699,17622.853102444526,28969538
2025-05-08,17622.8515625,17660.267502013477,17360.94191515902,17435.773794185974,27763150
2025-05-09,17585.439453125,17735.101298103138,17510.60756600915,17735.101298103138,19862449
2025-05-12,17809.931640625,17884.763521250938,17473.19010706167,17510.60604737464,50034784
2025-05-13,18333.75390625,18333.75390625,17959.596411343195,17997.012353759226,54344703
2025-05-14,18333.75390625,18483.417675914123,18221.506079001905,18333.75390625,39200370
2025-05-15,18745.328125,19044.65371674624,18408.584663875423,18408.584663875423,95172132
2025-05-16,18446.001953125,18820.16138174023,18446.001953125,18820.16138174023,39876236
2025-05-19,18408.5859375,18633.08159378177,18221.50622393185,18333.75405207274,34072288
2025-05-20,18595.666015625,18782.74573286073,18333.754411494974,18483.41818528356,41990902
2025-05-21,18745.328125,19119.485596996143,18595.664364500182,18857.574016121474,42347144
2025-05-22,18446.001953125,18969.823223932795,18333.75412454043,18969.823223932795,34769750
2025-05-23,18446.001953125,18633.081667432616,18371.17006740196,18633.081667432616,22446560
2025-05-26,18558.25,18558.25,17959.596836427532,18483.418113396747,27385485
2025-05-27,18520.833984375,18707.91370015259,18446.002098063964,18707.91370015259,23529448
2025-05-28,18408.5859375,18595.665651068142,18371.16999478637,18595.665651068142,18996648
2025-05-29,18333.75390625,18520.833618330154,18296.33796383397,18520.833618330154,16990142
2025-05-30,18221.505859375,18446.001511165297,18221.505859375,18446.001511165297,23580282
2025-06-02,18408.5859375,18483.41782292726,18071.84438233085,18296.338109359112,25581930
2025-06-03,18483.41796875,18558.24985476764,18446.00202574118,18446.00202574118,25487325
2025-06-04,18371.169921875,18558.249634700664,18333.753979309862,18520.833692135533,18811689
2025-06-05,18258.921875,18446.001585579965,18258.921875,18371.16970134798,13402501
2025-06-06,18071.84375,18258.92152776881,18071.84375,18221.50558636436,24448525
2025-06-09,18146.67578125,18184.09172296052,18034.42795611845,18071.843897828967,17435853
2025-06-10,18109.259765625,18371.169427276145,18034.4278825094,18184.0916487406,17166956
2025-06-11,18146.67578125,18184.09172296052,18071.843897828967,18109.259839539485,8220927
2025-06-12,18483.41796875,18483.41796875,18184.09235393299,18184.09235393299,29779952
2025-06-13,18595.666015625,18707.91384596644,18258.922524600686,18296.33846804783,65200819
2025-06-16,18782.744140625,18857.574091922317,18558.248498972887,18595.66443924824,30285723
2025-06-17,18707.912109375,19007.237699913247,18595.664289453143,18894.989879991383,30384538
2025-06-18,18745.328125,18932.405896371383,18633.080304625146,18782.744065124956,35624067
2025-06-19,18782.744140625,18857.574091922317,18670.496319798945,18857.574091922317,20722442
2025-06-20,19306.56640625,19568.47607291077,18820.16108594844,18857.57509896841,68841286
2025-06-23,19381.3984375,19531.0602784732,19082.070897046586,19119.486839603254,33592191
2025-06-24,19381.3984375,19755.555933813263,19381.3984375,19531.0602784732,36826270
2025-06-25,19156.90234375,19493.643889800183,19156.90234375,19456.22794809978,30448519
2025-06-26,19381.3984375,19381.3984375,19082.070897046586,19231.73466727329,46274844
2025-06-27,19231.734375,19531.059981650924,19231.734375,19381.398142952203,21384343
2025-06-30,19306.56640625,19381.39829079693,19231.734521703067,19269.150463976534,16153064
2025-07-01,19456.228515625,19568.47634400041,19306.56667371131,19381.39855929492,35000077
2025-07-02,19493.64453125,19680.724245907997,19456.2285883184,19493.64453125,18530490
2025-07-03,19418.814453125,19718.1400654512,19418.814453125,19568.47629466134,41695566
2025-07-04,19456.228515625,19493.64445841681,19343.98261650311,19456.228515625,19787407
2025-07-07,19755.5546875,19830.386567892456,19531.059046322636,19531.059046322636,25219022
2025-07-08,19755.5546875,19980.050328677367,19718.13874730377,19830.386567892456,22380771
2025-07-09,19905.21875,20054.882513053453,19755.554986946547,19867.80280923664,34719286
2025-07-10,19792.970703125,19980.05040481908,19755.554762786185,19980.05040481908,19987558
2025-07-11,19980.05078125,20129.71261617155,19792.971076031277,19830.38701707502,29391212
2025-07-14,20054.8828125,20129.71276589062,19755.555281923727,20017.466871177967,25097635
2025-07-15,19905.21875,20279.376228380217,19905.21875,20054.882513053453,28241241
2025-07-16,19980.05078125,20017.466722293742,19792.971076031277,19830.38701707502,26215318
2025-07-17,20017.466796875,20129.71269117101,19867.8030321424,20017.466796875,27814512
2025-07-18,20354.208984375,20391.624926745848,19905.219605178343,20054.883374661727,36930550
2025-07-21,20167.12890625,20690.95016067483,20129.712964558694,20429.040498089147,27411516
2025-07-22,20316.79296875,20316.79296875,19942.635475644096,20129.7132575703,28490272
2025-07-23,20503.873046875,20653.5368184972,20279.3773894417,20354.2092752528,37380420
2025-07-24,21252.189453125,21289.605395110462,20616.1203686256,20616.1203686256,53511084
2025-07-25,21289.60546875,21588.931076415574,21252.18952663512,21327.019481611394,27476024
2025-07-28,21514.099609375,21514.099609375,21214.77399590507,21289.60588158593,34035249
2025-07-29,20092.296875,21588.930673131003,20092.296875,21551.51473171505,81731469
2025-07-30,20503.873046875,20840.614603771424,20092.29767491395,20354.2092752528,45408382
2025-07-31,20541.2890625,20803.198734512524,20167.129632119915,20690.9509053985,37525237
2025-08-01,20316.79296875,20690.950461855904,20241.96108427812,20541.28862216564,28880200
2025-08-04,20803.197265625,20803.197265625,20241.960088936656,20279.37602933277,31058570
2025-08-05,22225.0,22225.0,20690.950243055555,21626.346859809026,99562755
2025-08-06,22898.484375,23160.39403120677,22599.156848759787,22823.652493439942,44300678
2025-08-07,23010.732421875,23160.394257202068,22711.404892714,23122.980245310377,40582000
2025-08-08,22861.068359375,23197.809896039365,22711.40459674488,23160.393955381835,35340808
2025-08-11,23796.462890625,24282.87011658349,22973.316059048204,23048.147939964896,64298665
2025-08-12,24245.455078125,24245.455078125,23684.2178796236,24170.62319442435,75070868
2025-08-13,25800.0,25800.0,24700.0,25400.0,79996180
2025-08-14,27600.0,27600.0,27600.0,27600.0,43134610
2025-08-15,28250.0,29500.0,27700.0,29500.0,121513400
2025-08-18,27800.0,28600.0,27650.0,28550.0,51309950
2025-08-19,28200.0,29400.0,27900.0,28350.0,54057290
2025-08-20,27800.0,28300.0,26850.0,28200.0,77476820
2025-08-21,28200.0,28700.0,27750.0,28050.0,57200990
2025-08-22,26900.0,28000.0,26900.0,27750.0,72987400
2025-08-25,26200.0,27300.0,25800.0,27150.0,56604310
2025-08-26,27550.0,27600.0,26100.0,26200.0,41262420
2025-08-27,27400.0,28250.0,27400.0,28200.0,40405850
2025-08-28,27200.0,27550.0,26700.0,27400.0,32502880
2025-08-29,27750.0,28200.0,27200.0,27450.0,55739760
2025-09-03,28450.0,28800.0,27500.0,27800.0,46703730
2025-09-04,28250.0,28600.0,28100.0,28450.0,28924350
2025-09-05,27400.0,28650.0,27400.0,28500.0,65951330
2025-09-08,26700.0,27250.0,26700.0,27200.0,67938200
2025-09-09,26650.0,27000.0,26300.0,26700.0,32919090
2025-09-10,26950.0,27550.0,26800.0,27000.0,28923660
2025-09-11,26700.0,26950.0,26050.0,26800.0,31209020
2025-09-12,26600.0,27000.0,26600.0,26900.0,19258560
2025-09-15,26850.0,26850.0,26550.0,26750.0,21521880
2025-09-16,27500.0,27850.0,27050.0,27100.0,51409480
2025-09-17,27000.0,27550.0,27000.0,27400.0,16349600
2025-09-18,26800.0,27100.0,26600.0,26950.0,17746810
2025-09-19,26650.0,26950.0,26500.0,26950.0,14507850
2025-09-22,26150.0,26600.0,26100.0,26550.0,26449620
2025-09-23,26350.0,26550.0,26150.0,26450.0,10123740
2025-09-24,26800.0,26800.0,25900.0,26350.0,22770090
2025-09-25,26550.0,27000.0,26400.0,27000.0,17414330
2025-09-26,26250.0,26700.0,26250.0,26500.0,13168930
2025-09-29,26150.0,26350.0,26100.0,26250.0,16407990
2025-09-30,26200.0,26600.0,26050.0,26200.0,20531240
2025-10-01,26400.0,26600.0,26150.0,26250.0,11660800
2025-10-02,26800.0,27350.0,26450.0,26500.0,47639700
2025-10-03,26550.0,26800.0,26400.0,26700.0,14628500
2025-10-06,27350.0,27500.0,26650.0,26950.0,39011720
2025-10-07,26850.0,27550.0,26850.0,27500.0,23524810
2025-10-08,26850.0,27300.0,26850.0,27200.0,32615950
2025-10-09,27350.0,27400.0,26850.0,27000.0,39953850
2025-10-10,27450.0,27750.0,27200.0,27400.0,57311050
2025-10-13,27350.0,27400.0,27000.0,27150.0,46685390
2025-10-14,27050.0,27700.0,27050.0,27500.0,57000280
2025-10-15,27250.0,27650.0,27100.0,27150.0,31803660
2025-10-16,27200.0,27550.0,27150.0,27300.0,32692530
2025-10-17,27100.0,27800.0,27100.0,27250.0,43608600
2025-10-20,25250.0,27100.0,25250.0,26950.0,74615950
2025-10-21,25300.0,26000.0,24800.0,25350.0,54250420
2025-10-22,25450.0,25650.0,24800.0,25600.0,29656130
2025-10-23,25200.0,25700.0,25200.0,25500.0,20633580
2025-10-24,24400.0,25150.0,24350.0,25150.0,46429010
2025-10-27,23800.0,24650.0,23800.0,24550.0,53104700
2025-10-28,24000.0,24000.0,23150.0,23800.0,49595890
2025-10-29,24350.0,24600.0,24050.0,24200.0,28514760
2025-10-30,23950.0,24400.0,23850.0,24400.0,27235650
2025-10-31,23600.0,24100.0,23600.0,23800.0,20228190
2025-11-03,23100.0,24000.0,23100.0,23700.0,31441710
2025-11-04,24000.0,24350.0,23200.0,23500.0,38789040
2025-11-05,23900.0,24100.0,23800.0,24000.0,15068990
2025-11-06,23700.0,24100.0,23600.0,24000.0,10946220
2025-11-07,23300.0,23750.0,23150.0,23750.0,21383030
2025-11-10,23100.0,23600.0,23050.0,23300.0,17070010
2025-11-11,23200.0,23350.0,23000.0,23150.0,15240350
2025-11-12,23700.0,23800.0,23200.0,23350.0,17656290
2025-11-13,23500.0,23800.0,23500.0,23750.0,19659540
2025-11-14,23500.0,23650.0,23300.0,23450.0,16604120
2025-11-17,23800.0,23950.0,23600.0,23600.0,17020930
2025-11-18,23700.0,23950.0,23700.0,23800.0,19538840
2025-11-19,23500.0,23800.0,23400.0,23750.0,17691480
2025-11-20,23350.0,23700.0,23300.0,23700.0,15110000
2025-11-21,23200.0,23250.0,23000.0,23250.0,26886040
2025-11-24,23150.0,23400.0,23050.0,23250.0,10563420
2025-11-25,22850.0,23300.0,22800.0,23200.0,18990390
2025-11-26,23250.0,23450.0,22850.0,22900.0,21658810
2025-11-27,23500.0,23650.0,23300.0,23350.0,23013700
2025-11-28,23250.0,23500.0,23250.0,23500.0,11779500
2025-12-01,23200.0,23400.0,23200.0,23300.0,7815428
2025-12-02,23550.0,23600.0,23000.0,23200.0,19197350
2025-12-03,24550.0,24600.0,23550.0,23550.0,57511680
2025-12-04,25700.0,26000.0,24800.0,24800.0,81914940
2025-12-05,25150.0,25800.0,25100.0,25800.0,30356340
2025-12-08,25300.0,25550.0,24850.0,25000.0,22653980
2025-12-09,24700.0,25200.0,24350.0,25050.0,34557300
2025-12-10,25150.0,25450.0,24600.0,24700.0,26956490
2025-12-11,24850.0,25300.0,24700.0,25250.0,17215330
2025-12-12,24000.0,24950.0,24000.0,24900.0,21888160
2025-12-15,23750.0,24200.0,23650.0,24000.0,16129890
2025-12-16,24450.0,24750.0,23500.0,23850.0,21456580
2025-12-17,24400.0,24700.0,24350.0,24550.0,11174950
2025-12-18,24650.0,24700.0,24250.0,24300.0,12983510
2025-12-19,24700.0,24700.0,24500.0,24650.0,12044310
