Date,Close,High,Low,Open,Volume
2020-12-21,13456.2197265625,13685.067000823768,13318.91136200574,13501.989181414752,58004020
2020-12-22,13364.681640625,13501.99001364512,13296.02745411494,13341.796911788311,37684960
2020-12-23,13135.833984375,13387.565994528528,13044.2950715919,13364.681266332753,44598740
2020-12-24,12792.5625,13227.37231663685,12311.983228980322,13227.37231663685,52213200
2020-12-25,13524.875,13547.75972927242,12678.140016920472,12792.563663282572,37594280
2020-12-28,13593.529296875,13868.146050347224,13501.990379050923,13685.068214699077,31574600
2020-12-29,13616.4140625,13685.06825105042,13501.990414915968,13570.644603466388,27917540
2020-12-30,13685.068359375,13982.56984544837,13593.529440583194,13639.298899979098,33258880
2020-12-31,14417.37890625,14531.802548363095,13685.06759672619,13707.952325148808,32973020
2021-01-04,15103.9208984375,15286.99872750947,14600.456868489584,14646.226325757576,39379840
2021-01-05,15126.8056640625,15264.11403620225,14897.958377162917,14989.497291922751,35245400
2021-01-06,15195.4599609375,15607.385080360504,15081.036316653332,15195.4599609375,45352600
2021-01-07,15836.232421875,15836.232421875,15286.99892747471,15447.192030008127,36157000
2021-01-08,16339.6962890625,16591.428304720324,15973.540629923844,16019.310087316177,37839800
2021-01-11,16133.734375,16591.428967198583,16110.84964539007,16362.581671099291,32059000
2021-01-12,16065.080078125,16248.157913773148,15790.463324652776,16019.310619212964,33800520
2021-01-13,16087.9638671875,16477.004245199147,16065.079139069168,16225.272235897492,33964800
2021-01-14,16362.58203125,16385.466761363637,15950.656889204543,16179.50419034091,24410400
2021-01-15,16866.044921875,17186.431121205052,16591.428179592094,16614.31290811567,38794420
2021-01-18,16568.54296875,17026.23752589779,16431.23460160566,17026.23752589779,27516000
2021-01-19,15515.845703125,16660.08211191003,15424.306790422195,16431.234830153022,46039000
2021-01-20,15790.462890625,15904.886534759964,14646.226449275362,15653.154517663042,56351400
2021-01-21,16568.54296875,16568.54296875,15790.462221598757,16133.7331394596,41544400
2021-01-22,16614.314453125,16888.931220945247,16385.467146608127,16682.968645080062,28694800
2021-01-25,16385.466796875,16637.198828670567,16293.927876222067,16362.582066711768,31279200
2021-01-26,16019.3095703125,16385.46521763393,15332.76773158482,16248.156849888392,36442800
2021-01-27,15332.767578125,16133.733048624068,14943.72720673974,15676.038494053171,37550800
2021-01-28,14280.0712890625,15103.921555739182,14280.0712890625,14417.379666841947,60193080
2021-01-29,14646.2255859375,15264.113227844238,13547.758666992188,13547.758666992188,54841800
2021-02-01,14737.7646484375,15332.767569026591,14440.263188142952,14646.22573757764,30558800
2021-02-02,15561.6162109375,15607.385670381434,14623.342292336856,14737.76594094669,28594800
2021-02-03,16019.3095703125,16248.156849888392,15561.615011160711,15790.462290736608,36713800
2021-02-04,16019.3095703125,16293.92630580357,15836.231746651783,16019.3095703125,28682800
2021-02-05,16614.314453125,16614.314453125,16065.080917484504,16156.619840091253,29921700
2021-02-08,16019.3095703125,16705.851409040177,15561.615011160711,16614.31249720982,42545600
2021-02-09,16477.00390625,16660.081727430555,15882.000987413194,16110.848263888887,33528000
2021-02-17,17575.47265625,17575.47265625,16705.85291544596,16888.930755615234,42308000
2021-02-18,17804.318359375,17941.62672718509,17392.39325594473,17621.240535628214,33749200
2021-02-19,17712.779296875,17895.857119064924,17483.932019137595,17483.932019137595,27702600
2021-02-22,17667.009765625,17781.4334040034,17392.39303351684,17689.894493300682,29487200
2021-02-23,18216.244140625,18467.976157643687,17758.54956422739,17758.54956422739,53343400
2021-02-24,17895.857421875,18399.32144141624,17804.31850923114,18399.32144141624,30148600
2021-02-25,17895.857421875,18078.935247162724,17621.240683943415,18078.935247162724,33431000
2021-02-26,17964.51171875,18010.281175358283,17529.701880971337,17529.701880971337,31595540
2021-03-01,18399.322265625,18422.206994811106,17987.39714027519,18170.474973763998,43224400
2021-03-02,18445.091796875,18651.05436036368,18307.78342121588,18628.16963108716,20458600
2021-03-03,18467.9765625,18536.630750464687,18307.783457249072,18467.9765625,18232600
2021-03-04,17872.974609375,18536.63179717509,17667.01203385083,18490.862335947502,35658400
2021-03-05,17941.626953125,18010.28113789461,17529.701844507334,17804.318583585777,27844400
2021-03-08,17781.43359375,18170.473968388036,17621.24049831081,18078.93505670849,22464200
2021-03-09,17827.203125,17987.396221116815,17483.93220474968,17667.01002888318,26790540
2021-03-10,17987.396484375,18033.165941078245,17621.240830749048,17850.08811426527,19836400
2021-03-11,18376.4375,18536.630603985053,18056.05129202989,18170.4749377335,34291600
2021-03-12,18330.66796875,18536.63053019663,18193.35959445225,18490.861072097377,19915000
2021-03-15,18353.552734375,18536.630567136846,18262.01381799408,18399.32219256546,19447000
2021-03-16,18239.12890625,18399.32200831242,17987.396888723335,18353.5525505803,36018680
2021-03-17,18445.091796875,18490.86125542804,18170.475045556763,18307.78342121588,21925600
2021-03-18,19200.287109375,19200.287109375,18628.16889991805,18857.016183700835,48495000
2021-03-19,19223.171875,19291.826060267857,18994.32459077381,18994.32459077381,16550600
2021-03-22,18902.78515625,19223.171345338986,18834.130972873787,19223.171345338986,27685060
2021-03-23,18513.74609375,18948.555952564893,18490.86136433869,18811.247576097037,29395060
2021-03-24,17987.396484375,18513.74523646231,17987.396484375,18216.24376789122,27624200
2021-03-25,18010.28125,18216.24380559085,17941.627064803048,18033.16597839898,20881600
2021-03-26,18033.166015625,18147.58965785612,17575.471446700507,17918.742373393878,23046800
2021-03-29,18101.8203125,18193.359226848926,17918.74248380215,18170.47449826169,25052000
2021-03-30,18330.66796875,18490.861072097377,18056.05122015449,18170.474865402623,22592600
2021-03-31,18490.859375,18742.59137144183,18330.6662863552,18399.32046720297,23674200
2021-04-01,18765.478515625,18765.478515625,18422.207567168447,18536.631216653965,25061600
2021-04-02,18879.90234375,19131.634375,18857.01761363637,19040.09545454545,16522600
2021-04-05,18994.32421875,19131.632586596384,18834.13112292921,19085.86313064759,26675200
2021-04-06,19314.7109375,19452.0193090936,18811.246908323457,18971.440008515998,30982000
2021-04-07,19314.7109375,19474.904037692533,19131.63310870853,19223.172023104264,15610800
2021-04-08,19200.287109375,19429.134393157776,19085.86346748361,19406.249664779494,15037600
2021-04-09,19040.09375,19223.17157451923,18994.32429387019,19085.863206129805,16245000
2021-04-12,19291.826171875,19360.48035754004,19040.09415776987,19223.171986209964,45810400
2021-04-13,19040.09375,19452.01885516827,18994.32429387019,19452.01885516827,36038200
2021-04-14,19131.634765625,19200.288957367677,18719.70961516896,18811.248537492524,19796600
2021-04-15,18719.70703125,19200.286307113387,18719.70703125,19200.286307113387,33346200
2021-04-16,18513.74609375,18857.01703491965,18124.705693757725,18673.93919962917,33740880
2021-04-19,19040.09375,19085.863206129805,18307.782451923074,18673.93810096154,22508800
2021-04-20,18834.1328125,19177.40376291009,18673.939702308628,19017.210652718717,25115000
2021-04-22,18170.474609375,18811.24701373583,18170.474609375,18628.16918391845,18147600
2021-04-23,18536.630859375,18559.51558883102,17895.85843460648,18193.359917534723,22801400
2021-04-26,18056.05078125,18673.938450570346,18056.05078125,18536.630079610262,42410800
2021-04-27,18078.935546875,18353.552289359177,18010.281361253954,18056.05081833465,16270000
2021-04-28,18284.8984375,18490.86099812265,18078.93587687735,18078.93587687735,12646400
2021-04-29,18765.478515625,19108.74946408156,18284.899187785824,18330.66864758003,36003400
2021-05-04,19863.943359375,19863.943359375,18353.55135278658,18445.090262276783,65069600
2021-05-05,21031.06640625,21237.02897170838,20298.755062397988,20321.63979189336,58885600
2021-05-06,21557.4140625,21717.60716062898,20619.140202030256,20642.024930334395,54612000
2021-05-07,21534.529296875,21877.80022084219,21237.027829436767,21420.1056555526,46265000
2021-05-10,22015.109375,22152.41774948025,21374.33696075884,21374.33696075884,43958380
2021-05-11,21511.64453125,22083.762736868357,21511.64453125,22015.10855219415,32193400
2021-05-12,22541.45703125,22541.45703125,21374.33590577411,21374.33590577411,47610800
2021-05-13,21969.33984375,22816.07481689453,21969.33984375,22404.14969482422,37182200
2021-05-14,22266.841796875,22404.150173834147,22037.99450194309,22381.26544434096,27810600
2021-05-17,21900.685546875,22472.803769102666,21786.26190242947,22312.61066687892,35247200
2021-05-18,22129.53125,22381.263249741467,21763.37561401241,21832.02979576008,33820000
2021-05-19,22930.498046875,22976.26750405439,22152.417274825348,22152.417274825348,34935800
2021-05-20,22976.267578125,23250.88432208665,22838.959206144173,23205.11486475971,27092600
2021-05-21,23250.884765625,23662.809889425444,22816.074912724533,22884.729100024608,41983400
2021-05-24,23296.654296875,23433.962671905698,23067.80700515717,23205.115380187868,30083400
2021-05-25,23617.0390625,23845.886340237405,23433.96124031008,23433.96124031008,22460600
2021-05-26,24166.2734375,24257.812352035984,23433.96212121212,23617.03995028409,42203800
2021-05-27,23525.501953125,24486.660593233217,23250.88519880837,24349.3522160749,39349200
2021-05-28,24257.8125,24395.12087264151,23433.962264150945,23662.809551886792,40005400
2021-05-31,24578.197265625,24578.197265625,23891.65544256285,24349.34999127095,34209200
2021-06-01,24303.58203125,24852.81552348164,24257.812573564028,24761.276608109696,25296400
2021-06-02,24166.2734375,24395.12072383996,23708.57886482008,24212.042894767997,50042800
2021-06-03,25081.662109375,25218.970478586907,24166.27298129562,24395.120263315464,52167400
2021-06-04,24990.123046875,25264.739783653844,24715.506310096152,25081.661959134613,31663200
2021-06-07,23983.1953125,24898.584446564888,23342.42291865458,24257.812052719462,42984200
2021-06-08,22655.8828125,24212.044460227276,22427.03551136364,23937.42769886364,61578280
2021-06-09,23250.884765625,23388.193140225147,22427.034518024117,22747.420725424457,44794000
2021-06-10,22930.498046875,23433.962075848303,22884.72858969561,23250.884247130736,22096200
2021-06-11,24074.734375,24349.351116920152,22930.497950332698,23113.575778279468,60841600
2021-06-14,24120.50390625,24395.12064901565,23800.117706356737,24120.50390625,35110920
2021-06-15,23937.42578125,24349.35089029637,23800.11741156788,24074.734150932123,39363400
2021-06-16,23205.11328125,23891.655094304733,23113.5743728427,23571.26891487919,42477800
2021-06-17,22976.267578125,23250.88432208665,22655.881376836405,22655.881376836405,39757320
2021-06-18,23342.423828125,23525.50166207108,23159.34599417892,23342.423828125,30009200
2021-06-21,23067.806640625,23342.423386346723,22884.728810143846,23113.576098245285,34365400
2021-06-22,23296.654296875,23479.732130249264,23022.037546813604,23250.884838531438,37326000
2021-06-23,23388.19140625,23845.88595431752,23159.344132216243,23296.6524966365,26418600
2021-06-24,23296.654296875,23662.809963623527,23159.345921844302,23479.732130249264,21836000
2021-06-25,23617.0390625,23617.0390625,23067.805595930236,23342.422329215115,21940400
2021-06-28,24532.4296875,24715.507520988805,23891.65727028918,24028.965645405784,58168200
2021-06-29,24486.66015625,24623.968530957944,24166.27394859813,24532.42961448598,33388400
2021-06-30,24120.50390625,24623.9679346537,24074.734449122392,24440.890106143263,23323400
2021-07-01,24395.119140625,24486.658049220216,23845.885689053703,24212.04132343457,38713400
2021-07-02,24852.81640625,25127.433162120164,24532.43019106814,24807.046946938302,58984060
2021-07-05,26546.28515625,26592.05461341595,24623.96795528017,25081.662526939654,97262200
2021-07-06,24715.505859375,26820.90080295139,24715.505859375,26454.74516059028,46340700
2021-07-07,25905.51171875,25905.51171875,24532.428058745583,25173.20043341431,77129320
2021-07-08,25905.51171875,26271.667361417843,25447.817165415192,25539.356076082157,55146800
2021-07-09,25905.51171875,26775.13137008613,25447.817165415192,25676.664442082598,73797000
2021-07-12,24486.66015625,25859.74390332944,24120.50449036215,25402.049320969625,136585400
2021-07-13,24669.73828125,24852.81611636132,24166.27423469388,24761.27719880566,46423600
2021-07-14,23342.423828125,24623.96866574755,23159.34599417892,24578.19920726103,86527400
2021-07-15,23845.888671875,24349.35273212572,23250.885691578696,23342.42461162428,44566000
2021-07-16,23617.0390625,24212.041984617248,23617.0390625,24074.733617974805,42956480
2021-07-19,21969.33984375,23296.654125976565,21969.33984375,22884.72900390625,78655800
2021-07-20,22655.8828125,22701.652272727275,21511.646306818184,22106.64928977273,46619200
2021-07-21,23022.037109375,23525.50114158797,22701.65090705765,23159.34548179672,50971400
2021-07-22,23388.19140625,23571.269225477008,22793.18849376223,22930.496858182487,28109200
2021-07-23,22655.8828125,23388.194176136363,22655.8828125,23159.346875,38375400
2021-07-26,22427.033203125,22724.53466398278,22289.724836575253,22427.033203125,27438440
2021-07-27,22770.306640625,23022.038673837946,22678.76771945666,22884.730292085427,29885000
2021-07-28,22747.419921875,23022.03666137449,22655.8810087085,22770.304650166625,14937200
2021-07-29,23159.345703125,23250.884618947628,22884.72895565712,22930.49841356843,25600600
2021-07-30,23388.19140625,23617.03868028376,23113.57467740949,23205.113587022995,34480000
2021-08-02,23250.884765625,23525.501514825297,23159.3458492249,23342.4236820251,27927400
2021-08-03,23708.578125,23800.117036679538,23250.88356660232,23250.88356660232,43200000
2021-08-04,23800.1171875,24074.733924278844,23708.578275240383,24028.964468149035,35145800
2021-08-05,24028.966796875,24120.505718005952,23662.811112351188,23754.350033482144,25042400
2021-08-06,23708.578125,24349.35050675676,23708.578125,24028.96431587838,33128600
2021-08-09,24028.966796875,24120.505718005952,23479.733270089284,23571.27219122024,29083400
2021-08-10,23937.42578125,24257.81197717495,23754.347955007168,24257.81197717495,24830600
2021-08-11,23937.42578125,24486.65925997849,23754.347955007168,23937.42578125,43061200
2021-08-12,23800.1171875,24257.811748798074,23800.1171875,23983.19501201923,23656600
2021-08-13,23891.65625,23891.65625,23388.19222940613,23800.11733716475,31938600
2021-08-16,24715.505859375,24898.583680555555,23845.88620876736,23937.42511935764,61192200
2021-08-17,24395.119140625,25035.89150079151,24166.271869136963,24852.81368360108,35381600
2021-08-18,24166.2734375,24486.659638375942,24028.965065696026,24257.812352035984,41160800
2021-08-19,24257.8125,24395.12087264151,23845.88738207547,24028.965212264156,38230400
2021-08-20,23113.576171875,24257.81261602723,22793.18996751238,24166.27370049505,63877400
2021-08-23,22312.609375,23250.883205128204,22312.609375,23022.035929487178,52951400
2021-08-24,22427.033203125,22518.572114158163,22152.41647002551,22312.609564333547,33506800
2021-08-25,22495.6875,22518.572227873858,22198.18603763988,22381.263860630723,19043880
2021-08-26,22106.6484375,22587.227751358696,22060.87897903727,22564.34302212733,20413600
2021-08-27,21992.224609375,22037.994067459025,21511.64529949272,21877.800964164933,39379000
2021-08-30,22518.57421875,22610.113138338416,22015.11016101372,22243.957459984755,28953800
2021-08-31,22198.185546875,22655.88009423325,21511.643725837628,22655.88009423325,15627800
2021-09-01,22106.6484375,22404.14991750777,22060.87897903727,22060.87897903727,17059800
2021-09-06,22404.150390625,22404.150390625,21923.57106661772,22266.842012337205,26946400
2021-09-07,22724.53515625,23067.80608006042,22449.91841720166,22449.91841720166,24460000
2021-09-08,22335.49609375,22724.536497022284,22243.95717533299,22701.651767418032,14467128
2021-09-09,22564.341796875,22655.880708829867,22198.186149055527,22198.186149055527,16107800
2021-09-10,22564.341796875,22793.18907676217,22427.033428942697,22793.18907676217,19696000
2021-09-13,22404.150390625,22632.99768777132,22381.265660910365,22495.68930948353,15076400
2021-09-14,22198.185546875,22472.80227528995,22198.185546875,22404.148093186213,12285000
2021-09-15,22152.41796875,22335.49580320248,22015.10959291064,22060.87905152376,10435200
2021-09-16,22472.8046875,22495.689417324334,22243.95738925662,22381.265768202647,11125000
2021-09-17,22770.306640625,22838.96083150126,22518.57460741206,22518.57460741206,16545600
2021-09-20,23205.11328125,23617.03836908284,22930.496556028105,23113.5743728427,37466200
2021-09-21,23067.806640625,23296.65392872644,22770.305166093127,22930.49826776413,20778000
2021-09-22,23113.576171875,23296.65400293936,22838.959425278463,23296.65400293936,10400200
2021-09-23,22976.267578125,23479.73160872137,22884.72866347112,23159.345407432767,17339800
2021-09-24,23159.345703125,23571.270824326828,23022.03732939106,23205.11516103632,14967400
2021-09-27,22655.8828125,23388.194176136363,22655.8828125,23205.116335227274,24652200
2021-09-28,22793.189453125,22816.07418149159,22335.49488579317,22564.342169459083,12671400
2021-09-29,22610.111328125,22770.304424579324,22381.26404747596,22518.572415865383,12441400
2021-09-30,22701.650390625,23067.806042086693,22701.650390625,22747.41984705771,11912200
2021-10-01,22427.033203125,22793.18884725765,22381.263747608416,22701.64993622449,14335600
2021-10-04,22129.53125,22404.14797699069,22106.646522750776,22335.49379524302,19016200
2021-10-05,22472.8046875,22518.57414714868,22243.95738925662,22243.95738925662,12405800
2021-10-06,23022.037109375,23113.57602432281,22518.57307716203,22632.996720846797,29175420
2021-10-07,22884.728515625,23250.884171875,22884.728515625,23159.3452578125,11565400
2021-10-08,23205.11328125,23296.652189657296,22884.727101824457,22930.496556028105,16343800
2021-10-11,24257.8125,24257.8125,23342.423349056604,23342.423349056604,50738600
2021-10-12,24257.8125,24440.89033018868,24074.73466981132,24440.89033018868,28553000
2021-10-13,23983.1953125,24349.35096612596,23937.425855796755,24257.812052719462,30209200
2021-10-14,24028.966796875,24257.81409970238,23891.65841517857,24028.966796875,40677400
2021-10-15,24074.734375,24212.04274596008,23937.426004039924,24212.04274596008,24273000
2021-10-18,24212.041015625,24532.42719163516,24120.502108193527,24349.34937677221,34614000
2021-10-19,24120.50390625,24257.812277632827,23800.117706356737,24212.04282050522,31253800
2021-10-20,24349.3515625,24669.737767269737,24028.965357730263,24166.273731203008,46264600
2021-10-21,24212.041015625,24715.50500649811,24212.041015625,24715.50500649811,31198600
2021-10-22,23937.42578125,24257.81197717495,23891.65632468929,24212.042520614243,24513000
2021-10-25,23296.654296875,23845.88779699779,23250.884838531438,23845.88779699779,59472420
2021-10-26,23342.423828125,23342.423828125,22861.844514016542,23067.80707720588,42688600
2021-10-27,23571.26953125,23708.577897451454,23296.652798847088,23433.961165048546,45342400
2021-10-28,23708.578125,23845.886492519305,23571.26975748069,23800.117036679538,32717200
2021-10-29,23617.0390625,23800.116884689924,23479.73069585756,23754.347429142443,25548800
2021-11-01,23617.0390625,24028.964162427324,23571.26960695252,23662.80851804748,50836000
2021-11-02,23617.0390625,23708.57797359496,23571.26960695252,23708.57797359496,30936400
2021-11-03,24578.197265625,24807.04453997905,23800.11653282123,23937.42489743366,81431800
2021-11-04,24395.119140625,24807.044229303472,24166.271869136963,24578.19695781543,37959200
2021-11-05,24257.8125,24486.65978773585,24120.50412735849,24486.65978773585,27377200
2021-11-08,24074.734375,24395.120573906843,23937.426004039924,24166.273288973385,42577600
2021-11-09,23937.42578125,24395.120346857075,23937.42578125,24257.81197717495,43539200
2021-11-10,23662.810546875,24120.50514159212,23617.04108740329,24074.735682120405,40597400
2021-11-11,23571.26953125,23983.19462985437,23205.113888046115,23662.80844205097,44149200
2021-11-12,24028.966796875,24120.505718005952,23388.19434895833,23525.50273065476,25774800
2021-11-15,23800.1171875,24257.811748798074,23754.34773137019,24166.27283653846,28066400
2021-11-16,23800.1171875,24212.04229266827,23617.03936298077,23800.1171875,28273000
2021-11-17,23891.65625,23983.19516283525,23662.80896791188,23800.11733716475,24445400
2021-11-18,23571.26953125,23891.6557190534,23525.500075849515,23800.116808252427,25971600
2021-11-19,23937.42578125,24440.88980341778,23433.961759082216,23708.578498446463,62038800
2021-11-22,24303.58203125,25081.662811911487,23937.42636976224,23937.42636976224,48663000
2021-11-23,24074.734375,24486.659487880228,23983.19546102661,24440.890030893537,28232200
2021-11-24,25402.048828125,25493.587742820942,23937.426192989868,24074.734565033785,104743800
2021-11-25,25127.431640625,25630.895662568302,25035.8927275444,25630.895662568302,42553400
2021-11-26,24715.505859375,25402.04768880208,24669.73640407986,25218.969867621527,43768600
2021-11-29,23937.42578125,24440.88980341778,23845.886868128586,24257.81197717495,56428200
2021-11-30,23708.578125,24303.58105091699,23571.26975748069,24303.58105091699,50667600
2021-12-01,23983.1953125,23983.1953125,23571.270202170803,23617.039658874048,23430600
2021-12-02,23662.810546875,24074.735682120405,23662.810546875,23983.196763176984,19248000
2021-12-03,22976.267578125,23891.656724663844,22976.267578125,23800.11781000996,32269200
2021-12-06,22427.033203125,23342.42231345663,22266.840108816963,23022.03612484056,46483400
2021-12-07,22884.728515625,23022.03688671875,22587.227044921878,22701.6506875,19383400
2021-12-08,22884.728515625,23250.884171875,22838.95905859375,22976.2674296875,16051400
2021-12-09,23067.806640625,23067.806640625,22816.07462371341,22884.728810143846,12447200
2021-12-10,22976.267578125,23296.653779413595,22930.498120798056,23113.575950105827,16684200
2021-12-13,22884.728515625,23067.80634375,22861.843787109374,23022.03688671875,17611200
2021-12-14,22930.498046875,23250.884247130736,22816.07440392652,22884.72858969561,18431400
2021-12-15,22976.267578125,23250.88432208665,22861.843934807643,23022.037035451944,15195600
2021-12-16,22816.07421875,23113.575688001503,22816.07421875,23113.575688001503,12950600
2021-12-17,22816.07421875,22930.49786076981,22793.18949034604,22884.728403961886,34720000
2021-12-20,22655.8828125,22884.730113636364,22587.22862215909,22816.07592329545,24101560
2021-12-21,22541.45703125,22747.419582804567,22518.57230329949,22655.88067100254,15161400
2021-12-22,22381.263671875,22655.880404045245,22106.646939704755,22564.34149332183,27054600
2021-12-23,21671.837890625,22358.37974566064,21648.953162123813,22358.37974566064,28150600
2021-12-24,22381.263671875,22495.68731027927,21717.60656913024,21717.60656913024,15791200
2021-12-27,22358.380859375,22610.112885427327,22198.187751887155,22610.112885427327,16936000
2021-12-28,22495.6875,22587.226411495423,22289.7249491353,22541.45695574771,19092200
2021-12-29,22472.8046875,22724.53671556772,22427.035227851324,22495.689417324334,15141600
2021-12-30,22564.341796875,22770.30434877345,22427.033428942697,22518.572340897565,12078200
2021-12-31,22884.728515625,23113.57580078125,22632.996501953126,22655.88123046875,19840000
2022-01-04,23296.654296875,23433.962671905698,23022.037546813604,23113.576463500736,24108200
2022-01-05,23113.576171875,23433.962376237625,23022.037256342825,23296.65400293936,22364000
2022-01-06,22838.958984375,23067.80626878757,22701.650613727452,22976.267355022545,22614600
2022-01-07,22632.99609375,22930.497559087464,22610.11136564712,22838.958646675936,16250400
2022-01-10,22266.841796875,22701.65165724563,22266.841796875,22655.88219825925,21657800
2022-01-11,22175.302734375,22472.80421584752,22152.41800503096,22381.26529847136,19645600
2022-01-12,23067.806640625,23067.806640625,22152.41748821925,22175.302217029388,24188200
2022-01-13,23113.576171875,23708.57912283416,22976.267798576733,23296.65400293936,29689600
2022-01-14,22770.306640625,23067.808134422117,22655.882989164573,22884.730292085427,11546000
2022-01-17,22243.955078125,23113.574721096968,22243.955078125,22747.41908195088,23558600
2022-01-18,22312.609375,22632.995560897434,22198.185737179487,22243.95519230769,19241400
2022-01-19,22358.380859375,22610.112885427327,22335.49612973388,22427.03504829836,10363800
2022-01-20,22358.380859375,22610.112885427327,22243.9572111694,22266.841940810515,18698400
2022-01-21,22793.189453125,23250.884020456822,22381.26434252636,22427.033799259538,23503200
2022-01-24,23022.037109375,23525.50114158797,22793.189822005468,22861.84400821633,34688800
2022-01-25,23754.34765625,23845.886568220136,23342.422552384392,23433.96146435453,36966400
2022-01-26,23983.1953125,24395.1204228292,23800.117485687024,23983.1953125,31402000
2022-01-27,23754.34765625,24120.50330413054,23571.26983230973,23800.117112235068,25248000
2022-01-28,24166.2734375,24257.812352035984,23617.03995028409,23754.34832208807,20665800
2022-02-07,24166.2734375,24623.968010179924,24166.2734375,24578.198552911934,20920000
2022-02-08,24623.96875,24852.81604321561,24166.27416356877,24166.27416356877,34449000
2022-02-09,24532.4296875,25127.43264633862,24532.4296875,24715.507520988805,39268280
2022-02-10,24532.4296875,24807.04643773321,24303.582395638998,24532.4296875,22869600
2022-02-11,24578.197265625,24623.96672049581,24257.81108152933,24486.65835588338,15775600
2022-02-14,23571.26953125,24349.35027305825,23571.26953125,24349.35027305825,43235680
2022-02-15,23708.578125,23845.886492519305,23479.73084580116,23617.039213320462,24165600
2022-02-16,23617.0390625,23891.65579578488,23571.26960695252,23891.65579578488,13308800
2022-02-17,23891.65625,24028.964619252874,23617.03951149425,23617.03951149425,15980000
2022-02-18,23617.0390625,23800.116884689924,23571.26960695252,23662.80851804748,13245200
2022-02-21,23571.26953125,23662.80844205097,23250.883343446603,23617.038986650485,24402800
2022-02-22,23525.501953125,23662.810330283315,23159.34628070282,23342.42411691391,21665600
2022-02-23,23662.810546875,23891.65784423356,23525.502168459865,23662.810546875,13546600
2022-02-24,23113.576171875,23754.34858060025,22793.18996751238,23571.27074953589,33605600
2022-02-25,23205.11328125,23479.73000647189,23113.5743728427,23342.421643860944,13331800
2022-02-28,23067.806640625,23296.65392872644,22976.267725384423,23113.576098245285,15130200
2022-03-01,23022.037109375,23205.114939270625,22930.498194427186,23205.114939270625,14101800
2022-03-02,22518.57421875,22930.499356897868,22518.57421875,22930.499356897868,37544800
2022-03-03,22724.53515625,22838.95879752014,22495.68787370972,22655.880971487917,16242000
2022-03-04,22861.84375,23067.806306306305,22655.88119369369,22770.304836086085,14623400
2022-03-07,22541.45703125,22701.650126903554,22472.80284739848,22655.88067100254,17604800
2022-03-08,22427.033203125,22655.880480707907,22335.49429209184,22427.033203125,18713000
2022-03-09,22472.8046875,22587.22833662169,22381.265768202647,22427.035227851324,24073740
2022-03-10,22541.45703125,22793.189038705583,22541.45703125,22793.189038705583,9432200
2022-03-11,22381.263671875,22518.572037960123,22289.724761151585,22518.572037960123,17199800
2022-03-14,22198.185546875,22381.2633658183,22106.64663740335,22335.493911082474,17018200
2022-03-15,22243.955078125,22427.032897698045,22198.18562323174,22243.955078125,7648400
2022-03-16,22449.91796875,22632.99579112513,22335.494329765545,22335.494329765545,9084000
2022-03-17,22427.033203125,22655.880480707907,22427.033203125,22632.995752949617,7698400
2022-03-18,22518.57421875,22610.113138338416,22472.804758955797,22495.68948885289,17199200
2022-03-21,22632.99609375,22678.76554995576,22472.802997029827,22541.457181338472,10992000
2022-03-22,22838.958984375,23022.03681190506,22655.881156844946,22678.7658852862,15112136
2022-03-23,22701.650390625,22976.26712922127,22701.650390625,22838.95875992313,8146200
2022-03-24,22564.341796875,22793.18907676217,22564.341796875,22701.650164807303,7088000
2022-03-25,22541.45703125,22632.99594305203,22495.687575348984,22610.11121510152,16226800
2022-03-28,22335.49609375,22495.689200979763,22129.53352731173,22495.689200979763,24739000
2022-03-29,22381.263671875,22495.68731027927,22266.840033470733,22381.263671875,11532000
2022-03-30,22495.6875,22838.958418107835,22381.263860630723,22381.263860630723,11486400
2022-03-31,22678.765625,22747.419809535822,22564.341984106963,22655.880896821396,11710200
2022-04-01,23022.037109375,23067.806566848907,22610.11199210984,22678.7661783207,20069000
2022-04-04,22724.53515625,23159.34499307653,22724.53515625,23067.80608006042,19539600
2022-04-05,22449.91796875,22655.88051892202,22449.91796875,22610.11106332824,11604200
2022-04-06,22838.958984375,22838.958984375,22289.72550178482,22381.26441554985,19814200
2022-04-07,22564.341796875,23022.03635664934,22564.341796875,22838.958532739605,17116600
2022-04-08,22358.380859375,22610.112885427327,22335.49612973388,22610.112885427327,15776200
2022-04-12,21969.33984375,22381.264965820315,21923.57038574219,22289.72604980469,23022680
2022-04-13,21969.33984375,22175.30240478516,21923.57038574219,22152.417675781253,14204600
2022-04-14,21648.953125,22129.53242270085,21580.298939614164,21992.224051929174,20006800
2022-04-15,20870.87109375,21648.95181435033,20870.87109375,21648.95181435033,38517600
2022-04-18,20527.6015625,21168.373963559086,20504.716833890747,21053.95032051282,27182800
2022-04-19,20001.251953125,20802.21742035541,19909.713042584382,20596.254871639016,16805800
2022-04-20,19703.751953125,20230.100727714867,19703.751953125,20001.253434414924,19607600
2022-04-21,19955.484375,20138.56221330275,19635.098157970184,19680.86761754587,20465400
2022-04-22,20184.330078125,20481.83154186153,19932.598070347933,20138.560622165533,13606600
2022-04-25,18788.361328125,20275.86861963307,18788.361328125,20230.099164509746,47671400
2022-04-26,18994.32421875,19223.17149849397,17781.433636106925,18582.399115210843,24102440
2022-04-27,19040.09375,19314.710486778844,18719.707557091344,18994.32429387019,18270800
2022-04-28,19360.48046875,19589.327755614657,19062.978995825943,19062.978995825943,9458600
2022-04-29,20138.5625,20138.5625,19314.71221590909,19360.481676136365,20521600
2022-05-04,19223.171875,19978.36791294643,19223.171875,19909.71372767857,18096000
2022-05-05,19497.787109375,19612.21074264598,18948.553669674297,19612.21074264598,11177200
2022-05-06,18994.32421875,19360.47986634036,18994.32421875,19085.86313064759,22475400
2022-05-09,17667.009765625,18948.554515463085,17667.009765625,18857.015604760363,40450800
2022-05-10,17712.779296875,17781.43348019622,17140.661102531492,17140.661102531492,21702600
2022-05-11,17850.087890625,18056.050443209133,17598.355881911055,17850.087890625,9263000
2022-05-12,16614.314453125,17850.089908316113,16614.314453125,17850.089908316113,20658600
2022-05-13,15470.0771484375,16843.16091900888,15470.0771484375,16614.313623913647,35221000
2022-05-16,14920.8427734375,16385.46537696511,14920.8427734375,16065.079182443444,27391200
2022-05-17,15950.65625,15950.65625,14897.958706958394,14920.84343615495,28801600
2022-05-18,16499.890625,16888.931041955617,16179.504399271844,16339.697512135925,20388200
2022-05-19,16385.466796875,16660.0835588338,16110.850034916202,16202.388955569137,13955600
2022-05-20,16339.6962890625,16682.96721950499,16179.503188189336,16385.465746454833,13906400
2022-05-23,15950.65625,16568.54393830703,15950.65625,16385.466104734576,18467600
2022-05-24,16133.734375,16133.734375,15744.693971631204,15927.771808510635,10932600
2022-05-25,16705.8515625,16774.505747003423,16248.156999143835,16408.350096318492,13419400
2022-05-26,16797.390625,17049.12263709128,16728.736439884196,16797.390625,14843600
2022-05-27,17140.662109375,17140.662109375,16866.045359959113,16888.930089077105,13393200
2022-05-30,17277.970703125,17392.394350165563,17140.662326676324,17392.394350165563,9845600
2022-05-31,17003.353515625,17209.316075033646,17003.353515625,17140.6618885641,10519600
2022-06-01,16866.044921875,17255.085306775778,16774.5060077807,16934.699107445726,36733400
2022-06-02,16660.08203125,16934.698768028844,16477.00420673077,16888.92931189904,7429600
2022-06-03,16682.96875,16866.046596364882,16499.890903635118,16637.199288408778,6420400
2022-06-06,16499.890625,16843.16158113731,16477.005894590846,16682.968468273233,11690200
2022-06-07,16568.54296875,16568.54296875,16019.309500172652,16477.004057320442,16473600
2022-06-08,17049.12109375,17140.65999895134,16545.657115142618,16614.311294043622,12913600
2022-06-09,17117.77734375,17186.431530957554,16957.584240265707,17049.123156542446,11672000
2022-06-10,17369.509765625,17804.3196280056,16911.815173645424,16934.6999032444,21924400
2022-06-13,16477.00390625,17049.122097439234,16454.119178602432,16934.69845920139,13682400
2022-06-14,16362.58203125,16614.3140625,16110.85,16156.619460227274,15701600
2022-06-15,16339.6962890625,16545.65884732799,16042.19481601234,16339.6962890625,11438200
2022-06-16,16499.890625,16705.853198682387,16293.928051317616,16431.236433772538,12202000
2022-06-17,15790.462890625,16202.388009510869,15492.961415874091,16042.19490772192,12103400
2022-06-20,15103.9208984375,16110.848958333334,15103.9208984375,15790.462757457386,30389400
2022-06-21,15103.9208984375,15470.07655658144,15012.381983901516,15149.690355705492,13600400
2022-06-22,15927.7705078125,16156.6177852236,15309.882858802534,15447.191225249191,13016400
2022-06-23,16454.119140625,16660.081688977745,15813.346767972009,15927.770405945756,16588600
2022-06-24,16248.158203125,16522.774961487678,16248.158203125,16454.120771897007,8138200
2022-06-27,16271.0419921875,16454.119820510285,16248.157263647152,16271.0419921875,18648600
2022-06-28,16797.390625,16911.814266859674,16179.502958957764,16248.157144073568,22929000
2022-06-29,16820.275390625,17003.353218005952,16568.54337797619,16568.54337797619,10012000
2022-06-30,16271.0419921875,16980.468576938292,16271.0419921875,16728.73656299446,7698000
2022-07-01,16477.00390625,16591.427544487848,15950.655170355903,16293.926085069445,8084600
2022-07-04,16637.197265625,16797.390361717673,16499.888897545563,16591.42780959852,6338000
2022-07-05,17277.970703125,17506.817997206126,16637.19827969785,16751.62192673841,22997800
2022-07-06,17209.31640625,17575.472074468085,17026.238572140956,17163.546947722738,16616600
2022-07-07,17300.853515625,17392.39242311508,16934.697885664682,17140.660427517363,11254800
2022-07-08,17186.431640625,17392.39420356192,17094.892723764147,17369.509474346705,8116800
2022-07-11,16293.92578125,17072.006506759128,16248.156326808286,16957.582870654845,20396600
2022-07-12,16522.7734375,16522.7734375,16316.81088772507,16385.46507098338,16372360
2022-07-13,16522.7734375,16843.15962603878,16477.00398199446,16545.65816525277,6353600
2022-07-14,16454.119140625,16614.31223378825,16408.3496854355,16431.234413030248,5804000
2022-07-15,16522.7734375,16728.735987274933,16522.7734375,16522.7734375,8835800
2022-07-18,16614.314453125,16866.04649029356,16522.77553051825,16614.314453125,9191200
2022-07-19,16522.7734375,16614.31234851108,16362.580343230611,16591.42762075831,5133800
2022-07-20,16614.314453125,16751.622837035124,16568.544991821625,16705.85337573175,16189600
2022-07-21,16866.044921875,16888.929650398575,16614.31290811567,16751.621279257124,18717400
2022-07-22,16980.46875,17346.624410377357,16957.584021226416,17072.00766509434,8849400
2022-07-25,16843.16015625,16980.468527088993,16820.275427776833,16866.044884723167,6572600
2022-07-26,16751.62109375,16957.583648181353,16728.73636547985,16843.1600068306,10933400
2022-07-27,16751.62109375,16751.62109375,16660.0821806694,16660.0821806694,25914200
2022-07-28,17072.0078125,17163.546728384717,16843.160522788203,16888.92998073056,11208600
2022-07-29,17346.623046875,17346.623046875,17003.35214225346,17163.545231076845,12240600
2022-08-01,17667.009765625,17758.548676327722,17209.3152121114,17323.7388504898,15310800
2022-08-02,17529.701171875,17667.00953614556,17415.277534982866,17575.470626631854,9219800
2022-08-03,17461.048828125,17575.47247706422,17323.740449397934,17529.70301748853,18289400
2022-08-04,17575.47265625,17781.43522644043,17483.933736165363,17506.818466186523,13301600
2022-08-05,17575.47265625,17758.55049641927,17529.70319620768,17575.47265625,7829800
2022-08-08,17941.626953125,18147.589507433837,17621.240757533484,17621.240757533484,18830800
2022-08-09,17918.7421875,18147.58946958812,17850.088002873563,18033.16582854406,8904800
2022-08-10,17758.55078125,17872.974433191044,17712.781320473583,17781.43551163821,8606600
2022-08-11,17621.2421875,17987.39786931818,17552.58799715909,17895.858948863635,17948400
2022-08-12,17758.55078125,17758.55078125,17506.818746979705,17621.242398920745,6520800
2022-08-15,17895.857421875,18010.281062679827,17781.433781070173,17850.08796555307,12053200
2022-08-16,17850.087890625,17941.626802884613,17827.203162560094,17872.972618689902,15239600
2022-08-17,17987.396484375,18010.281212726622,17850.08811426527,17872.97284261689,10708600
2022-08-18,17895.857421875,18078.935247162724,17827.203237392103,17895.857421875,15784400
2022-08-19,17850.087890625,17941.626802884613,17827.203162560094,17872.972618689902,5543800
2022-08-22,17712.779296875,17895.857119064924,17644.12511355378,17781.43348019622,13624200
2022-08-23,17758.55078125,17758.55078125,17552.588207756122,17689.896590085373,8279800
2022-08-24,17964.51171875,18193.359001791403,17758.54916401274,17758.54916401274,11416400
2022-08-25,18101.8203125,18170.47449826169,17987.396669563845,17987.396669563845,9605600
2022-08-26,18078.935546875,18284.89810373813,18078.935546875,18124.705003955696,8758000
2022-08-29,17735.6640625,17895.857157258062,17621.240423387095,17758.54879032258,9101200
2022-08-30,17735.6640625,17918.741885080646,17735.6640625,17758.54879032258,21423800
2022-08-31,17827.203125,17918.742037066753,17689.89475689987,17735.664212933247,4863800
2022-09-05,17667.009765625,17804.31813167908,17644.12503794932,17781.4334040034,14489200
2022-09-06,17689.896484375,17850.089596135185,17644.12702387209,17644.12702387209,10215400
2022-09-07,17186.431640625,17712.7804125749,17186.431640625,17689.895683359686,11850000
2022-09-08,17117.77734375,17346.624634441847,17094.892614680815,17277.970447234293,24620400
2022-09-09,17232.19921875,17255.083945468126,16934.697771414343,17255.083945468126,7536200
2022-09-12,17163.546875,17300.85525,17140.662145833336,17232.2010625,4171802
2022-09-13,17072.0078125,17209.316186327076,17072.0078125,17117.77727044236,51987500
2022-09-14,16843.16015625,16934.699070142662,16705.851785411007,16705.851785411007,8088800
2022-09-15,16751.62109375,16957.583648181353,16751.62109375,16934.698919911203,3223800
2022-09-16,16477.00390625,16774.505365668403,16477.00390625,16660.081727430555,4416400
2022-09-19,16042.1943359375,16477.004168152638,15950.655423892207,16477.004168152638,34113200
2022-09-20,16042.1943359375,16271.041616050732,15973.540151903531,16271.041616050732,5844000
2022-09-21,15790.462890625,16065.079636548911,15790.462890625,16019.310178894928,18394200
2022-09-22,15813.34765625,15859.11711401049,15607.385096327786,15698.924011848769,7369600
2022-09-23,15653.154296875,15836.232124908624,15584.500111362391,15767.577939396017,7402400
2022-09-26,15218.3447265625,15492.961473507989,15081.036353089756,15492.961473507989,16514000
2022-09-27,15332.767578125,15515.845399953358,15195.459211753732,15355.652305853546,10102894
2022-09-28,15218.3447265625,15424.307286771616,15195.459997650376,15264.114184386748,4139800
2022-09-29,15103.9208984375,15424.307099313448,15103.9208984375,15424.307099313448,8240600
2022-09-30,14875.07421875,15195.460432692307,14737.765841346154,15103.921514423078,12744400
2022-10-03,13845.2607421875,14920.842981663222,13845.2607421875,14875.073524664256,22071680
2022-10-04,13868.1455078125,14188.531707662954,13730.83713644802,14096.992793419968,15904400
2022-10-05,13959.6845703125,14211.4165871542,13959.6845703125,14188.531858350409,14924200
2022-10-06,13410.451171875,14096.993040742322,13410.451171875,13959.684666968857,15307400
2022-10-07,12472.1767578125,13227.372781680047,12472.1767578125,13227.372781680047,56437940
2022-10-10,11808.51953125,12334.868270046029,11602.556981286338,11808.51953125,58218600
2022-10-11,10984.669921875,11808.520166015624,10984.669921875,11808.520166015624,60630400
2022-10-12,11350.8251953125,11625.441933908767,10778.706989903603,10984.669543850809,24562800
2022-10-13,11579.6728515625,11579.6728515625,11030.43935662673,11350.82556200593,35039400
2022-10-14,11762.7509765625,12128.90664898468,11671.212058456957,12128.90664898468,13416800
2022-10-17,11488.1337890625,11671.21161837027,11144.862859110432,11671.21161837027,19937600
2022-10-18,11579.6728515625,11854.289599030386,11511.01866469553,11716.981225296444,10540200
2022-10-19,11533.9033203125,11671.211693173362,11259.286574590771,11579.672777932788,9680200
2022-10-20,11259.287109375,11488.134408346035,11236.402379477897,11488.134408346035,12720200
2022-10-21,10481.2060546875,11373.710500392332,10481.2060546875,11373.710500392332,21413200
2022-10-24,9748.8935546875,10687.167347509536,9748.8935546875,10549.85898758436,77401200
2022-10-25,9748.8935546875,10275.242267734007,9153.890661678402,9748.8935546875,28126800
2022-10-26,9794.6640625,9977.741895443924,9634.470958674065,9931.972437207944,15080800
2022-10-27,10458.3212890625,10458.3212890625,9840.433598023796,9840.433598023796,18345600
2022-10-28,11167.748046875,11167.748046875,10755.822913998463,10801.592373206968,27929460
2022-10-31,11259.287109375,11350.826028963416,10755.82305163872,11259.287109375,14567400
2022-11-01,11739.8662109375,11900.05931712963,11442.36472800926,11442.36472800926,20478800
2022-11-02,11533.9033203125,11808.520066034223,11465.249133882067,11762.75060841394,17205600
2022-11-03,11831.4052734375,11831.4052734375,11282.171759776958,11282.171759776958,17896000
2022-11-04,11671.2119140625,11671.2119140625,11007.554766007966,11442.364621629902,34814400
2022-11-07,10870.24609375,11808.519967105263,10870.24609375,11648.326866776317,21850400
2022-11-08,11053.32421875,11396.595157220498,10526.975446428572,10870.246384899068,28977200
2022-11-09,11144.86328125,11488.134224204312,11076.209092659135,11213.51746984086,8270400
2022-11-10,10412.5517578125,11030.439444539836,10366.7822995364,10984.669986263736,28079400
2022-11-11,10435.435546875,10961.784269634049,10435.435546875,10755.821725945723,10959000
2022-11-14,10160.8203125,10252.359234234234,9748.895164695949,10160.8203125,13577000
2022-11-15,9474.2783203125,10092.16603685462,9451.3935900702,10092.16603685462,21886000
2022-11-16,10115.0498046875,10115.0498046875,8833.505033052885,8833.505033052885,48221200
2022-11-17,10504.08984375,10549.859298406864,10160.81893382353,10389.666207107844,13492600
2022-11-18,10389.6669921875,10687.168469937362,9977.74186914923,10458.321179360546,15249600
2022-11-21,10183.7041015625,10572.744482970504,10183.7041015625,10366.781928107444,17758800
2022-11-22,10000.6259765625,10549.859439806209,10000.6259765625,10092.164887103118,18897600
2022-11-23,10069.28125,10252.35909090909,9931.972869318182,10069.28125,8037600
2022-11-24,10137.9345703125,10160.81929846219,9840.433104366535,10069.28038586343,15683000
2022-11-25,10526.974609375,10526.974609375,10160.818970788045,10229.473153023098,11542400
2022-11-28,11259.287109375,11259.287109375,10641.399402153202,10664.284132050305,22463200
2022-11-29,11533.9033203125,11716.98115079365,11144.862930540054,11419.47967626178,16752800
2022-11-30,11854.2890625,11854.2890625,11419.4792320222,11533.902871621622,17721400
2022-12-01,12540.8310546875,12678.139423899407,12014.482306041857,12014.482306041857,37717000
2022-12-02,13181.603515625,13273.142428927951,12289.099110921225,12357.753295898438,38392400
2022-12-05,13273.142578125,13639.298235452585,13181.603663793105,13501.98986395474,16932200
2022-12-06,12380.6376953125,13273.142076305452,12357.752967594732,13181.60316543438,29901000
2022-12-07,12083.13671875,12426.407648259945,11877.174161044037,12357.753462357954,14228800
2022-12-08,12906.9873046875,12906.9873046875,12128.90650972407,12266.214885305852,29108600
2022-12-09,12929.8720703125,13044.295716952432,12678.140047704646,13021.410987624446,11210800
2022-12-12,12449.2919921875,13067.179646211513,12449.2919921875,12929.87127865062,73107200
2022-12-13,13181.603515625,13181.603515625,12357.753295898438,12449.292209201389,15355800
2022-12-14,13181.603515625,13593.52862548828,13181.603515625,13501.98971218533,25549200
2022-12-15,13501.990234375,13524.874963585806,13090.06510858051,13181.604025423729,15675600
2022-12-16,13341.796875,13410.451061320757,13090.064858490568,13273.142688679243,23914360
2022-12-19,13387.56640625,14028.338815438034,13296.027490651708,13341.796948450854,20054400
2022-12-20,12678.1396484375,13387.566235263426,12472.177090971907,13273.142592226986,41415200
2022-12-21,12678.1396484375,12906.98693451038,12037.36724743344,12838.332748688515,15065400
2022-12-22,12678.1396484375,12998.525848939533,12472.177090971907,12701.024377044789,15723800
2022-12-23,12632.3701171875,12769.678488026497,12334.868647036345,12678.139574133833,7229400
2022-12-26,11762.7509765625,12540.83178045963,11762.7509765625,12472.17759188047,15127200
2022-12-27,12037.3671875,12037.3671875,11625.442074619772,11716.980988593155,11276400
2022-12-28,11968.712890625,12106.02126030712,11785.63506438217,11945.828162344646,15148800
2022-12-29,11877.173828125,12037.366924072736,11785.634916154864,11945.8280121026,7159400
2022-12-30,11831.4052734375,11945.82892211678,11831.4052734375,11877.174732909212,11005800
2023-01-03,12563.7158203125,12563.7158203125,11785.635059127391,11785.635059127391,7573600
2023-01-04,12495.0615234375,12723.908804086535,12472.176795372596,12563.715707632213,13184600
2023-01-05,12655.2548828125,12723.909068433544,12426.40759740902,12495.061783030063,15675600
2023-01-06,12678.1396484375,12998.525848939533,12495.061819579198,12563.716005401062,15721800
2023-01-09,12701.0244140625,12792.563328758446,12632.37022804054,12723.909142736487,14975400
2023-01-10,12563.7158203125,12815.447831284151,12495.061635502048,12701.0241899334,5392400
2023-01-11,12655.2548828125,12815.447982594937,12495.061783030063,12563.715968651108,6887600
2023-01-12,12746.7939453125,12792.563402925827,12632.370301279174,12655.255030085838,7054400
2023-01-13,12723.9091796875,12952.756467091953,12723.9091796875,12769.67863716839,5620400
2023-01-16,12861.2177734375,12861.2177734375,12655.255211229429,12746.794127766349,30109200
2023-01-17,13273.142578125,13410.450949622844,12975.641106546336,12998.52583512931,16847800
2023-01-18,13318.912109375,13341.796838085264,13227.373194533937,13318.912109375,20182580
2023-01-19,13318.912109375,13410.451024216063,13204.488465823668,13204.488465823668,20606800
2023-01-27,13296.02734375,13593.528816157488,13273.14261510327,13433.33571563038,11078400
2023-01-30,13135.833984375,13296.027081745427,13067.179799787677,13296.027081745427,12916000
2023-01-31,13456.2197265625,13456.2197265625,12838.332086057078,13112.9488151706,12738800
2023-02-01,12906.9873046875,13501.990265541888,12815.448387632978,13501.990265541888,15829000
2023-02-02,12815.4482421875,12998.526074218751,12632.37041015625,12906.987158203126,9430400
2023-02-03,12403.5234375,12906.987488468634,12403.5234375,12861.218029289666,15846000
2023-02-06,12792.5625,12815.447227191413,12380.637410554562,12403.522137745977,12806600
2023-02-07,12540.8310546875,12838.332521313298,12540.8310546875,12792.56306490933,13076800
2023-02-08,12746.7939453125,12792.563402925827,12540.831386052512,12586.600843665845,17218000
2023-02-09,12495.0615234375,12746.79353215144,12495.0615234375,12678.13934795673,7564600
2023-02-10,12334.869140625,12586.601163903062,12311.984411236086,12517.946975736317,9058000
2023-02-13,12174.67578125,12311.984154722744,12060.25213668938,12289.09942581062,8082400
2023-02-14,12289.0986328125,12540.830634601954,12128.905540764665,12128.905540764665,6559600
2023-02-15,12540.8310546875,12632.36996749544,12174.675403455749,12289.09904446567,5266000
2023-02-16,12769.6787109375,12769.6787109375,12449.29250672043,12632.370337701614,4665400
2023-02-17,12723.9091796875,12723.9091796875,12586.600807244828,12701.024450947054,5626600
2023-02-20,13090.064453125,13090.064453125,12678.13934795673,12701.024076021637,11999800
2023-02-21,12998.5263671875,13250.25839190416,12975.641637667804,13090.065285266286,14241800
2023-02-22,12586.6005859375,12884.102054332388,12586.6005859375,12838.33259765625,38130000
2023-02-23,12792.5625,12792.5625,12357.752683363147,12586.59995527728,11830800
2023-02-24,12472.1767578125,12792.562949756308,12426.407301820527,12792.562949756308,11542600
2023-02-27,12357.7529296875,12449.291840277778,12174.675108506945,12449.291840277778,13904000
2023-02-28,12128.90625,12449.292452830188,12128.90625,12357.753537735847,7158200
2023-03-01,12495.0615234375,12517.946251502402,11922.943321814902,11991.597506009615,4408400
2023-03-02,12449.2919921875,12632.369815602022,12357.75308048024,12609.485087675206,3519800
2023-03-03,12266.21484375,12517.946864797108,12151.791197819495,12449.292677238804,8150800
2023-03-06,12449.2919921875,12563.715631821577,12220.444712919349,12357.75308048024,14267800
2023-03-07,12403.5234375,12586.601274215867,12380.638707910515,12449.292896678966,4788600
2023-03-08,12495.0615234375,12540.830979567309,12266.21424278846,12311.983698918268,5330600
2023-03-09,12723.9091796875,12746.793908427944,12449.292434802155,12586.600807244828,9631400
2023-03-10,12426.408203125,12632.370770027625,12357.754014157455,12586.601310715929,4259600
2023-03-13,12243.330078125,12334.868994596962,12151.791161653038,12151.791161653038,88693800
2023-03-14,12037.3671875,12243.329743940114,12037.3671875,12197.56028695342,8083000
2023-03-15,12449.2919921875,12540.83090389476,12266.214168772978,12266.214168772978,9535600
2023-03-16,12243.330078125,12334.868994596962,12060.252245181076,12311.984265478972,16461200
2023-03-17,12197.5595703125,12403.522114651736,12174.674843163695,12266.213751758913,8129600
2023-03-20,12014.4833984375,12174.676510416666,12014.4833984375,12128.90704985119,28709600
2023-03-21,12060.251953125,12174.675595944023,11945.828310305977,12128.906138816414,13403600
2023-03-22,11991.59765625,12174.675483062978,11991.59765625,12106.02129800811,19895200
2023-03-23,11991.59765625,12060.251841304867,11831.404557788646,11991.59765625,7038000
2023-03-24,12106.0205078125,12220.444142101844,12037.366327238897,12083.135780954632,10771680
2023-03-27,12128.90625,12220.44516509434,12060.252063679243,12106.021521226416,4260200
2023-03-28,12609.486328125,12678.140518659256,12220.44591509755,12220.44591509755,19240000
2023-03-29,12815.4482421875,12952.756616210938,12586.600952148438,12609.485681152344,13254800
2023-03-30,12678.1396484375,13044.295306154108,12678.1396484375,12975.641120332244,10726666
2023-03-31,12975.640625,12998.525352733686,12723.908619929452,12723.908619929452,22740600
2023-04-03,13410.451171875,13433.335900837244,13135.834424328072,13273.142798101537,31328400
2023-04-04,13501.990234375,13501.990234375,13296.027671477754,13410.45131753178,21013600
2023-04-05,13501.990234375,13547.75969279661,13364.68185911017,13456.22077595339,10059600
2023-04-06,13547.7587890625,13822.375521273229,13433.335150641364,13433.335150641364,16212800
2023-04-07,13524.875,13593.529187817256,13456.22081218274,13570.64445854484,10318400
2023-04-10,13822.3759765625,14096.99271781871,13547.759235306292,13570.643963744307,23418200
2023-04-11,13913.9150390625,13913.9150390625,13547.759380139802,13822.376124331824,14688200
2023-04-12,14051.22265625,14165.64629351588,13776.60592681189,13913.914291530944,10902400
2023-04-13,13822.3759765625,14165.646903132762,13822.3759765625,14005.45380406664,8313600
2023-04-14,13227.373046875,13913.91490051903,13227.373046875,13822.375986699826,21550000
2023-04-17,13479.1044921875,13479.1044921875,13158.718307313771,13273.141944768677,14225000
2023-04-18,13341.796875,13456.220518867924,13227.373231132076,13456.220518867924,9231000
2023-04-19,13273.142578125,13456.220406788792,13273.142578125,13364.681492456895,12756200
2023-04-20,13204.48828125,13273.142466421144,13067.179910907713,13227.37300964038,15461400
2023-04-21,13135.833984375,13273.142353549652,13135.833984375,13273.142353549652,7359600
2023-04-24,13501.990234375,13616.413880429023,13112.949837791311,13135.83456700212,7297400
2023-04-25,13273.142578125,13662.18296403556,13273.142578125,13570.644049703664,12091000
2023-04-26,13730.8369140625,13730.8369140625,13204.488165690103,13364.681263020831,14451200
2023-04-27,13685.068359375,13822.37673756271,13662.183629677049,13822.37673756271,5494400
2023-04-28,13501.990234375,13707.952797272246,13501.990234375,13707.952797272246,9766800
2023-05-04,13296.02734375,13501.989901570569,13227.37315780981,13501.989901570569,6942400
2023-05-05,13135.833984375,13364.681266332753,13021.410343396125,13296.027081745427,11305200
2023-05-08,13456.2197265625,13456.2197265625,13135.833542596723,13227.372452301232,12556600
2023-05-09,13410.451171875,13501.990087723976,13296.02752706378,13479.105358761732,5554402
2023-05-10,13410.451171875,13456.220629799487,13318.912256026024,13433.335900837244,11868800
2023-05-11,13318.912109375,13501.98993905713,13318.912109375,13501.98993905713,5505200
2023-05-12,13410.451171875,13410.451171875,13273.142798101537,13318.912256026024,6677200
2023-05-15,13685.068359375,13799.492007864756,13456.221062395483,13479.105792093436,22911000
2023-05-16,13639.2978515625,13776.60621919568,13616.413123623635,13776.60621919568,8458000
2023-05-17,13387.56640625,13685.067881944444,13387.56640625,13593.528966346154,17930600
2023-05-18,13524.875,13593.529187817256,13387.56662436548,13387.56662436548,12257800
2023-05-19,13570.6435546875,13616.413010183916,13387.565732701834,13524.874099191084,10342068
2023-05-22,13959.6845703125,14005.45402792008,13593.528909451845,13593.528909451845,21282800
2023-05-23,13891.0302734375,14051.223373790155,13730.837173084845,14051.223373790155,8614800
2023-05-24,13639.2978515625,13982.56877064545,13616.413123623635,13913.91458682886,34508400
2023-05-25,13639.2978515625,13685.067307440228,13547.758939807049,13639.2978515625,5547600
2023-05-26,13685.068359375,13707.953089072951,13570.644710885244,13685.068359375,3895800
2023-05-29,13822.3759765625,13822.3759765625,13639.29814905836,13730.837062810431,5734802
2023-05-30,13822.3759765625,13936.799618752588,13730.837062810431,13913.91489031457,16988400
2023-05-31,13707.9521484375,13868.14524533076,13685.067420309892,13822.375789075542,18658002
2023-06-01,13868.1455078125,13868.1455078125,13616.413493644286,13730.83713644802,23500600
2023-06-02,14737.7646484375,14737.7646484375,14051.222816988547,14096.992272418478,42726260
2023-06-05,14600.45703125,15012.38215125392,14600.45703125,14852.189049030174,14278404
2023-06-06,14966.61328125,14966.61328125,14531.803415280963,14600.457604644494,16876000
2023-06-07,14920.8427734375,14989.496957977855,14737.76494799655,14897.95804525738,17810468
2023-06-08,14531.802734375,14989.497308686025,14531.802734375,14966.612579970471,12727268
2023-06-09,14829.3037109375,14875.073166835457,14463.14806375386,14554.686975549768,25181860
2023-06-12,14966.61328125,15035.267470613531,14600.457604644494,14760.650713159404,11073068
2023-06-13,15012.3818359375,15058.151292754384,14829.30400866997,14966.612379120616,39556060
2023-06-14,14920.8427734375,15309.88315249952,14897.95804525738,15103.92059887845,19797068
2023-06-15,14943.7275390625,15058.151180249808,14829.303897875192,14920.84281082504,8176932
2023-06-16,14897.9580078125,15309.883114019296,14875.0732796899,14943.7274640577,16566298
2023-06-19,14691.99609375,14897.958655811915,14623.341906396028,14897.958655811915,18114932
2023-06-20,14714.880859375,14760.650317724534,14623.341942675934,14737.765588549766,11383900
2023-06-21,14875.07421875,14875.07421875,14691.99638221154,14714.881111778846,12131932
2023-06-22,14920.8427734375,15172.574783418808,14920.8427734375,15058.151142518214,14903898
2023-06-23,15058.1513671875,15218.34446683843,14897.95826753657,14943.727724579692,15585966
2023-06-26,15241.228515625,15241.228515625,14897.957603110925,15058.15069561749,8592664
2023-06-27,15081.0361328125,15286.998690013275,15058.151404234635,15241.22923285755,8028170
2023-06-28,15241.228515625,15241.228515625,14989.496513114676,15081.03542311843,9309664
2023-06-29,14943.7275390625,15286.998462624426,14943.7275390625,15241.229006149502,7824366
2023-06-30,14806.4189453125,15012.381496329212,14806.4189453125,14943.727312656974,5526498
2023-07-03,14646.2255859375,14966.611770629885,14646.2255859375,14966.611770629885,8642968
2023-07-04,14646.2255859375,14691.995040893557,14577.571403503418,14646.2255859375,10763498
2023-07-05,14623.341796875,14829.304357394369,14623.341796875,14714.880712661385,33203920
2023-07-06,14440.263671875,14669.110956690767,14280.070572503962,14623.341499727616,13502498
2023-07-07,14440.263671875,14554.687314282884,14325.840029467116,14417.378943393423,6838732
2023-07-10,14646.2255859375,14691.995040893557,14508.917221069336,14646.2255859375,13539102
2023-07-11,14623.341796875,14806.41962844777,14623.341796875,14737.765441607982,11602534
2023-07-12,14486.033203125,14646.226303317537,14463.148474526066,14600.456846119669,14160698
2023-07-13,14623.341796875,14646.226525821596,14486.033423195422,14508.91815214202,17105332
2023-07-14,14623.341796875,14737.765441607982,14508.91815214202,14737.765441607982,9316664
2023-07-17,14600.45703125,14691.995946806426,14554.687573471789,14691.995946806426,15043732
2023-07-18,14783.53515625,14783.53515625,14554.687862809596,14600.457321497675,17044144
2023-07-19,14783.53515625,15058.151908378482,14760.65042690596,14943.728261658282,14487334
2023-07-20,14600.45703125,14829.304320141067,14554.687573471789,14829.304320141067,11344594
2023-07-21,14783.53515625,14783.53515625,14577.572592153638,14577.572592153638,10598868
2023-07-24,14852.1884765625,14875.073204569531,14714.88010852032,14852.1884765625,17526034
2023-07-25,15332.767578125,15470.07594449627,14966.611934468285,15012.381389925373,27006640
2023-07-26,15309.8828125,15355.652267843796,15195.459174140507,15332.7675401719,16366776
2023-07-27,15149.6904296875,15309.883530907762,14966.61259972149,15264.114073416258,16256448
2023-07-28,15470.0771484375,15470.0771484375,15103.921476285132,15126.806205794655,21122440
2023-07-31,15698.923828125,15836.232199799562,15561.615456450438,15607.38491367529,15884148
2023-08-01,15561.6162109375,15836.232967601103,15561.6162109375,15836.232967601103,19449370
2023-08-02,15515.845703125,15607.3846158278,15447.191518597898,15515.845703125,11143140
2023-08-03,15332.767578125,15584.499583138992,15332.767578125,15561.614855410447,9415210
2023-08-04,15378.5380859375,15653.1548374721,15309.883898053851,15401.42281523205,26501100
2023-08-07,15721.80859375,15767.578051082604,15561.61549308588,15653.154407751092,12435852
2023-08-08,15561.6162109375,15790.463508157169,15538.731481215533,15744.694048713236,12900912
2023-08-09,15561.6162109375,15653.155129825367,15470.077292049633,15584.500940659467,10277250
2023-08-10,15332.767578125,15584.499583138992,15332.767578125,15561.614855410447,12552256
2023-08-11,15401.421875,15470.076058692424,15149.689868127783,15355.652419205053,11957422
2023-08-14,15470.0771484375,15470.0771484375,15309.88404187084,15447.192418927978,10237288
2023-08-15,15584.5,15744.693098384729,15492.9610866373,15515.845814977974,9305860
2023-08-16,16156.6181640625,16179.50289234021,15538.73050056436,15561.615228842067,34060220
2023-08-17,15882.001953125,16156.61870159402,15882.001953125,16156.61870159402,16117590
2023-08-18,14875.07421875,15813.348131009616,14852.189489182692,15813.348131009616,27139840
2023-08-21,14989.4970703125,15081.03598371899,14691.995601741412,14875.07342855439,11211844
2023-08-22,15149.6904296875,15149.6904296875,14600.456939789465,14989.49732846724,38778300
2023-08-23,15195.4599609375,15653.154538074172,15195.4599609375,15561.615622646836,19202726
2023-08-24,15470.0771484375,15538.73133696607,15286.999312361317,15332.768771380364,11792136
2023-08-25,15401.421875,15492.960786589896,15286.99823551263,15424.306602897474,10596480
2023-08-28,15561.6162109375,15607.385670381434,15378.538373161766,15492.9620217716,8167514
2023-08-29,15515.845703125,15676.038800354903,15447.191518597898,15561.6151594764,17774624
2023-08-30,15561.6162109375,15698.924589269302,15515.846751493566,15561.6162109375,8577008
2023-08-31,15790.462890625,15790.462890625,15607.385060009055,15607.385060009055,8243406
2023-09-05,16019.3095703125,16087.963754185268,15904.885930524551,15927.770658482144,91156160
2023-09-06,16110.849609375,16179.503798051315,15950.656502463602,16042.195420698688,15738820
2023-09-07,16362.58203125,16545.659872159093,16065.080539772727,16133.734730113638,18464034
2023-09-08,16179.50390625,16431.235933079915,16179.50390625,16408.351203368104,100977300
2023-09-11,15813.34765625,16293.926962735166,15767.578198489507,16293.926962735166,23651400
2023-09-12,16156.6181640625,16156.6181640625,15744.69305506374,15813.347239896866,41126500
2023-09-13,16019.3095703125,16225.272121930802,15950.655386439732,16202.387393973211,13075342
2023-09-14,15973.5400390625,16362.580412506715,15973.5400390625,16065.078950461138,15749512
2023-09-15,15973.5400390625,16248.156773258415,15973.5400390625,16065.078950461138,17338742
2023-09-18,15607.384765625,16019.309876741205,15561.61530883431,15950.655691555168,46833300
2023-09-19,15515.845703125,15721.808256706305,15470.0762467736,15698.923528530604,33281440
2023-09-20,15721.80859375,15790.462779748908,15492.961307086973,15515.846035753277,10440028
2023-09-21,15698.923828125,15790.462742574708,15561.615456450438,15721.808556737427,13999664
2023-09-22,15561.6162109375,15676.039859547334,15286.999454273897,15538.731481215533,25389180
2023-09-25,15012.3818359375,15653.154231373856,14989.497107529058,15561.61531774009,10305156
2023-09-26,14829.3037109375,15103.920446325232,14829.3037109375,15012.38153452932,12634598
2023-09-27,14920.8427734375,14920.8427734375,14760.649676176668,14760.649676176668,8001624
2023-09-28,15401.421875,15515.84551448737,14577.571670690935,14920.842589153046,13206762
2023-09-29,15401.421875,15424.306602897474,15149.689868127783,15332.767691307576,6190240
2023-10-02,15172.5751953125,15401.422483326263,15103.921008908372,15401.422483326263,16256404
2023-10-03,14875.07421875,15058.152055288465,14600.457463942308,15058.152055288465,17575800
2023-10-04,14760.650390625,14943.728224927325,14646.226744186046,14760.650390625,6039498
2023-10-05,14554.6865234375,14920.842159247248,14554.6865234375,14806.418523056702,13368200
2023-10-06,14669.111328125,14760.65024436915,14463.148766575663,14531.802953758775,8468002
2023-10-09,14691.99609375,14714.88082286799,14600.457177278038,14691.99609375,8904000
2023-10-10,14875.07421875,14943.728407451925,14760.650570913462,14783.53530048077,8899600
2023-10-11,14920.8427734375,14943.72750161762,14783.534404356787,14943.72750161762,10199400
2023-10-12,14875.07421875,15035.267325721155,14875.07421875,14966.61313701923,7308400
2023-10-13,14737.7646484375,14852.188287012325,14646.22573757764,14829.30355929736,5134200
2023-10-16,14554.6865234375,14783.533795818592,14554.6865234375,14669.110159628046,6473002
2023-10-17,14531.802734375,14737.76529281496,14531.802734375,14623.341649237203,7383800
2023-10-18,14302.955078125,14554.6870875,14188.5314375,14531.802359375,10734800
2023-10-19,14028.3388671875,14371.60980194739,14028.3388671875,14302.955614995411,9288200
2023-10-20,14234.30078125,14371.609148914791,13982.56877386455,14051.222957696946,8483200
2023-10-23,14142.76171875,14417.378451152912,13959.683897148056,14234.300629550971,15524800
2023-10-24,14348.724609375,14554.687163576556,14211.416239907296,14348.724609375,11528800
2023-10-25,14280.0712890625,14463.149126101762,14280.0712890625,14280.0712890625,4845600
2023-10-26,13639.2978515625,14165.646594156357,13364.681116296142,14096.992410339766,16604000
2023-10-27,13524.875,13913.915397631134,13318.912436548222,13730.837563451776,15112064
2023-10-30,12861.2177734375,13387.5665435248,12861.2177734375,13364.68181439057,26084800
2023-10-31,12678.1396484375,13044.295306154108,12449.292362364622,12906.98693451038,14292800
2023-11-01,12906.9873046875,13021.410951005651,12563.716365733046,12952.75676321476,9520600
2023-11-02,13433.3359375,13547.75958262351,13044.295544080069,13181.60391822828,9511800
2023-11-03,14188.5322265625,14188.5322265625,13524.875074029738,13707.95290921119,16245402
2023-11-06,14188.5322265625,14188.5322265625,13868.14601499496,14096.993308971774,7102802
2023-11-07,14005.4541015625,14165.647204031353,13936.799914790136,14005.4541015625,15020400
2023-11-08,14554.6865234375,14600.455977913718,13822.375251818004,14005.453069722877,8360800
2023-11-09,14417.37890625,14623.341462053571,14325.839992559524,14577.572005208332,8507000
2023-11-10,14211.4169921875,14417.379557291666,14051.22388599537,14280.071180555557,11308600
2023-11-13,14142.76171875,14325.839540351944,14028.338080248786,14325.839540351944,9664600
2023-11-14,14417.37890625,14531.802548363095,14142.76216517857,14257.185807291666,17727402
2023-11-15,14440.263671875,14737.7651421355,14417.378943393423,14646.226228209192,7343000
2023-11-16,14508.91796875,14554.68742606467,14417.379054120664,14417.379054120664,17575800
2023-11-17,14257.185546875,14623.341194948836,14051.222994833468,14508.917554925763,10855200
2023-11-20,14188.5322265625,14302.955873550907,13936.800203188004,13959.684932585686,19512800
2023-11-21,14096.9931640625,14348.72518484933,14096.9931640625,14348.72518484933,7944000
2023-11-22,14165.646484375,14188.531212136511,14028.338117805935,14142.76175661349,14572400
2023-11-23,13913.9150390625,14325.840155350534,13913.9150390625,14280.070697985197,11977204
2023-11-24,13753.7216796875,14005.453690463812,13479.1049406588,13891.030049201852,41065200
2023-11-27,13410.451171875,13707.952648384173,13410.451171875,13707.952648384173,6230340
2023-11-28,13707.9521484375,13707.9521484375,13181.603401502503,13410.45068277859,68507400
2023-11-29,13685.068359375,13868.146196958613,13547.759981187291,13685.068359375,7617400
2023-11-30,13501.990234375,13753.722255693856,13501.990234375,13616.413880429023,43003320
2023-12-01,13616.4140625,13662.183521533614,13433.336226365547,13547.75987394958,20060620
2023-12-04,13822.3759765625,13959.684347190603,13639.29814905836,13639.29814905836,47062000
2023-12-05,13753.7216796875,13868.14532094946,13685.067494930325,13845.260592697068,16107000
2023-12-06,13913.9150390625,13959.684496427835,13730.83720960115,13730.83720960115,73262000
2023-12-07,14119.8779296875,14211.416846573644,13868.145908250608,13982.569554358286,15788600
2023-12-08,14165.646484375,14188.531212136511,14005.453390044426,14119.87702885198,64160560
2023-12-11,14119.8779296875,14188.532117352108,14028.339012801358,14165.647388130572,12877000
2023-12-12,14211.4169921875,14211.4169921875,14074.108615451389,14119.878074363423,77335400
2023-12-13,13959.6845703125,14257.186044761782,13959.6845703125,14257.186044761782,15026000
2023-12-14,13982.5693359375,14119.877709121827,13982.5693359375,14096.992980257775,43614400
2023-12-15,14005.4541015625,14096.993017258988,13913.915185866012,13982.56937263838,4526200
2023-12-18,13753.7216796875,14028.338418716205,13753.7216796875,14005.453690463812,54014000
2023-12-19,14005.4541015625,14005.4541015625,13639.298438776554,13730.83735447304,4379000
2023-12-20,13891.0302734375,13982.569187924732,13799.491358950268,13868.145544815692,19060044
2023-12-21,14028.3388671875,14028.3388671875,13799.491577347571,13868.14576429955,5634168
2023-12-22,14005.4541015625,14096.993017258988,13936.799914790136,13959.684643714258,12224600
2023-12-25,14165.646484375,14188.531212136511,14005.453390044426,14096.99230109047,5185400
2023-12-26,14096.9931640625,14188.532080712255,14074.10843490006,14119.87789322494,9623916
2023-12-27,14119.8779296875,14257.186305016714,14119.8779296875,14119.8779296875,20991200
2023-12-28,14417.37890625,14486.033091517857,14142.76216517857,14142.76216517857,17428800
2023-12-29,14554.6865234375,14623.340705151828,14417.378160008844,14508.91706896128,9396400
2024-01-02,14691.99609375,14760.650281103972,14554.687719042056,14600.457177278038,19350202
2024-01-03,14920.8427734375,14920.8427734375,14577.571850735718,14600.456578915837,12231000
2024-01-04,15149.6904296875,15401.422445890768,14897.958413484232,14920.843142229984,24997800
2024-01-05,15195.4599609375,15286.998876364834,15103.921045510166,15149.690503223832,7139800
2024-01-08,15607.384765625,15630.269494020346,15264.113839694832,15332.768024880865,24867600
2024-01-09,15790.462890625,15790.462890625,15470.076687047102,15561.615602355072,15671000
2024-01-10,15744.693359375,15882.00173169513,15676.039173214936,15813.347545535064,14949600
2024-01-11,15630.26953125,15836.232087298682,15470.076432101025,15698.92371659956,21595000
2024-01-12,15859.1171875,15882.001916486292,15355.653149801588,15492.961523719336,23973600
2024-01-15,15698.923828125,15927.77111424927,15698.923828125,15882.001657024415,13896200
2024-01-16,15630.26953125,15653.154259699852,15470.076432101025,15607.384802800148,12925800
2024-01-17,15584.5,15859.116740088106,15561.615271659326,15630.269456681352,10232402
2024-01-18,15744.693359375,15836.232274255088,15584.500258334849,15676.039173214936,12470800
2024-01-19,15996.42578125,16087.964698453146,15790.463217542918,15836.232676144493,16596800
2024-01-22,15996.42578125,16156.618886355507,15882.002134746066,16156.618886355507,11511800
2024-01-23,16225.271484375,16477.003482016924,16202.386757316644,16248.156211433356,28445800
2024-01-24,16133.734375,16271.042752659574,16133.734375,16133.734375,8206000
2024-01-25,16019.3095703125,16133.733210100443,15973.54011439732,16133.733210100443,11194800
2024-01-26,16202.3876953125,16248.15715207892,16019.309868246824,16042.194596630032,7004400
2024-01-29,16133.734375,16316.812211879433,16110.84964539007,16225.273293439715,14418200
2024-01-30,16110.849609375,16133.734338933771,15882.002313787289,16065.080150257458,11647600
2024-01-31,15813.34765625,16133.733860573444,15744.69346960926,16110.849131693198,19666664
2024-02-01,15630.26953125,15859.116815748535,15561.615345900438,15767.57790194912,21848200
2024-02-02,15630.26953125,15767.57790194912,15561.615345900438,15561.615345900438,19470338
2024-02-05,16248.158203125,16477.005501760563,15744.694146126762,15767.578875990315,20177800
2024-02-06,16316.8115234375,16568.543538525595,16293.926794793128,16316.8115234375,8543800
2024-02-07,17072.0078125,17072.0078125,16385.465943364612,16385.465943364612,25044400
2024-02-15,17575.47265625,17827.204686482746,17140.66278584798,17163.54751586914,31937000
2024-02-16,17621.2421875,17712.781107954546,17346.625426136365,17621.2421875,16837660
2024-02-19,17804.318359375,17872.972543280044,17598.355807659864,17644.12526359656,33588600
2024-02-20,17804.318359375,17850.087815311697,17621.240535628214,17758.548903438303,24592400
2024-02-21,17850.087890625,18010.280987079324,17667.01006610577,17735.66425030048,30572400
2024-02-22,18445.091796875,18467.97652615152,17827.204106408964,17850.088835685485,25506400
2024-02-23,18353.552734375,19383.36554366038,18307.78327618454,18651.054212613,50857200
2024-02-26,18857.015625,18994.323991201454,18399.321070995145,18399.321070995145,25951600
2024-02-27,19200.287109375,19200.287109375,18765.477270187723,18948.555097213943,19690002
2024-02-28,19314.7109375,19383.3651232968,19017.209465713862,19246.0567517032,16835200
2024-02-29,19314.7109375,19429.13458049467,18925.67055131813,19429.13458049467,25026200
2024-03-01,19154.517578125,19154.517578125,18879.900838653677,19085.86339325717,25380200
2024-03-04,19154.517578125,19314.71067614994,18925.67029523223,19108.748121546447,18963600
2024-03-05,19314.7109375,19314.7109375,18948.555279917065,19131.63310870853,17091000
2024-03-06,19566.443359375,19909.714295504386,19131.633506944447,19246.057152320907,22334800
2024-03-07,19497.787109375,19818.173282533746,19406.248202758212,19612.21074264598,15973200
2024-03-08,18765.478515625,19497.78987233232,18765.478515625,19429.135682641005,45374600
2024-03-11,18490.859375,18857.01500618812,18262.012105507427,18719.706644492573,22763200
2024-03-12,18857.015625,18902.785080400485,18353.55161559466,18467.975254095876,17754200
2024-03-13,19223.171875,19223.171875,18742.592578125,18857.016220238096,40743600
2024-03-14,18948.556640625,19268.94286401721,18879.902449898094,19268.94286401721,15691000
2024-03-15,18948.556640625,19062.980291836506,18490.862035778984,18879.902449898094,15081600
2024-03-18,18353.552734375,18857.016774470078,18033.16652704177,18857.016774470078,31286200
2024-03-19,18445.091796875,18490.86125542804,18124.70558700372,18399.322338321963,11887800
2024-03-20,19360.48046875,19429.1346548094,18330.667677859044,18490.860778664304,36474600
2024-03-21,20642.025390625,20642.025390625,19497.788949902995,19497.788949902995,39270200
2024-03-22,20550.486328125,20825.10307193068,20161.445941066955,20825.10307193068,28426400
2024-03-25,20504.716796875,21237.02811104911,20207.21532549177,20870.872453962053,30771800
2024-03-26,21031.06640625,21145.49005372688,20367.409250884117,20504.717627856367,21044040
2024-03-27,20847.98828125,21145.489760565317,20642.02571864709,21145.489760565317,11962200
2024-03-28,21969.33984375,22289.72604980469,21832.031469726564,22289.72604980469,62190200
2024-03-29,21763.375,22037.991719242906,21763.375,21946.4528128286,18092200
2024-04-01,21717.607421875,21832.031064772127,21442.99067892189,21763.37687903385,22362000
2024-04-02,21809.146484375,21969.33958551941,21511.64501082109,21786.261755640084,57887540
2024-04-03,21420.10546875,21946.454214242785,21420.10546875,21694.722205528844,29857400
2024-04-04,21053.94921875,21397.22012992527,21031.064491338315,21282.796492866848,22165420
2024-04-05,20687.794921875,21008.181126417312,20664.91019297912,20825.10329525028,28771200
2024-04-08,20825.103515625,20985.296619591347,20550.48676596841,20596.256224244506,21378800
2024-04-09,20962.412109375,20962.412109375,20687.79535685044,20825.10373311272,11468400
2024-04-10,20893.7578125,21420.10658543264,20870.87308324206,21053.95091730559,15725800
2024-04-11,20642.025390625,20893.75740758384,20573.37120418168,20619.14066181056,28750400
2024-04-12,21694.72265625,21717.607384790343,20642.02514339399,20802.218243176423,28684600
2024-04-15,20321.640625,21717.60918144707,20230.10170326577,21603.18552927928,32441600
2024-04-16,20825.103515625,20825.103515625,20230.10055803572,20573.371495106458,31543600
2024-04-17,20527.6015625,20870.872491638795,20436.062648062987,20825.10303442029,18406000
2024-04-19,20367.408203125,20436.062388079357,19841.059451808287,20138.560919943822,30254800
2024-04-22,20710.6796875,20916.642247928172,20550.486584944752,20756.449145372928,14132600
2024-04-23,21145.490234375,21740.49320633793,20825.10401870265,20825.10401870265,32925800
2024-04-24,21511.64453125,21534.529259474737,21237.027792553192,21420.105618351063,21691660
2024-04-25,21122.603515625,21511.6438837351,20962.41042287378,21511.6438837351,18471192
2024-04-26,21328.568359375,21465.87673937097,20893.75848938774,21053.951599383046,21072780
2024-05-02,21442.990234375,21488.75969058498,21214.142953325107,21420.10550627001,9015400
2024-05-03,22060.87890625,22335.495656120333,21694.723239756226,21740.49269806795,29359120
2024-05-06,22129.53125,22289.72434074457,21923.56870475698,22198.185431747672,26755000
2024-05-07,21923.5703125,22129.53287284708,21832.03139679019,22129.53287284708,20683600
2024-05-08,22060.87890625,22518.57348936722,21648.953781444503,21923.57053131484,30772600
2024-05-09,22175.302734375,22381.26529847136,21877.801252902475,22243.95692240712,22070460
2024-05-10,22198.185546875,22335.493911082474,21923.56881846005,22335.493911082474,15958600
2024-05-13,22152.41796875,22266.8416152828,21969.34013429752,22198.18742736312,25289600
2024-05-14,21923.5703125,22175.302330701983,21900.685583572547,22175.302330701983,17671600
2024-05-15,22015.109375,22037.99410408004,21854.91627143971,21923.570458679835,20052200
2024-05-16,22838.958984375,22861.84371281626,22152.417131137277,22198.18658801979,42726200
2024-05-17,22770.306640625,22884.730292085427,22724.537180040832,22770.306640625,13221500
2024-05-20,22747.419921875,23113.575574540995,22678.765737000125,22861.843563333125,22899200
2024-05-21,22990.96875,23478.06554555085,22917.904230667373,23429.355865995763,38247000
2024-05-22,22601.291015625,23137.09748366784,22576.93617616851,23015.323286385374,30711800
2024-05-23,22650.0,22723.064516129038,22333.387096774197,22552.58064516129,14477800
2024-05-24,22601.291015625,23015.323286385374,22309.03294214709,22479.516818342538,43507200
2024-05-27,22650.0,22698.70967741936,22406.451612903227,22601.290322580648,10155400
2024-05-28,22844.83984375,22869.19468366871,22552.58176472548,22650.00112440032,12029800
2024-05-29,22650.0,22917.90322580645,22601.290322580648,22893.548387096776,14617200
2024-05-30,22796.12890625,22796.12890625,22333.386973323984,22430.8063276242,15283402
2024-05-31,22893.548828125,22893.548828125,22552.58107962101,22796.12947140957,15908400
2024-06-03,22966.61328125,23234.516511466067,22942.25844213945,23137.09715502386,24582000
2024-06-04,23185.806640625,23283.22599625788,22893.54857372637,23137.09696280856,24478000
2024-06-05,23137.09765625,23258.87185444079,22990.96861842105,23234.51701480263,25862200
2024-06-06,23380.646484375,23380.646484375,22990.96904296875,23161.452923583984,26557200
2024-06-07,23916.453125,24208.71120799389,23721.614403004078,23867.74344450102,37687400
2024-06-10,23819.033203125,24111.291279236964,23551.129966689037,24111.291279236964,22350800
2024-06-11,24038.2265625,24281.77495725684,23940.807204597266,24111.29108092705,33371200
2024-06-12,24062.58203125,24111.2917114752,23867.74331034919,24038.2271911374,27645920
2024-06-13,24062.58203125,24160.001391700403,24013.8723510248,24111.2917114752,17349800
2024-06-14,23916.453125,24135.64668724542,23916.453125,24111.29184699593,19663400
2024-06-17,23672.904296875,23892.0978551794,23624.1946172518,23892.0978551794,27092400
2024-06-18,23770.322265625,23916.451295946463,23478.064204982067,23672.90291207736,88774600
2024-06-19,23526.775390625,23867.74314990942,23453.710870778337,23867.74314990942,64524600
2024-06-20,24160.0,24500.967741935485,23867.74193548387,23916.451612903227,36583800
2024-06-21,23867.7421875,24306.12928890306,23575.48411989796,24306.12928890306,11686300
2024-06-24,23331.935546875,23867.74199993476,22990.96780401879,23867.74199993476,14634100
2024-06-25,23380.646484375,23380.646484375,22796.130322265624,23331.93680419922,12095000
2024-06-26,23380.646484375,23380.646484375,22942.259362792967,23331.93680419922,58321500
2024-06-27,22844.83984375,23088.3882429371,22747.42048407516,23039.67856309968,32338200
2024-06-28,22747.419921875,22893.548957775696,21919.35538510439,22844.83927914213,27544500
2024-07-01,22065.484375,22503.87148178808,22065.484375,22503.87148178808,9512800
2024-07-02,22309.033203125,22601.29128002184,22065.48480571097,22260.3235236422,9248300
2024-07-03,22893.548828125,22942.258506482714,22309.032687832445,22357.74236619016,10183800
2024-07-04,22893.548828125,22942.258506482714,22698.71011469415,22893.548828125,5683100
2024-07-05,22893.548828125,22893.548828125,22601.290757978724,22747.41979305186,8952700
2024-07-08,22844.83984375,22893.549523587422,22503.872084888066,22893.549523587422,7543600
2024-07-09,22747.419921875,22893.548957775696,22650.00056460787,22698.71024324144,11389200
2024-07-10,22552.58203125,22844.8401137284,22503.872350836933,22796.13043331533,10290600
2024-07-11,22211.61328125,22747.41974198191,22211.61328125,22552.581028988487,15569800
2024-07-12,22211.61328125,22406.451994243424,22211.61328125,22260.32295949836,6743800
2024-07-15,22065.484375,22309.032767660046,22016.774696467997,22260.32308912804,6070600
2024-07-16,22114.193359375,22260.322390384084,21968.06432836592,22065.48368237197,12585900
2024-07-17,23088.38671875,23575.483484968358,22211.61253955696,22260.3222161788,30471410
2024-07-18,23088.38671875,23234.515748615504,22698.709305775315,23088.38671875,14816300
2024-07-19,22796.12890625,23137.09664630075,22503.87084334936,23137.09664630075,14242100
2024-07-22,23039.677734375,23185.80676863108,22406.451919265328,22698.709987777485,14972100
2024-07-23,22455.162109375,23185.80729731562,22406.45243017896,23185.80729731562,14771200
2024-07-24,22406.453125,22601.291847826087,22260.324082880437,22260.324082880437,11077000
2024-07-25,22162.904296875,22309.03333619505,21968.065577781595,22260.323656421704,10033700
2024-07-26,22162.904296875,22260.323656421704,22016.775257554946,22114.19461710165,6956500
2024-07-29,22162.904296875,22357.743015968408,22162.904296875,22260.323656421704,6236701
2024-07-30,22357.7421875,22357.7421875,22016.77444172113,22114.193797657957,7473500
2024-07-31,22650.0,22747.419354838712,22357.74193548387,22406.451612903227,15112900
2024-08-01,22406.453125,22650.001528532608,21968.065998641305,22601.291847826087,15387400
2024-08-02,22893.548828125,22893.548828125,21968.06493932846,21968.06493932846,14275300
2024-08-05,21724.517578125,22406.453107483183,21724.517578125,22406.453107483183,16860500
2024-08-06,21724.517578125,22016.77566213565,21480.96917478279,21821.93693946188,25516500
2024-08-07,21237.419921875,21821.93606651376,21188.710243155103,21821.93606651376,21275700
2024-08-08,20311.935546875,21091.290388002097,20214.516191734117,21042.580710431652,41503400
2024-08-09,20555.484375,20750.323089454974,20458.065017772515,20458.065017772515,15115100
2024-08-12,20701.61328125,20701.61328125,20458.06488970588,20652.903602941176,10900200
2024-08-13,20458.064453125,20652.90316220238,20360.64509858631,20652.90316220238,12411700
2024-08-14,20652.904296875,20750.32365676592,20360.64621720224,20506.77525703862,21044400
2024-08-15,20604.193359375,20652.90303634752,20409.35465148493,20652.90303634752,10972200
2024-08-16,20896.451171875,20993.870524657632,20506.77376074446,20604.193113527097,23458600
2024-08-19,21334.83984375,21383.549523758564,20847.743043664384,20993.87208369007,15738900
2024-08-20,21286.12890625,21480.96761477403,21237.419229118997,21383.548260512016,12809000
2024-08-21,21432.2578125,21529.67716619318,20993.87072088068,21139.99975142045,24738300
2024-08-22,21773.2265625,22065.48463716443,21432.258808724837,21432.258808724837,28967900
2024-08-23,21821.935546875,21919.35490199498,21627.096836635046,21773.22586931501,27522100
2024-08-26,21919.35546875,22065.484505208333,21821.93611111111,21919.35546875,22585600
2024-08-28,22406.453125,22552.582167119566,22016.775679347826,22114.19504076087,24136000
2024-08-29,22406.453125,22650.001528532608,22406.453125,22406.453125,16888300
2024-08-30,22747.419921875,22747.419921875,22406.452171440043,22406.452171440043,13445500
2024-09-04,22406.453125,22650.001528532608,22260.324082880437,22455.16280570652,13719600
2024-09-05,22211.61328125,22455.161672491777,22114.19392475329,22309.03263774671,13972600
2024-09-06,22211.61328125,22357.742315995067,22065.484246504933,22211.61328125,13500400
2024-09-09,22065.484375,22260.32308912804,22016.774696467997,22114.19405353201,17151500
2024-09-10,21675.806640625,22162.90341906601,21627.0969627809,22114.19374122191,15470100
2024-09-11,21529.677734375,21675.80676877121,21383.54869997879,21578.38741250707,28373100
2024-09-12,21724.517578125,21821.93693946188,21578.388536119677,21724.517578125,10882900
2024-09-13,21627.09765625,21773.226694467907,21578.38797684403,21724.517015061934,10203800
2024-09-16,21627.09765625,22114.19445030969,21627.09765625,21627.09765625,16263300
2024-09-17,22162.904296875,22162.904296875,21578.38813959478,21578.38813959478,11705510
2024-09-18,22406.453125,22503.872486413045,22114.19504076087,22162.904721467392,38316600
2024-09-19,22601.291015625,22601.291015625,22309.03294214709,22601.291015625,14032600
2024-09-20,22942.2578125,23088.386843152868,22698.70942807856,22698.70942807856,30615100
2024-09-23,22747.419921875,23137.097350943524,22747.419921875,22942.25863640926,15699000
2024-09-24,22942.2578125,22990.96748938429,22698.70942807856,22698.70942807856,19034500
2024-09-25,23185.806640625,23331.93567407432,22990.96792935924,23137.09696280856,35846800
2024-09-26,23478.064453125,23770.32251685685,23039.67735752723,23185.806389393158,36214900
2024-09-27,23575.484375,23721.61341038223,23429.355339617767,23575.484375,16900100
2024-09-30,23575.484375,23721.61341038223,23331.93598269628,23526.77469653925,21749800
2024-10-01,24013.87109375,24160.00012677485,23526.77431700051,23575.48399467546,42036400
2024-10-02,24257.419921875,24500.96831466491,23721.6134577372,23916.45217196913,30542200
2024-10-03,23721.61328125,24549.677810574947,23721.61328125,24306.129419597022,29754600
2024-10-04,23429.35546875,23819.03289858368,23429.35546875,23721.61354112526,21449400
2024-10-07,23526.775390625,23721.6141102161,23380.64635093168,23624.19475042055,12863900
2024-10-08,23770.322265625,23965.160972720285,23575.48355852971,23575.48355852971,16248500
2024-10-09,24013.87109375,24111.2904490999,23672.90335002536,23770.322705375256,22177200
2024-10-10,23916.453125,24354.84024949084,23916.453125,24257.420888492878,18247800
2024-10-11,23819.033203125,23965.162241180984,23624.194485717027,23916.452561828988,13916200
2024-10-14,23721.61328125,23965.161672227925,23721.61328125,23916.45199403234,13123500
2024-10-15,23624.193359375,23965.161098582477,23526.77400531572,23721.61271343428,14676800
2024-10-16,23575.484375,23672.903731921488,23478.065018078512,23575.484375,15668700
2024-10-17,23721.61328125,23770.322959445584,23478.064890272075,23575.484246663244,9452800
2024-10-18,23819.033203125,24160.00095858896,23770.323523773008,23819.033203125,15574700
2024-10-21,23526.775390625,23867.74314990942,23478.065710727227,23819.033470011647,13585000
2024-10-22,23575.484375,23770.32308884297,23380.645661157025,23575.484375,19789300
2024-10-23,23575.484375,23672.903731921488,23137.097268853304,23575.484375,20381400
2024-10-24,23039.677734375,23575.484193313958,22942.25837820428,23526.774515228597,17222800
2024-10-25,22893.548828125,23234.51657662899,22796.12947140957,23137.097219913565,18284200
2024-10-28,23039.677734375,23088.38741246036,22844.839022033564,22893.54870011892,7160103
2024-10-29,23137.09765625,23234.51701480263,23088.38797697368,23088.38797697368,6629901
2024-10-31,23283.2265625,23478.065278504186,23234.516883498956,23380.64592050209,8621601
2024-11-01,23088.38671875,23380.64477848101,23088.38671875,23234.515748615504,15280800
2024-11-04,22844.83984375,23137.097922774523,22796.13016391258,23137.097922774523,16960100
2024-11-06,23283.2265625,23429.35559950314,22990.968488493723,22990.968488493723,18270200
2024-11-07,23234.517578125,23526.775660868712,23234.517578125,23526.775660868712,8695800
2024-11-08,22990.96875,23380.64618644068,22844.839711334746,23380.64618644068,13220800
2024-11-11,22601.291015625,23088.38780475485,22455.161978886048,23088.38780475485,26301300
2024-11-12,22455.162109375,22796.12986374729,22309.03307178688,22796.12986374729,22626100
2024-11-13,22552.58203125,22552.58203125,22114.1949075324,22406.4529900108,16466900
2024-11-14,22211.61328125,22455.161672491777,22162.903603001647,22406.451994243424,9866600
2024-11-15,21870.646484375,22211.61424693764,21821.936804008907,22211.61424693764,15154100
2024-11-18,21870.646484375,22114.194886205456,21627.098082544544,21821.936804008907,12312400
2024-11-19,21821.935546875,21968.064579554968,21627.096836635046,21968.064579554968,8502100
2024-11-20,22260.322265625,22260.322265625,21675.806144864608,21724.51582159464,10279500
2024-11-21,22601.291015625,22601.291015625,22016.77486866918,22211.613584321123,11574400
2024-11-22,22893.548828125,22942.258506482714,22552.58107962101,22601.290757978724,33053600
2024-11-25,22893.548828125,22990.968184840425,22796.12947140957,22893.548828125,11738600
2024-11-26,22942.2578125,23088.386843152868,22844.838458731425,22893.54813561571,14264400
2024-11-27,22893.548828125,22990.968184840425,22747.41979305186,22893.548828125,9728200
2024-11-28,22990.96875,23088.38810911017,22796.13003177966,23039.67842955509,9790900
2024-11-29,22990.96875,22990.96875,22747.420352224577,22893.54939088983,10974400
2024-12-02,23039.677734375,23088.38741246036,22796.129343948203,23088.38741246036,7071301
2024-12-03,23039.677734375,23137.09709054572,22844.839022033564,23039.677734375,10358700
2024-12-04,22844.83984375,22990.96888326226,22796.13016391258,22844.83984375,8491302
2024-12-05,23575.484375,23575.484375,22747.419841167357,22844.83919808884,17651200
2024-12-06,23526.775390625,23624.19475042055,23331.9366710339,23575.485070522773,17444760
2024-12-09,23526.775390625,23672.90443031832,23331.9366710339,23478.065710727227,8318200
2024-12-10,23429.35546875,23575.48450493763,23380.64579002079,23429.35546875,8221400
2024-12-11,23526.775390625,23672.90443031832,23380.64635093168,23429.35603082945,10641200
2024-12-12,23624.193359375,23867.741744523195,23526.77400531572,23575.48368234536,18554600
2024-12-13,23721.61328125,23916.45199403234,23478.064890272075,23672.903603054416,15732500
2024-12-16,23672.904296875,23770.3236561214,23478.0655783822,23672.904296875,13385140
2024-12-17,23575.484375,23770.32308884297,23526.77469653925,23770.32308884297,19221400
2024-12-18,23575.484375,23672.903731921488,23478.065018078512,23624.194053460746,30364010
2024-12-19,23137.09765625,23429.355731907894,23137.09765625,23380.64605263158,18864390
2024-12-20,23185.806640625,23331.93567407432,23185.806640625,23234.51631844144,9341750
2024-12-23,23283.2265625,23429.35559950314,23185.80720449791,23380.64592050209,7902800
2024-12-24,23380.646484375,23429.35616455078,23185.807763671877,23429.35616455078,10919380
2024-12-25,23819.033203125,24257.420317292945,23331.936409605063,23380.64608895705,22484760
2024-12-26,23721.61328125,23916.45199403234,23672.903603054416,23867.74231583676,16412350
2024-12-27,23965.162109375,24257.42018387957,23819.033072122715,23867.74275120681,17282850
2024-12-30,23770.322265625,24111.29000304175,23721.612588851174,24111.29000304175,17581200
2024-12-31,24013.87109375,24013.87109375,23721.613027700307,23721.613027700307,12111500
2025-01-02,23721.61328125,24062.581028619097,23672.903603054416,24013.871350423517,12334500
2025-01-03,22990.96875,23721.613943326272,22990.96875,23721.613943326272,24408400
2025-01-06,22990.96875,23234.517147775423,22893.54939088983,22990.96875,8175100
2025-01-07,23039.677734375,23283.2261248018,22942.25837820428,23283.2261248018,8254000
2025-01-08,23331.935546875,23672.90328973121,23039.67748156968,23185.80651422234,12801000
2025-01-09,23331.935546875,23429.35490197677,23137.09683667145,23429.35490197677,6159600
2025-01-10,22796.12890625,23380.64503205128,22796.12890625,23380.64503205128,6657100
2025-01-13,23185.806640625,23185.806640625,22552.58082901129,22601.29050682773,8004200
2025-01-14,22990.96875,23137.09778866525,22893.54939088983,22942.259070444918,5054100
2025-01-15,23088.38671875,23283.225425237342,23039.67704212816,23185.80607199367,7076900
2025-01-16,23234.517578125,23331.93693903957,22990.96917583857,23234.517578125,8713000
2025-01-17,23770.322265625,23770.322265625,23137.09646756532,23234.51582111296,10306550
2025-01-20,23770.322265625,23867.741619172644,23624.193235303534,23770.322265625,13279000
2025-01-21,23575.484375,23867.742445764463,23526.77469653925,23770.32308884297,8439900
2025-01-22,23575.484375,23819.03276730372,23526.77469653925,23819.03276730372,13909200
2025-01-23,23965.162109375,24208.71050479548,23624.19435578633,23721.613713954524,27232000
2025-01-24,24111.291015625,24208.71037326389,24013.87165798611,24160.000694444447,11330500
2025-02-03,23624.193359375,24062.580452641752,23624.193359375,23867.741744523195,12611800
2025-02-04,24013.87109375,24062.58077142495,23672.90335002536,23721.613027700307,20245600
2025-02-05,24062.58203125,24257.42075215081,23916.45299057439,24208.711071925605,9819701
2025-02-06,24549.677734375,24841.93580264137,24160.00031001984,24257.419666108628,40507800
2025-02-07,25085.484375,25134.19405339806,24549.67791262136,24793.22630461165,26974880
2025-02-10,25085.484375,25572.58115898058,24793.22630461165,25085.484375,30082900
2025-02-11,25231.61328125,25475.16167199566,25085.484246802607,25426.451993846524,16412900
2025-02-12,25036.775390625,25329.033469114784,25036.775390625,25329.033469114784,12339500
2025-02-13,25280.322265625,25329.03194243738,24890.64485112596,24939.354527938343,12877400
2025-02-14,25329.033203125,25523.87192007212,25231.61384465144,25426.45256159856,12855600
2025-02-17,25036.775390625,25426.452828611385,25036.775390625,25329.033469114784,13942340
2025-02-18,25182.904296875,25426.45269433027,24988.065578910784,25036.77525840184,10805020
2025-02-19,25426.453125,25475.16280531609,25134.19504310345,25280.324084051725,15212400
2025-02-20,25864.83984375,25913.54952330509,25377.74304819915,25523.872086864405,24481100
2025-02-21,25816.12890625,25913.548260613206,25718.70955188679,25913.548260613206,24224900
2025-02-24,25816.12890625,25962.25793779481,25621.290197523584,25718.70955188679,23272700
2025-02-25,25718.7109375,26108.38837594697,25670.00125769413,25913.549656723488,14496400
2025-02-26,25621.291015625,25864.839409309647,25621.291015625,25718.71037309886,15262600
2025-02-27,25572.58203125,25718.71107142857,25329.03363095238,25718.71107142857,17004700
2025-02-28,25426.453125,25621.29184626437,25377.743444683907,25572.582165948275,16188500
2025-03-03,25426.453125,25621.29184626437,25377.743444683907,25475.16280531609,45526000
2025-03-04,26790.32421875,26839.03389914773,25329.03380681818,25426.45316761364,59243100
2025-03-05,26595.484375,26887.742445054944,26595.484375,26790.32308836996,17520400
2025-03-06,26985.162109375,26985.162109375,26644.19435709048,26741.613714886054,18892900
2025-03-07,27033.87109375,27180.000126689192,26741.613027871623,26985.161416103605,15454800
2025-03-10,27082.58203125,27569.6788303732,26985.16267142536,27033.87235133768,16470900
2025-03-11,27277.419921875,27277.419921875,26741.613459123884,26790.32313755581,15632000
2025-03-12,27131.291015625,27520.9684449338,27082.5813369614,27374.839408943,14776100
2025-03-13,26595.484375,27082.58115842491,26546.77469665751,27082.58115842491,20519000
2025-03-14,26595.484375,26692.903731684983,26400.645661630035,26400.645661630035,20697700
2025-03-17,26741.61328125,26741.61328125,26449.35521260246,26644.193925034157,23393410
2025-03-18,26692.904296875,26887.74301437044,26595.48493812728,26790.32365562272,12435800
2025-03-19,26546.775390625,26644.19474985665,26449.35603139335,26595.485070240826,41831300
2025-03-20,26741.61328125,26839.032637465847,26400.64553449453,26790.322959357924,19811200
2025-03-21,26644.193359375,26839.032067670247,26595.48368230119,26644.193359375,9396202
2025-03-24,27277.419921875,27472.25863560268,26498.06506696429,26644.194102260048,24585400
2025-03-25,27180.0,27472.25806451613,27131.290322580648,27374.83870967742,17748810
2025-03-26,27277.419921875,27764.5167061942,27082.581208147323,27180.000565011163,25004900
2025-03-27,27033.87109375,27423.54851492117,27033.87109375,27277.419481981982,11907780
2025-03-28,26839.033203125,27082.58159879764,26741.613844855947,27033.871919663117,15763600
2025-03-31,26790.32421875,26790.32421875,26498.066136363635,26692.904857954545,20298500
2025-04-01,27228.7109375,27277.420617173524,26692.90446109123,26790.32382043828,12074500
2025-04-02,27180.0,27423.548387096776,27131.290322580648,27277.419354838712,17556500
2025-04-03,25280.322265625,26498.06418593449,25280.322265625,26254.515801872592,64088500
2025-04-04,25036.775390625,25085.485070373292,23526.77531842777,23526.77531842777,62464700
2025-04-08,23331.935546875,24354.838775443637,23331.935546875,24354.838775443637,35039200
2025-04-09,22990.96875,24257.420418432204,21724.5170815678,21724.5170815678,42662800
2025-04-10,24598.388671875,24598.388671875,24598.388671875,24598.388671875,5529900
2025-04-11,25913.548828125,25913.548828125,24939.355263157897,25816.12947162829,56656620
2025-04-14,25864.83984375,26010.96888241525,25426.45272775424,25913.54952330509,24747100
2025-04-15,25329.033203125,25670.000957782453,25134.194486177887,25377.742882361777,24536300
2025-04-16,25134.193359375,25767.41916106468,25085.48368232195,25475.161098746365,22388500
2025-04-17,25329.033203125,25329.033203125,24890.646089993992,24939.35576923077,15875300
2025-04-18,25329.033203125,25816.12999549279,25329.033203125,25816.12999549279,18104900
2025-04-21,25085.484375,25621.29083737864,24939.355339805825,25329.03276699029,12337500
2025-04-22,24500.96875,24988.065544234592,23331.936443836978,24598.38810884692,35079800
2025-04-23,25426.453125,25621.29184626437,24500.96919899425,25085.48536278736,20399100
2025-04-24,25085.484375,25426.45212378641,25036.774696601944,25329.03276699029,21453400
2025-04-25,25280.322265625,25377.74161924976,24744.515820688823,25280.322265625,29050500
2025-04-28,25329.033203125,25426.45256159856,25134.194486177887,25329.033203125,30189400
2025-04-29,25621.291015625,25913.549088046577,25329.032943203423,25329.032943203423,26803000
2025-05-05,25816.12890625,25962.25793779481,25475.16116597877,25962.25793779481,13517840
2025-05-06,26157.09765625,26498.065409683422,25718.710544692734,25816.12990281657,24730960
2025-05-07,26303.2265625,26400.64592013889,25913.549131944445,26157.097526041667,16994050
2025-05-08,26692.904296875,26741.61397624886,26157.097823762542,26303.226861884123,18614500
2025-05-09,26887.7421875,27277.419610507248,26546.77444236866,26595.484120244568,19677800
2025-05-12,28641.291015625,28690.000694223,26887.742586096934,26936.45226469494,59207230
2025-05-13,28641.291015625,28933.54908721301,28397.74262263499,28738.710372821,28515330
2025-05-14,29079.677734375,29712.90354768635,28543.871276957707,28592.580954904734,21172990
2025-05-15,29128.388671875,29420.64675219481,28787.42091150188,29128.388671875,20151310
2025-05-16,28690.0,29128.387096774197,28495.161290322583,29128.387096774197,23149630
2025-05-19,28738.7109375,29177.098053495763,28349.033501059323,28446.45286016949,22142420
2025-05-20,30151.291015625,30297.42005124192,28738.710337994748,28738.710337994748,50869920
2025-05-21,30102.58203125,30589.678827872165,29907.74331260113,30200.00139057443,25144240
2025-05-22,29712.904296875,30394.83980532787,29518.06558017418,29859.03333440061,30662740
2025-05-23,29371.935546875,29810.322644589556,29030.96780420813,29761.612967065717,30872620
2025-05-26,29566.775390625,29566.775390625,28738.71084096993,29371.936673059103,32849880
2025-05-27,29810.32421875,30443.55005999796,29566.775818270016,29810.32421875,23409090
2025-05-28,29712.904296875,30005.162371926228,29469.355900998977,29907.74301357582,19391070
2025-05-29,30005.162109375,30005.162109375,29518.065321885148,29712.90403688109,19549890
2025-05-30,29664.193359375,30005.16109913793,29664.193359375,30005.16109913793,10871060
2025-06-02,30053.87109375,30151.29044899716,29420.64528464344,29615.483995137765,14370610
2025-06-03,30784.517578125,31076.77565639834,30102.58206215388,30102.58206215388,24094820
2025-06-04,30540.96875,30881.936503189798,30394.839712918663,30881.936503189798,17248990
2025-06-05,30297.419921875,30784.516705184888,30248.710243544014,30540.968313529946,16058920
2025-06-06,29518.064453125,30199.99993554043,29518.064453125,30199.99993554043,30236360
2025-06-09,28982.259765625,29664.19528952206,28982.259765625,29518.066248686973,21609700
2025-06-10,29274.517578125,29712.904696599417,29079.67885880304,29177.09821846402,17066400
2025-06-11,29323.2265625,29566.774955876244,29177.09752647425,29566.774955876244,7730570
2025-06-12,30151.291015625,30346.129729780896,29469.35551607936,29566.77487315731,25661360
2025-06-13,30394.83984375,30687.097919170672,29712.904334435098,29907.74305138221,30218430
2025-06-16,31466.453125,31515.16280476006,30151.29177147833,30200.00145123839,27114170
2025-06-17,31563.87109375,31758.70980420525,31222.90335045332,31710.00012659144,39773350
2025-06-18,31953.548828125,32489.355287133192,31369.032691025157,31563.871403391768,26925830
2025-06-19,33122.58203125,33122.58203125,31953.549724264707,31953.549724264707,25189970
2025-06-20,33122.58203125,33950.64658203125,33025.16267233456,33317.420749080884,23312960
2025-06-23,32927.7421875,33122.58089866864,32538.06476516272,32732.90347633136,22712170
2025-06-24,33122.58203125,33853.22722311581,32830.32395450368,33171.29171070772,33673640
2025-06-25,32927.7421875,33366.12928762944,32927.7421875,33268.70993204512,35585270
2025-06-26,33171.29296875,33560.970419190526,32927.74456222467,33122.58328744493,31822080
2025-06-27,33073.87109375,33366.129159379605,32976.451738540134,33220.0001265648,20739810
2025-06-30,33317.421875,33804.51868603801,33122.5831505848,33220.0025127924,17436530
2025-07-01,33512.2578125,33658.38684365916,33171.290073128635,33317.419104287794,24758790
2025-07-02,34096.7734375,34194.19279017857,33560.96699776786,33609.67667410714,33644690
2025-07-03,33950.64453125,34389.03161988881,33901.93485473458,34242.90259034254,32348620
2025-07-04,34048.06640625,34096.77608637339,33755.80832550966,33950.64704600322,12519490
2025-07-07,34389.03125,34535.1602779745,34194.19254603399,34291.611898017,15621910
2025-07-08,34389.03125,34632.57962995751,34194.19254603399,34389.03125,29726400
2025-07-09,33999.35546875,34681.29096525788,33804.516755462035,34535.161930291906,35398640
2025-07-10,33901.9375,34096.776221264365,33755.808459051725,33999.356860632186,16362740
2025-07-11,34048.06640625,34583.8728876073,33901.93736587983,33901.93736587983,21728560
2025-07-14,34194.1953125,34194.1953125,33414.84043358262,34048.06627270299,21280640
2025-07-15,33901.9375,34827.42142600575,33901.9375,34242.90526221264,26857680
2025-07-16,34340.32421875,34535.16293772163,33707.0983820922,33901.93710106383,26131970
2025-07-17,34242.90234375,34681.28942923187,34194.19266758535,34486.45072457326,18369700
2025-07-18,35314.515625,35558.06400862069,34145.48338362069,34242.902737068966,38505770
2025-07-21,34535.1640625,35558.06737041608,34437.74469984133,35363.22864509873,25047380
2025-07-22,34437.7421875,34535.161543051625,33999.35508751768,34242.90347639675,28701000
2025-07-23,34096.7734375,34535.16052455357,33999.354084821425,34486.450848214285,28792740
2025-07-24,34145.484375,34681.290834522115,34048.06501872325,34145.484375,19490550
2025-07-25,34291.61328125,34291.61328125,34048.0648914684,34194.19392533736,19158720
2025-07-28,34681.29296875,34924.84137442942,34291.61551966292,34340.325200798805,33735460
2025-07-29,33025.1640625,34827.422278300146,33025.1640625,34827.422278300146,59504810
2025-07-30,33609.6796875,33707.09904891304,32830.32479619565,33268.71192255435,33707260
2025-07-31,33122.58203125,34096.77562040441,32927.74331341912,33707.098184742645,30528080
2025-08-01,33220.0,33804.51612903226,33171.290322580644,33268.70967741936,22932930
2025-08-04,34437.7421875,34437.7421875,33122.58088755304,33220.00024310467,27044200
2025-08-05,36045.1640625,36824.51896114865,34876.13171452703,34876.13171452703,98321320
2025-08-06,37214.1953125,37993.550188154455,36240.00171793194,37019.35659358639,33350510
2025-08-07,37409.03125,37896.12801106771,36824.51513671875,37506.45060221354,33427900
2025-08-08,36873.2265625,37750.00077402576,36434.83945673712,37750.00077402576,30873500
2025-08-11,36775.80859375,37457.74411734272,36629.67955298013,36970.64731477649,24708610
2025-08-12,36727.09765625,37019.35572778514,36240.00087035809,36824.51701342838,22670840
2025-08-13,36532.2578125,37019.35458333333,35947.741687500005,36824.515875000005,33435430
2025-08-14,37409.03125,38188.386067708336,36775.80546061198,36775.80546061198,42042550
2025-08-15,36629.6796875,37944.84105925864,36629.6796875,37896.13137882314,33928530
2025-08-18,36970.64453125,37652.58000349967,36678.38647171442,37214.19291419631,25584420
2025-08-19,38188.38671875,38431.93510343591,37116.77382613202,37262.90285694356,47546950
2025-08-20,39454.83984375,39844.51727430556,37896.13012152778,39406.13016493056,58894700
2025-08-21,40477.7421875,41403.22606422984,39941.935732551145,40234.19379888688,49900640
2025-08-22,37993.55078125,40039.35736177885,37652.583017828525,39454.84119591346,62677460
2025-08-25,36580.96875,38626.77525798935,36337.42035619175,38529.35590046604,41080510
2025-08-26,38334.515625,38383.2253017789,35996.45113961245,37019.3543519695,36945660
2025-08-27,37944.83984375,39649.67860438061,37896.13016487484,38480.64631137677,25186190
2025-08-28,38578.06640625,38578.06640625,37798.711529356064,38578.06640625,18845860
2025-08-29,38578.06640625,39211.292243726326,38578.06640625,39065.16320430872,27753820
2025-09-03,38578.06640625,39065.16320430872,38431.93736683239,39016.453524502846,13849060
2025-09-04,38578.06640625,38919.0341648911,38383.22768702652,38578.06640625,17785140
2025-09-05,38480.64453125,39893.22515328322,38480.64453125,38919.03162084652,35589010
2025-09-08,37019.35546875,38578.06517269737,37019.35546875,38480.64581620066,33033890
2025-09-09,37506.453125,37652.58216314935,36873.22729301948,37555.16280438312,28212210
2025-09-10,37993.55078125,38772.90566907051,37603.87333733975,38237.09918369392,30378840
2025-09-11,37701.29296875,37993.55105377907,36727.09935198644,37896.13169210271,22594090
2025-09-12,37603.87109375,38090.967869575776,37506.451738584845,38042.2581919932,24807120
2025-09-15,37993.55078125,37993.55078125,37555.16365685096,37555.16365685096,19235340
2025-09-16,38334.515625,39065.16077668361,38237.09627144218,38626.77368567344,46913510
2025-09-17,37701.29296875,38431.93818132267,37506.45424539728,38334.51881964631,16526690
2025-09-18,37798.7109375,37798.7109375,37214.19478898196,37701.29157941366,13728960
2025-09-19,37409.03125,37798.70865885416,37116.773193359375,37798.70865885416,11775850
2025-09-22,36532.2578125,37409.032,36337.41910416667,37311.61264583334,26046700
2025-09-23,36532.2578125,37019.35458333333,36532.2578125,36580.96748958334,10324320
2025-09-24,37798.7109375,37798.7109375,36191.29152907539,36532.25928237758,19686030
2025-09-25,37896.12890625,37944.838583507386,37555.16116544826,37798.70955173521,13478510
2025-09-26,37701.29296875,37944.84137294089,37409.03488372093,37896.13169210271,12304850
2025-09-29,37750.0,37798.70967741936,37409.03225806452,37603.87096774194,13483200
2025-09-30,37850.0,38050.0,37500.0,38050.0,12789270
2025-10-01,38550.0,38600.0,37800.0,37850.0,13393520
2025-10-02,38850.0,39200.0,38400.0,38850.0,18874150
2025-10-03,38350.0,38650.0,38050.0,38550.0,11278750
2025-10-06,39400.0,39400.0,38500.0,38950.0,25132420
2025-10-07,39000.0,40000.0,38950.0,40000.0,13260090
2025-10-08,38600.0,39400.0,38450.0,39250.0,20783750
2025-10-09,38950.0,39100.0,38550.0,38600.0,19877780
2025-10-10,39350.0,39900.0,39000.0,39100.0,27332760
2025-10-13,41300.0,41500.0,39250.0,39300.0,49239080
2025-10-14,40800.0,42000.0,40550.0,41750.0,27813530
2025-10-15,40800.0,41350.0,40550.0,41000.0,15471520
2025-10-16,41250.0,41250.0,40800.0,41200.0,22008520
2025-10-17,40650.0,41650.0,40450.0,41650.0,19542260
2025-10-20,37850.0,40650.0,37850.0,40650.0,38371230
2025-10-21,37650.0,38450.0,36500.0,38100.0,29006370
2025-10-22,38000.0,38150.0,36400.0,38100.0,23896270
2025-10-23,37250.0,38050.0,36800.0,38050.0,15631170
2025-10-24,36100.0,37000.0,36050.0,37000.0,23732790
2025-10-27,35050.0,36500.0,35050.0,36300.0,16807140
2025-10-28,36000.0,36400.0,34000.0,35050.0,29343480
2025-10-29,36400.0,36900.0,35650.0,35900.0,13774450
2025-10-30,35700.0,36600.0,35600.0,36500.0,10679850
2025-10-31,35100.0,36200.0,35100.0,35700.0,12815550
2025-11-03,33600.0,35500.0,33600.0,35100.0,22413750
2025-11-04,35000.0,35200.0,33450.0,33600.0,20671720
2025-11-05,34100.0,34900.0,34050.0,34900.0,12670960
2025-11-06,33600.0,34500.0,33500.0,34150.0,14276120
2025-11-07,33000.0,33950.0,33000.0,33600.0,16139420
2025-11-10,33400.0,33600.0,32950.0,33300.0,13019590
2025-11-11,33650.0,34000.0,33350.0,33450.0,11457130
2025-11-12,35000.0,35000.0,33600.0,33700.0,13033510
2025-11-13,35100.0,35500.0,34600.0,34650.0,12761540
2025-11-14,35100.0,35350.0,34700.0,34800.0,5608854
2025-11-17,35150.0,35250.0,34700.0,35100.0,11178130
2025-11-18,35350.0,35350.0,34950.0,35200.0,12856850
2025-11-19,34800.0,35400.0,34750.0,35400.0,12271150
2025-11-20,34600.0,35000.0,34600.0,34850.0,10002020
2025-11-21,34250.0,34500.0,33500.0,34500.0,8928300
2025-11-24,33950.0,34400.0,33900.0,34300.0,10286490
2025-11-25,33450.0,34000.0,33450.0,34000.0,15944170
2025-11-26,33850.0,33900.0,33500.0,33600.0,13075090
2025-11-27,33750.0,34200.0,33700.0,33950.0,11219610
2025-11-28,33750.0,33900.0,33300.0,33750.0,24418750
2025-12-01,33200.0,33700.0,33200.0,33700.0,9725920
2025-12-02,34200.0,34300.0,33150.0,33200.0,16653270
2025-12-03,34900.0,35000.0,34250.0,34250.0,19102270
2025-12-04,35400.0,35500.0,34800.0,35000.0,12849140
2025-12-05,34700.0,35500.0,34700.0,35500.0,7464816
2025-12-08,34200.0,34800.0,34150.0,34650.0,8314625
2025-12-09,33800.0,34200.0,33500.0,34200.0,16619630
2025-12-10,33700.0,34150.0,33700.0,33750.0,7816706
2025-12-11,33400.0,34000.0,33400.0,33750.0,11398880
2025-12-12,32000.0,33600.0,32000.0,33450.0,22325810
2025-12-15,32000.0,32300.0,31500.0,32000.0,31912100
2025-12-16,33000.0,33100.0,30500.0,32000.0,14582600
2025-12-17,32600.0,33150.0,32550.0,33000.0,9312295
2025-12-18,33000.0,33100.0,32500.0,32800.0,9652940
2025-12-19,33600.0,33650.0,33100.0,33200.0,10144140
