{
    "LSTM": {
        "rmse": 1522.2375800117404,
        "mae": 967.9635009765625,
        "r2": 0.7343971729278564
    }
}