{
    "LSTM": {
        "rmse": 687.9764712546498,
        "mae": 455.90264892578125,
        "r2": 0.9137730002403259
    }
}